method,attack,seed,round,client,is_attacker,norm
fedavg,False,0,1,rsna_c,False,27.61140251159668
fedavg,False,0,1,rsna_b,False,29.80800437927246
fedavg,False,0,1,kerm_b,False,28.477083206176758
fedavg,False,0,1,rsna_a,False,29.020931243896484
fedavg,False,0,2,kerm_a,False,25.9764461517334
fedavg,False,0,2,rsna_b,False,36.03101348876953
fedavg,False,0,2,rsna_a,False,41.22233200073242
fedavg,False,0,2,rsna_c,False,32.9760856628418
fedavg,False,0,3,rsna_a,False,41.090782165527344
fedavg,False,0,3,kerm_b,False,39.962589263916016
fedavg,False,0,3,rsna_c,False,38.38793182373047
fedavg,False,0,3,rsna_b,False,44.12520217895508
fedavg,False,0,4,kerm_a,False,54.184112548828125
fedavg,False,0,4,kerm_b,False,42.867000579833984
fedavg,False,0,4,rsna_a,False,55.572593688964844
fedavg,False,0,4,rsna_c,False,41.676692962646484
fedavg,False,0,5,rsna_a,False,46.0478401184082
fedavg,False,0,5,kerm_a,False,41.21616744995117
fedavg,False,0,5,rsna_b,False,47.470157623291016
fedavg,False,0,5,kerm_b,False,37.44906997680664
fedavg,False,0,6,rsna_b,False,51.66684341430664
fedavg,False,0,6,kerm_b,False,60.16851806640625
fedavg,False,0,6,rsna_a,False,60.59617233276367
fedavg,False,0,6,kerm_a,False,79.8372802734375
fedavg,False,0,7,rsna_c,False,41.27606964111328
fedavg,False,0,7,kerm_a,False,42.843711853027344
fedavg,False,0,7,rsna_a,False,42.325111389160156
fedavg,False,0,7,rsna_b,False,47.54997253417969
fedavg,False,0,8,kerm_b,False,48.14369201660156
fedavg,False,0,8,rsna_a,False,47.29591751098633
fedavg,False,0,8,rsna_b,False,49.79234313964844
fedavg,False,0,8,rsna_c,False,62.87565612792969
fedavg,False,0,9,kerm_a,False,70.29029083251953
fedavg,False,0,9,rsna_a,False,53.34852600097656
fedavg,False,0,9,rsna_b,False,45.44691848754883
fedavg,False,0,9,rsna_c,False,40.99901580810547
fedavg,False,0,10,kerm_a,False,66.87091827392578
fedavg,False,0,10,rsna_a,False,52.227622985839844
fedavg,False,0,10,rsna_c,False,45.68265914916992
fedavg,False,0,10,rsna_b,False,40.37052536010742
fedavg,False,0,11,rsna_a,False,48.69873809814453
fedavg,False,0,11,kerm_a,False,73.94515991210938
fedavg,False,0,11,rsna_c,False,41.90254592895508
fedavg,False,0,11,kerm_b,False,58.967193603515625
fedavg,False,0,12,rsna_a,False,45.996803283691406
fedavg,False,0,12,rsna_c,False,42.69062805175781
fedavg,False,0,12,kerm_b,False,82.15640258789062
fedavg,False,0,12,rsna_b,False,46.79787063598633
fedavg,False,0,13,rsna_b,False,45.72896194458008
fedavg,False,0,13,kerm_b,False,52.590171813964844
fedavg,False,0,13,rsna_a,False,51.255123138427734
fedavg,False,0,13,rsna_c,False,42.43708038330078
fedavg,False,0,14,kerm_a,False,67.87777709960938
fedavg,False,0,14,rsna_c,False,44.307674407958984
fedavg,False,0,14,kerm_b,False,61.4168701171875
fedavg,False,0,14,rsna_b,False,54.12773895263672
fedavg,False,0,15,kerm_b,False,47.47319793701172
fedavg,False,0,15,rsna_b,False,54.499969482421875
fedavg,False,0,15,kerm_a,False,72.50189208984375
fedavg,False,0,15,rsna_a,False,66.77454376220703
fedavg,False,0,16,rsna_b,False,38.403987884521484
fedavg,False,0,16,kerm_b,False,105.42758178710938
fedavg,False,0,16,rsna_c,False,58.9675407409668
fedavg,False,0,16,kerm_a,False,76.15624237060547
fedavg,False,0,17,rsna_c,False,47.90827178955078
fedavg,False,0,17,rsna_a,False,60.020721435546875
fedavg,False,0,17,kerm_b,False,50.132049560546875
fedavg,False,0,17,rsna_b,False,47.426048278808594
fedavg,False,0,18,kerm_b,False,59.72789001464844
fedavg,False,0,18,rsna_c,False,45.976016998291016
fedavg,False,0,18,rsna_b,False,45.42163848876953
fedavg,False,0,18,kerm_a,False,79.93346405029297
fedavg,False,0,19,kerm_b,False,51.14986801147461
fedavg,False,0,19,rsna_a,False,77.4842300415039
fedavg,False,0,19,rsna_b,False,40.16270446777344
fedavg,False,0,19,rsna_c,False,40.877140045166016
fedavg,False,0,20,rsna_b,False,55.07985305786133
fedavg,False,0,20,kerm_a,False,83.56654357910156
fedavg,False,0,20,rsna_c,False,41.100746154785156
fedavg,False,0,20,rsna_a,False,63.83150863647461
fedavg,False,0,21,rsna_b,False,63.07529067993164
fedavg,False,0,21,kerm_b,False,88.46881866455078
fedavg,False,0,21,rsna_c,False,56.375709533691406
fedavg,False,0,21,rsna_a,False,54.47559356689453
fedavg,False,0,22,kerm_b,False,55.631797790527344
fedavg,False,0,22,rsna_c,False,49.19050598144531
fedavg,False,0,22,rsna_b,False,68.74751281738281
fedavg,False,0,22,kerm_a,False,96.33101654052734
fedavg,False,0,23,rsna_c,False,53.39366912841797
fedavg,False,0,23,rsna_b,False,39.812496185302734
fedavg,False,0,23,rsna_a,False,106.52025604248047
fedavg,False,0,23,kerm_a,False,44.58873748779297
fedavg,False,0,24,rsna_c,False,62.22702407836914
fedavg,False,0,24,rsna_a,False,58.11138153076172
fedavg,False,0,24,kerm_b,False,83.21351623535156
fedavg,False,0,24,rsna_b,False,36.37924575805664
fedavg,False,0,25,kerm_a,False,123.65389251708984
fedavg,False,0,25,kerm_b,False,72.9502182006836
fedavg,False,0,25,rsna_c,False,45.72876739501953
fedavg,False,0,25,rsna_b,False,51.53903579711914
fedavg,False,0,26,kerm_b,False,63.290061950683594
fedavg,False,0,26,kerm_a,False,86.98582458496094
fedavg,False,0,26,rsna_c,False,52.34809494018555
fedavg,False,0,26,rsna_b,False,45.69575881958008
fedavg,False,0,27,rsna_a,False,78.4135513305664
fedavg,False,0,27,kerm_a,False,69.00691223144531
fedavg,False,0,27,rsna_b,False,41.660850524902344
fedavg,False,0,27,kerm_b,False,56.23152542114258
fedavg,False,0,28,rsna_c,False,56.31767272949219
fedavg,False,0,28,rsna_b,False,52.70449447631836
fedavg,False,0,28,rsna_a,False,75.49263000488281
fedavg,False,0,28,kerm_b,False,95.67747497558594
fedavg,False,0,29,kerm_b,False,65.6006851196289
fedavg,False,0,29,rsna_c,False,68.14668273925781
fedavg,False,0,29,rsna_a,False,62.65096664428711
fedavg,False,0,29,kerm_a,False,65.41979217529297
fedavg,False,0,30,rsna_a,False,76.8354721069336
fedavg,False,0,30,kerm_a,False,145.34561157226562
fedavg,False,0,30,rsna_b,False,65.96908569335938
fedavg,False,0,30,rsna_c,False,40.93838119506836
fedavg,False,1,1,rsna_b,False,28.571205139160156
fedavg,False,1,1,kerm_b,False,31.45578956604004
fedavg,False,1,1,rsna_c,False,28.96221923828125
fedavg,False,1,1,kerm_a,False,28.225847244262695
fedavg,False,1,2,rsna_b,False,34.1173095703125
fedavg,False,1,2,rsna_c,False,36.11632537841797
fedavg,False,1,2,kerm_b,False,43.560184478759766
fedavg,False,1,2,kerm_a,False,26.98871421813965
fedavg,False,1,3,rsna_a,False,41.70126724243164
fedavg,False,1,3,kerm_b,False,68.9222183227539
fedavg,False,1,3,rsna_c,False,36.65972137451172
fedavg,False,1,3,kerm_a,False,30.87626075744629
fedavg,False,1,4,kerm_b,False,100.38740539550781
fedavg,False,1,4,rsna_b,False,39.0074348449707
fedavg,False,1,4,rsna_c,False,35.123592376708984
fedavg,False,1,4,rsna_a,False,47.90464782714844
fedavg,False,1,5,rsna_a,False,64.77223205566406
fedavg,False,1,5,rsna_b,False,52.33644104003906
fedavg,False,1,5,kerm_a,False,47.17243576049805
fedavg,False,1,5,rsna_c,False,45.27388000488281
fedavg,False,1,6,rsna_b,False,42.8061637878418
fedavg,False,1,6,rsna_c,False,37.36250305175781
fedavg,False,1,6,kerm_a,False,43.10602951049805
fedavg,False,1,6,rsna_a,False,55.85520553588867
fedavg,False,1,7,rsna_c,False,41.04705047607422
fedavg,False,1,7,rsna_a,False,54.422603607177734
fedavg,False,1,7,kerm_b,False,50.62238311767578
fedavg,False,1,7,kerm_a,False,46.261199951171875
fedavg,False,1,8,kerm_a,False,56.06181335449219
fedavg,False,1,8,kerm_b,False,45.632659912109375
fedavg,False,1,8,rsna_c,False,41.874114990234375
fedavg,False,1,8,rsna_a,False,52.54801559448242
fedavg,False,1,9,rsna_b,False,71.8980712890625
fedavg,False,1,9,kerm_b,False,53.035072326660156
fedavg,False,1,9,rsna_c,False,40.128684997558594
fedavg,False,1,9,kerm_a,False,46.88815689086914
fedavg,False,1,10,kerm_a,False,43.26187515258789
fedavg,False,1,10,rsna_a,False,63.52190399169922
fedavg,False,1,10,kerm_b,False,61.08632278442383
fedavg,False,1,10,rsna_c,False,42.0952033996582
fedavg,False,1,11,kerm_b,False,49.040626525878906
fedavg,False,1,11,kerm_a,False,45.296852111816406
fedavg,False,1,11,rsna_a,False,49.77680206298828
fedavg,False,1,11,rsna_b,False,76.69078826904297
fedavg,False,1,12,kerm_a,False,46.4783821105957
fedavg,False,1,12,kerm_b,False,49.942501068115234
fedavg,False,1,12,rsna_a,False,55.21269989013672
fedavg,False,1,12,rsna_b,False,60.61479187011719
fedavg,False,1,13,kerm_a,False,43.71083450317383
fedavg,False,1,13,rsna_c,False,43.132965087890625
fedavg,False,1,13,rsna_b,False,72.53731536865234
fedavg,False,1,13,kerm_b,False,55.79547119140625
fedavg,False,1,14,rsna_a,False,60.14717483520508
fedavg,False,1,14,rsna_b,False,49.30636215209961
fedavg,False,1,14,kerm_b,False,82.70942687988281
fedavg,False,1,14,rsna_c,False,51.99177169799805
fedavg,False,1,15,kerm_b,False,55.35173034667969
fedavg,False,1,15,rsna_a,False,82.83059692382812
fedavg,False,1,15,kerm_a,False,55.104339599609375
fedavg,False,1,15,rsna_b,False,58.61909103393555
fedavg,False,1,16,rsna_b,False,41.46773147583008
fedavg,False,1,16,rsna_c,False,46.094970703125
fedavg,False,1,16,kerm_b,False,68.1121826171875
fedavg,False,1,16,kerm_a,False,43.69169235229492
fedavg,False,1,17,rsna_a,False,88.66433715820312
fedavg,False,1,17,kerm_a,False,37.790401458740234
fedavg,False,1,17,rsna_b,False,44.36381912231445
fedavg,False,1,17,rsna_c,False,39.5386962890625
fedavg,False,1,18,rsna_c,False,57.1929817199707
fedavg,False,1,18,kerm_b,False,64.31211853027344
fedavg,False,1,18,rsna_b,False,56.70751190185547
fedavg,False,1,18,kerm_a,False,49.089725494384766
fedavg,False,1,19,rsna_a,False,86.49098205566406
fedavg,False,1,19,kerm_b,False,62.445987701416016
fedavg,False,1,19,kerm_a,False,42.599815368652344
fedavg,False,1,19,rsna_c,False,31.681245803833008
fedavg,False,1,20,kerm_a,False,47.554039001464844
fedavg,False,1,20,rsna_a,False,87.93446350097656
fedavg,False,1,20,rsna_b,False,44.69895935058594
fedavg,False,1,20,rsna_c,False,75.24546813964844
fedavg,False,1,21,kerm_b,False,67.08135223388672
fedavg,False,1,21,rsna_a,False,60.13269805908203
fedavg,False,1,21,rsna_b,False,36.970909118652344
fedavg,False,1,21,kerm_a,False,47.624942779541016
fedavg,False,1,22,rsna_c,False,68.84061431884766
fedavg,False,1,22,rsna_a,False,82.33595275878906
fedavg,False,1,22,kerm_b,False,90.91434478759766
fedavg,False,1,22,kerm_a,False,52.0705451965332
fedavg,False,1,23,rsna_c,False,53.42538070678711
fedavg,False,1,23,kerm_a,False,51.066612243652344
fedavg,False,1,23,rsna_b,False,52.156490325927734
fedavg,False,1,23,rsna_a,False,63.408851623535156
fedavg,False,1,24,kerm_a,False,43.69749450683594
fedavg,False,1,24,kerm_b,False,58.11031723022461
fedavg,False,1,24,rsna_b,False,46.098388671875
fedavg,False,1,24,rsna_c,False,47.41251754760742
fedavg,False,1,25,rsna_a,False,97.10466766357422
fedavg,False,1,25,kerm_b,False,55.45234680175781
fedavg,False,1,25,rsna_b,False,52.200164794921875
fedavg,False,1,25,kerm_a,False,53.9355583190918
fedavg,False,1,26,kerm_b,False,97.28157806396484
fedavg,False,1,26,rsna_b,False,38.24477767944336
fedavg,False,1,26,kerm_a,False,53.31328582763672
fedavg,False,1,26,rsna_a,False,53.785064697265625
fedavg,False,1,27,rsna_c,False,53.787906646728516
fedavg,False,1,27,kerm_a,False,42.8609619140625
fedavg,False,1,27,kerm_b,False,72.43962097167969
fedavg,False,1,27,rsna_a,False,98.01738739013672
fedavg,False,1,28,rsna_c,False,50.95500946044922
fedavg,False,1,28,rsna_b,False,53.038902282714844
fedavg,False,1,28,kerm_b,False,53.449310302734375
fedavg,False,1,28,kerm_a,False,67.18922424316406
fedavg,False,1,29,rsna_b,False,55.876495361328125
fedavg,False,1,29,kerm_b,False,49.32633972167969
fedavg,False,1,29,rsna_a,False,96.66859436035156
fedavg,False,1,29,kerm_a,False,36.498531341552734
fedavg,False,1,30,kerm_b,False,92.21900939941406
fedavg,False,1,30,rsna_a,False,73.76417541503906
fedavg,False,1,30,kerm_a,False,74.71192169189453
fedavg,False,1,30,rsna_b,False,38.98223876953125
fedavg,False,2,1,rsna_c,False,28.176942825317383
fedavg,False,2,1,kerm_b,False,28.746028900146484
fedavg,False,2,1,rsna_b,False,29.36931610107422
fedavg,False,2,1,kerm_a,False,29.68362045288086
fedavg,False,2,2,kerm_b,False,36.78963851928711
fedavg,False,2,2,kerm_a,False,24.173429489135742
fedavg,False,2,2,rsna_c,False,27.937664031982422
fedavg,False,2,2,rsna_a,False,41.291725158691406
fedavg,False,2,3,rsna_a,False,38.42625045776367
fedavg,False,2,3,rsna_c,False,35.598445892333984
fedavg,False,2,3,kerm_a,False,33.34377670288086
fedavg,False,2,3,kerm_b,False,46.589805603027344
fedavg,False,2,4,kerm_b,False,42.56535720825195
fedavg,False,2,4,rsna_c,False,38.189208984375
fedavg,False,2,4,rsna_b,False,49.80886459350586
fedavg,False,2,4,kerm_a,False,35.84714126586914
fedavg,False,2,5,kerm_b,False,39.865333557128906
fedavg,False,2,5,rsna_a,False,46.212520599365234
fedavg,False,2,5,kerm_a,False,33.49631118774414
fedavg,False,2,5,rsna_b,False,55.4693489074707
fedavg,False,2,6,rsna_a,False,49.39956283569336
fedavg,False,2,6,rsna_b,False,42.616695404052734
fedavg,False,2,6,kerm_a,False,42.46459197998047
fedavg,False,2,6,kerm_b,False,67.916748046875
fedavg,False,2,7,kerm_b,False,51.93376922607422
fedavg,False,2,7,rsna_a,False,49.994178771972656
fedavg,False,2,7,rsna_b,False,47.5524787902832
fedavg,False,2,7,rsna_c,False,38.03657150268555
fedavg,False,2,8,kerm_a,False,48.71410369873047
fedavg,False,2,8,rsna_b,False,47.14555358886719
fedavg,False,2,8,kerm_b,False,49.43668746948242
fedavg,False,2,8,rsna_a,False,42.29861068725586
fedavg,False,2,9,kerm_a,False,36.61247253417969
fedavg,False,2,9,rsna_b,False,42.11138153076172
fedavg,False,2,9,kerm_b,False,52.926666259765625
fedavg,False,2,9,rsna_c,False,42.412776947021484
fedavg,False,2,10,kerm_b,False,44.326324462890625
fedavg,False,2,10,rsna_b,False,53.50674819946289
fedavg,False,2,10,rsna_a,False,65.46133422851562
fedavg,False,2,10,rsna_c,False,38.905479431152344
fedavg,False,2,11,rsna_a,False,48.16130828857422
fedavg,False,2,11,kerm_a,False,60.87398910522461
fedavg,False,2,11,kerm_b,False,52.525421142578125
fedavg,False,2,11,rsna_c,False,35.74892807006836
fedavg,False,2,12,kerm_b,False,43.342803955078125
fedavg,False,2,12,rsna_b,False,74.40013122558594
fedavg,False,2,12,kerm_a,False,54.385990142822266
fedavg,False,2,12,rsna_a,False,52.2173957824707
fedavg,False,2,13,rsna_c,False,41.74153518676758
fedavg,False,2,13,rsna_a,False,48.057926177978516
fedavg,False,2,13,kerm_b,False,51.352291107177734
fedavg,False,2,13,kerm_a,False,47.939517974853516
fedavg,False,2,14,rsna_a,False,46.00202560424805
fedavg,False,2,14,rsna_b,False,44.520023345947266
fedavg,False,2,14,rsna_c,False,44.1194953918457
fedavg,False,2,14,kerm_a,False,53.4620475769043
fedavg,False,2,15,rsna_b,False,42.037200927734375
fedavg,False,2,15,kerm_b,False,73.5602798461914
fedavg,False,2,15,kerm_a,False,51.53192138671875
fedavg,False,2,15,rsna_a,False,51.88328170776367
fedavg,False,2,16,kerm_b,False,64.41281127929688
fedavg,False,2,16,rsna_a,False,45.59779357910156
fedavg,False,2,16,rsna_b,False,37.602622985839844
fedavg,False,2,16,kerm_a,False,49.2585334777832
fedavg,False,2,17,kerm_a,False,43.653133392333984
fedavg,False,2,17,kerm_b,False,48.95257568359375
fedavg,False,2,17,rsna_a,False,48.100372314453125
fedavg,False,2,17,rsna_b,False,45.19926071166992
fedavg,False,2,18,rsna_c,False,42.96383285522461
fedavg,False,2,18,rsna_a,False,48.51228332519531
fedavg,False,2,18,rsna_b,False,42.991432189941406
fedavg,False,2,18,kerm_a,False,52.78155517578125
fedavg,False,2,19,rsna_a,False,45.26538848876953
fedavg,False,2,19,kerm_a,False,51.15199661254883
fedavg,False,2,19,rsna_b,False,33.2241325378418
fedavg,False,2,19,rsna_c,False,47.135005950927734
fedavg,False,2,20,kerm_a,False,52.15453338623047
fedavg,False,2,20,kerm_b,False,72.64090728759766
fedavg,False,2,20,rsna_c,False,41.829219818115234
fedavg,False,2,20,rsna_a,False,61.17533874511719
fedavg,False,2,21,rsna_a,False,60.24479293823242
fedavg,False,2,21,kerm_b,False,69.6049575805664
fedavg,False,2,21,rsna_b,False,60.6828727722168
fedavg,False,2,21,rsna_c,False,42.60869216918945
fedavg,False,2,22,kerm_b,False,86.63590240478516
fedavg,False,2,22,kerm_a,False,64.2855224609375
fedavg,False,2,22,rsna_a,False,65.55024719238281
fedavg,False,2,22,rsna_b,False,35.59953689575195
fedavg,False,2,23,rsna_b,False,35.19794464111328
fedavg,False,2,23,kerm_b,False,71.78062438964844
fedavg,False,2,23,kerm_a,False,55.29216766357422
fedavg,False,2,23,rsna_c,False,49.67491912841797
fedavg,False,2,24,kerm_b,False,50.40868377685547
fedavg,False,2,24,rsna_a,False,70.01741790771484
fedavg,False,2,24,kerm_a,False,54.4625358581543
fedavg,False,2,24,rsna_c,False,32.37250900268555
fedavg,False,2,25,rsna_b,False,81.41912078857422
fedavg,False,2,25,kerm_b,False,55.541969299316406
fedavg,False,2,25,kerm_a,False,56.43962097167969
fedavg,False,2,25,rsna_a,False,63.81452560424805
fedavg,False,2,26,rsna_c,False,57.711910247802734
fedavg,False,2,26,kerm_a,False,42.949012756347656
fedavg,False,2,26,rsna_a,False,66.57136535644531
fedavg,False,2,26,kerm_b,False,79.72024536132812
fedavg,False,2,27,rsna_b,False,48.56154251098633
fedavg,False,2,27,kerm_b,False,73.91826629638672
fedavg,False,2,27,rsna_c,False,53.68525695800781
fedavg,False,2,27,kerm_a,False,51.85942077636719
fedavg,False,2,28,rsna_b,False,70.38102722167969
fedavg,False,2,28,kerm_a,False,48.807552337646484
fedavg,False,2,28,rsna_a,False,75.57284545898438
fedavg,False,2,28,kerm_b,False,52.634010314941406
fedavg,False,2,29,kerm_b,False,84.82892608642578
fedavg,False,2,29,rsna_b,False,56.18430709838867
fedavg,False,2,29,kerm_a,False,44.498863220214844
fedavg,False,2,29,rsna_c,False,56.04988098144531
fedavg,False,2,30,kerm_a,False,61.62233352661133
fedavg,False,2,30,rsna_c,False,36.90336990356445
fedavg,False,2,30,rsna_b,False,63.036502838134766
fedavg,False,2,30,rsna_a,False,83.8031997680664
fedavg,True,0,1,rsna_c,False,27.61140251159668
fedavg,True,0,1,rsna_b,False,29.80800437927246
fedavg,True,0,1,kerm_b,False,28.477083206176758
fedavg,True,0,1,rsna_a,False,29.020931243896484
fedavg,True,0,2,kerm_a,False,25.9764461517334
fedavg,True,0,2,rsna_b,False,36.03101348876953
fedavg,True,0,2,rsna_a,False,41.22233200073242
fedavg,True,0,2,rsna_c,False,32.9760856628418
fedavg,True,0,3,rsna_a,False,41.090782165527344
fedavg,True,0,3,kerm_b,False,39.962589263916016
fedavg,True,0,3,rsna_c,False,38.38793182373047
fedavg,True,0,3,rsna_b,False,44.12520217895508
fedavg,True,0,4,kerm_a,False,54.184112548828125
fedavg,True,0,4,kerm_b,False,42.867000579833984
fedavg,True,0,4,rsna_a,False,55.572593688964844
fedavg,True,0,4,rsna_c,False,41.676692962646484
fedavg,True,0,5,rsna_a,False,46.0478401184082
fedavg,True,0,5,kerm_a,False,41.21616744995117
fedavg,True,0,5,rsna_b,False,47.470157623291016
fedavg,True,0,5,kerm_b,False,37.44906997680664
fedavg,True,0,6,rsna_b,False,51.66684341430664
fedavg,True,0,6,kerm_b,False,60.16851806640625
fedavg,True,0,6,rsna_a,False,60.59617233276367
fedavg,True,0,6,kerm_a,False,79.8372802734375
fedavg,True,0,7,rsna_c,False,41.27606964111328
fedavg,True,0,7,kerm_a,False,42.843711853027344
fedavg,True,0,7,rsna_a,False,42.325111389160156
fedavg,True,0,7,rsna_b,False,47.54997253417969
fedavg,True,0,8,kerm_b,False,48.14369201660156
fedavg,True,0,8,rsna_a,False,47.29591751098633
fedavg,True,0,8,rsna_b,False,49.79234313964844
fedavg,True,0,8,rsna_c,False,62.87565612792969
fedavg,True,0,9,kerm_a,False,70.29029083251953
fedavg,True,0,9,rsna_a,False,53.34852600097656
fedavg,True,0,9,rsna_b,False,45.44691848754883
fedavg,True,0,9,rsna_c,False,40.99901580810547
fedavg,True,0,10,kerm_a,False,66.87091827392578
fedavg,True,0,10,rsna_a,False,52.227622985839844
fedavg,True,0,10,rsna_c,False,45.68265914916992
fedavg,True,0,10,rsna_b,False,40.37052536010742
fedavg,True,0,11,rsna_a,False,48.69873809814453
fedavg,True,0,11,kerm_a,False,73.94515991210938
fedavg,True,0,11,rsna_c,False,41.90254592895508
fedavg,True,0,11,kerm_b,False,58.967193603515625
fedavg,True,0,12,rsna_a,False,45.996803283691406
fedavg,True,0,12,rsna_c,False,42.69062805175781
fedavg,True,0,12,kerm_b,False,82.15640258789062
fedavg,True,0,12,rsna_b,False,46.79787063598633
fedavg,True,0,13,rsna_b,False,45.72896194458008
fedavg,True,0,13,kerm_b,False,52.590171813964844
fedavg,True,0,13,rsna_a,False,51.255123138427734
fedavg,True,0,13,rsna_c,False,42.43708038330078
fedavg,True,0,14,kerm_a,False,67.87777709960938
fedavg,True,0,14,rsna_c,False,44.307674407958984
fedavg,True,0,14,kerm_b,False,61.4168701171875
fedavg,True,0,14,rsna_b,False,54.12773895263672
fedavg,True,0,15,rsna_c,True,115.68266296386719
fedavg,True,0,15,rsna_a,False,69.72750091552734
fedavg,True,0,15,kerm_a,False,72.50189208984375
fedavg,True,0,15,kerm_b,False,83.70421600341797
fedavg,True,0,16,rsna_c,True,84.40857696533203
fedavg,True,0,16,rsna_a,False,68.02323913574219
fedavg,True,0,16,rsna_b,False,40.22195816040039
fedavg,True,0,16,kerm_a,False,89.80107879638672
fedavg,True,0,17,rsna_c,True,71.30506896972656
fedavg,True,0,17,rsna_b,False,38.260009765625
fedavg,True,0,17,rsna_a,False,52.26357650756836
fedavg,True,0,17,kerm_b,False,67.0544662475586
fedavg,True,0,18,rsna_c,True,53.29644775390625
fedavg,True,0,18,rsna_a,False,95.01406860351562
fedavg,True,0,18,kerm_a,False,90.66919708251953
fedavg,True,0,18,rsna_b,False,50.20835876464844
fedavg,True,0,19,rsna_c,True,92.32659149169922
fedavg,True,0,19,kerm_b,False,116.57999420166016
fedavg,True,0,19,rsna_a,False,54.54302215576172
fedavg,True,0,19,kerm_a,False,95.67240905761719
fedavg,True,0,20,rsna_c,True,76.4477767944336
fedavg,True,0,20,kerm_a,False,96.28978729248047
fedavg,True,0,20,rsna_b,False,44.915985107421875
fedavg,True,0,20,rsna_a,False,72.71633911132812
fedavg,True,0,21,rsna_c,True,96.39105987548828
fedavg,True,0,21,kerm_b,False,72.20753479003906
fedavg,True,0,21,kerm_a,False,101.77104187011719
fedavg,True,0,21,rsna_b,False,38.43288803100586
fedavg,True,0,22,rsna_c,True,80.57080078125
fedavg,True,0,22,rsna_a,False,87.62068176269531
fedavg,True,0,22,rsna_b,False,56.07373809814453
fedavg,True,0,22,kerm_a,False,115.24088287353516
fedavg,True,0,23,rsna_c,True,97.81165313720703
fedavg,True,0,23,kerm_b,False,86.49610137939453
fedavg,True,0,23,rsna_a,False,60.52572250366211
fedavg,True,0,23,kerm_a,False,61.5177001953125
fedavg,True,0,24,rsna_c,True,84.47904968261719
fedavg,True,0,24,kerm_b,False,61.15079116821289
fedavg,True,0,24,rsna_b,False,58.77340316772461
fedavg,True,0,24,rsna_a,False,65.26779174804688
fedavg,True,0,25,rsna_c,True,67.02142333984375
fedavg,True,0,25,kerm_a,False,136.65115356445312
fedavg,True,0,25,rsna_b,False,48.24758529663086
fedavg,True,0,25,kerm_b,False,73.97671508789062
fedavg,True,0,26,rsna_c,True,95.93150329589844
fedavg,True,0,26,kerm_b,False,57.74279022216797
fedavg,True,0,26,rsna_b,False,37.776920318603516
fedavg,True,0,26,rsna_a,False,93.3488998413086
fedavg,True,0,27,rsna_c,True,64.77842712402344
fedavg,True,0,27,kerm_b,False,66.83479309082031
fedavg,True,0,27,kerm_a,False,106.88809967041016
fedavg,True,0,27,rsna_b,False,44.778621673583984
fedavg,True,0,28,rsna_c,True,88.69829559326172
fedavg,True,0,28,rsna_a,False,86.88286590576172
fedavg,True,0,28,kerm_b,False,67.2258071899414
fedavg,True,0,28,kerm_a,False,108.14652252197266
fedavg,True,0,29,rsna_c,True,90.202392578125
fedavg,True,0,29,kerm_a,False,109.71656799316406
fedavg,True,0,29,kerm_b,False,73.05076599121094
fedavg,True,0,29,rsna_b,False,40.31529998779297
fedavg,True,0,30,rsna_c,True,95.5781478881836
fedavg,True,0,30,rsna_a,False,91.8531265258789
fedavg,True,0,30,rsna_b,False,42.24134826660156
fedavg,True,0,30,kerm_b,False,72.88880157470703
fedavg,True,1,1,rsna_b,False,28.571205139160156
fedavg,True,1,1,kerm_b,False,31.45578956604004
fedavg,True,1,1,rsna_c,False,28.96221923828125
fedavg,True,1,1,kerm_a,False,28.225847244262695
fedavg,True,1,2,rsna_b,False,34.1173095703125
fedavg,True,1,2,rsna_c,False,36.11632537841797
fedavg,True,1,2,kerm_b,False,43.560184478759766
fedavg,True,1,2,kerm_a,False,26.98871421813965
fedavg,True,1,3,rsna_a,False,41.70126724243164
fedavg,True,1,3,kerm_b,False,68.9222183227539
fedavg,True,1,3,rsna_c,False,36.65972137451172
fedavg,True,1,3,kerm_a,False,30.87626075744629
fedavg,True,1,4,kerm_b,False,100.38740539550781
fedavg,True,1,4,rsna_b,False,39.0074348449707
fedavg,True,1,4,rsna_c,False,35.123592376708984
fedavg,True,1,4,rsna_a,False,47.90464782714844
fedavg,True,1,5,rsna_a,False,64.77223205566406
fedavg,True,1,5,rsna_b,False,52.33644104003906
fedavg,True,1,5,kerm_a,False,47.17243576049805
fedavg,True,1,5,rsna_c,False,45.27388000488281
fedavg,True,1,6,rsna_b,False,42.8061637878418
fedavg,True,1,6,rsna_c,False,37.36250305175781
fedavg,True,1,6,kerm_a,False,43.10602951049805
fedavg,True,1,6,rsna_a,False,55.85520553588867
fedavg,True,1,7,rsna_c,False,41.04705047607422
fedavg,True,1,7,rsna_a,False,54.422603607177734
fedavg,True,1,7,kerm_b,False,50.62238311767578
fedavg,True,1,7,kerm_a,False,46.261199951171875
fedavg,True,1,8,kerm_a,False,56.06181335449219
fedavg,True,1,8,kerm_b,False,45.632659912109375
fedavg,True,1,8,rsna_c,False,41.874114990234375
fedavg,True,1,8,rsna_a,False,52.54801559448242
fedavg,True,1,9,rsna_b,False,71.8980712890625
fedavg,True,1,9,kerm_b,False,53.035072326660156
fedavg,True,1,9,rsna_c,False,40.128684997558594
fedavg,True,1,9,kerm_a,False,46.88815689086914
fedavg,True,1,10,kerm_a,False,43.26187515258789
fedavg,True,1,10,rsna_a,False,63.52190399169922
fedavg,True,1,10,kerm_b,False,61.08632278442383
fedavg,True,1,10,rsna_c,False,42.0952033996582
fedavg,True,1,11,kerm_b,False,49.040626525878906
fedavg,True,1,11,kerm_a,False,45.296852111816406
fedavg,True,1,11,rsna_a,False,49.77680206298828
fedavg,True,1,11,rsna_b,False,76.69078826904297
fedavg,True,1,12,kerm_a,False,46.4783821105957
fedavg,True,1,12,kerm_b,False,49.942501068115234
fedavg,True,1,12,rsna_a,False,55.21269989013672
fedavg,True,1,12,rsna_b,False,60.61479187011719
fedavg,True,1,13,kerm_a,False,43.71083450317383
fedavg,True,1,13,rsna_c,False,43.132965087890625
fedavg,True,1,13,rsna_b,False,72.53731536865234
fedavg,True,1,13,kerm_b,False,55.79547119140625
fedavg,True,1,14,rsna_a,False,60.14717483520508
fedavg,True,1,14,rsna_b,False,49.30636215209961
fedavg,True,1,14,kerm_b,False,82.70942687988281
fedavg,True,1,14,rsna_c,False,51.99177169799805
fedavg,True,1,15,rsna_c,True,62.571372985839844
fedavg,True,1,15,kerm_b,False,52.1062126159668
fedavg,True,1,15,rsna_a,False,76.73321533203125
fedavg,True,1,15,kerm_a,False,74.63756561279297
fedavg,True,1,16,rsna_c,True,66.79314422607422
fedavg,True,1,16,kerm_b,False,60.89583969116211
fedavg,True,1,16,kerm_a,False,47.39793395996094
fedavg,True,1,16,rsna_a,False,62.54490280151367
fedavg,True,1,17,rsna_c,True,68.95571899414062
fedavg,True,1,17,rsna_a,False,63.1681022644043
fedavg,True,1,17,kerm_b,False,59.49242401123047
fedavg,True,1,17,kerm_a,False,46.415863037109375
fedavg,True,1,18,rsna_c,True,72.39669036865234
fedavg,True,1,18,kerm_b,False,58.50565719604492
fedavg,True,1,18,rsna_a,False,60.44314956665039
fedavg,True,1,18,rsna_b,False,94.89811706542969
fedavg,True,1,19,rsna_c,True,69.55690002441406
fedavg,True,1,19,rsna_a,False,63.77838134765625
fedavg,True,1,19,kerm_b,False,66.44044494628906
fedavg,True,1,19,kerm_a,False,58.5277099609375
fedavg,True,1,20,rsna_c,True,58.42382049560547
fedavg,True,1,20,rsna_b,False,48.42990493774414
fedavg,True,1,20,rsna_a,False,55.0616569519043
fedavg,True,1,20,kerm_a,False,79.54950714111328
fedavg,True,1,21,rsna_c,True,81.04622650146484
fedavg,True,1,21,rsna_a,False,48.451717376708984
fedavg,True,1,21,rsna_b,False,44.87592697143555
fedavg,True,1,21,kerm_a,False,69.72845458984375
fedavg,True,1,22,rsna_c,True,85.05908203125
fedavg,True,1,22,kerm_a,False,43.5715217590332
fedavg,True,1,22,rsna_a,False,49.65472412109375
fedavg,True,1,22,rsna_b,False,38.25428009033203
fedavg,True,1,23,rsna_c,True,69.84203338623047
fedavg,True,1,23,rsna_a,False,47.79770278930664
fedavg,True,1,23,rsna_b,False,52.28934097290039
fedavg,True,1,23,kerm_b,False,53.900421142578125
fedavg,True,1,24,rsna_c,True,65.55806732177734
fedavg,True,1,24,kerm_b,False,71.70353698730469
fedavg,True,1,24,kerm_a,False,70.93708801269531
fedavg,True,1,24,rsna_b,False,69.5159912109375
fedavg,True,1,25,rsna_c,True,73.33908081054688
fedavg,True,1,25,rsna_a,False,70.67550659179688
fedavg,True,1,25,rsna_b,False,43.8934211730957
fedavg,True,1,25,kerm_b,False,83.24604034423828
fedavg,True,1,26,rsna_c,True,61.1042366027832
fedavg,True,1,26,kerm_b,False,74.11280822753906
fedavg,True,1,26,rsna_a,False,68.63435363769531
fedavg,True,1,26,rsna_b,False,54.47112274169922
fedavg,True,1,27,rsna_c,True,88.22232818603516
fedavg,True,1,27,rsna_b,False,44.391300201416016
fedavg,True,1,27,kerm_a,False,54.6734504699707
fedavg,True,1,27,rsna_a,False,106.23941802978516
fedavg,True,1,28,rsna_c,True,69.49323272705078
fedavg,True,1,28,rsna_a,False,55.84694290161133
fedavg,True,1,28,kerm_a,False,63.24481201171875
fedavg,True,1,28,rsna_b,False,106.88525390625
fedavg,True,1,29,rsna_c,True,89.86309814453125
fedavg,True,1,29,rsna_b,False,56.97197341918945
fedavg,True,1,29,rsna_a,False,49.898841857910156
fedavg,True,1,29,kerm_b,False,72.4789810180664
fedavg,True,1,30,rsna_c,True,99.3381576538086
fedavg,True,1,30,rsna_a,False,67.21666717529297
fedavg,True,1,30,kerm_a,False,71.07847595214844
fedavg,True,1,30,kerm_b,False,67.20258331298828
fedavg,True,2,1,rsna_c,False,28.176942825317383
fedavg,True,2,1,kerm_b,False,28.746028900146484
fedavg,True,2,1,rsna_b,False,29.36931610107422
fedavg,True,2,1,kerm_a,False,29.68362045288086
fedavg,True,2,2,kerm_b,False,36.78963851928711
fedavg,True,2,2,kerm_a,False,24.173429489135742
fedavg,True,2,2,rsna_c,False,27.937664031982422
fedavg,True,2,2,rsna_a,False,41.291725158691406
fedavg,True,2,3,rsna_a,False,38.42625045776367
fedavg,True,2,3,rsna_c,False,35.598445892333984
fedavg,True,2,3,kerm_a,False,33.34377670288086
fedavg,True,2,3,kerm_b,False,46.589805603027344
fedavg,True,2,4,kerm_b,False,42.56535720825195
fedavg,True,2,4,rsna_c,False,38.189208984375
fedavg,True,2,4,rsna_b,False,49.80886459350586
fedavg,True,2,4,kerm_a,False,35.84714126586914
fedavg,True,2,5,kerm_b,False,39.865333557128906
fedavg,True,2,5,rsna_a,False,46.212520599365234
fedavg,True,2,5,kerm_a,False,33.49631118774414
fedavg,True,2,5,rsna_b,False,55.4693489074707
fedavg,True,2,6,rsna_a,False,49.39956283569336
fedavg,True,2,6,rsna_b,False,42.616695404052734
fedavg,True,2,6,kerm_a,False,42.46459197998047
fedavg,True,2,6,kerm_b,False,67.916748046875
fedavg,True,2,7,kerm_b,False,51.93376922607422
fedavg,True,2,7,rsna_a,False,49.994178771972656
fedavg,True,2,7,rsna_b,False,47.5524787902832
fedavg,True,2,7,rsna_c,False,38.03657150268555
fedavg,True,2,8,kerm_a,False,48.71410369873047
fedavg,True,2,8,rsna_b,False,47.14555358886719
fedavg,True,2,8,kerm_b,False,49.43668746948242
fedavg,True,2,8,rsna_a,False,42.29861068725586
fedavg,True,2,9,kerm_a,False,36.61247253417969
fedavg,True,2,9,rsna_b,False,42.11138153076172
fedavg,True,2,9,kerm_b,False,52.926666259765625
fedavg,True,2,9,rsna_c,False,42.412776947021484
fedavg,True,2,10,kerm_b,False,44.326324462890625
fedavg,True,2,10,rsna_b,False,53.50674819946289
fedavg,True,2,10,rsna_a,False,65.46133422851562
fedavg,True,2,10,rsna_c,False,38.905479431152344
fedavg,True,2,11,rsna_a,False,48.16130828857422
fedavg,True,2,11,kerm_a,False,60.87398910522461
fedavg,True,2,11,kerm_b,False,52.525421142578125
fedavg,True,2,11,rsna_c,False,35.74892807006836
fedavg,True,2,12,kerm_b,False,43.342803955078125
fedavg,True,2,12,rsna_b,False,74.40013122558594
fedavg,True,2,12,kerm_a,False,54.385990142822266
fedavg,True,2,12,rsna_a,False,52.2173957824707
fedavg,True,2,13,rsna_c,False,41.74153518676758
fedavg,True,2,13,rsna_a,False,48.057926177978516
fedavg,True,2,13,kerm_b,False,51.352291107177734
fedavg,True,2,13,kerm_a,False,47.939517974853516
fedavg,True,2,14,rsna_a,False,46.00202560424805
fedavg,True,2,14,rsna_b,False,44.520023345947266
fedavg,True,2,14,rsna_c,False,44.1194953918457
fedavg,True,2,14,kerm_a,False,53.4620475769043
fedavg,True,2,15,rsna_c,True,73.99259948730469
fedavg,True,2,15,kerm_b,False,73.5602798461914
fedavg,True,2,15,kerm_a,False,51.53192138671875
fedavg,True,2,15,rsna_a,False,51.88328170776367
fedavg,True,2,16,rsna_c,True,63.98955535888672
fedavg,True,2,16,rsna_b,False,55.733821868896484
fedavg,True,2,16,rsna_a,False,54.107730865478516
fedavg,True,2,16,kerm_a,False,56.618961334228516
fedavg,True,2,17,rsna_c,True,60.864051818847656
fedavg,True,2,17,kerm_a,False,63.107582092285156
fedavg,True,2,17,kerm_b,False,61.578975677490234
fedavg,True,2,17,rsna_a,False,56.44209671020508
fedavg,True,2,18,rsna_c,True,62.870338439941406
fedavg,True,2,18,kerm_a,False,69.4794692993164
fedavg,True,2,18,kerm_b,False,53.63755798339844
fedavg,True,2,18,rsna_b,False,43.494659423828125
fedavg,True,2,19,rsna_c,True,64.15497589111328
fedavg,True,2,19,rsna_a,False,62.82906723022461
fedavg,True,2,19,rsna_b,False,38.687103271484375
fedavg,True,2,19,kerm_a,False,49.47540283203125
fedavg,True,2,20,rsna_c,True,55.4073371887207
fedavg,True,2,20,rsna_a,False,38.630592346191406
fedavg,True,2,20,rsna_b,False,52.41148376464844
fedavg,True,2,20,kerm_a,False,67.27433776855469
fedavg,True,2,21,rsna_c,True,64.0202407836914
fedavg,True,2,21,rsna_a,False,48.0061149597168
fedavg,True,2,21,kerm_a,False,57.84782028198242
fedavg,True,2,21,rsna_b,False,35.75446319580078
fedavg,True,2,22,rsna_c,True,61.1114616394043
fedavg,True,2,22,kerm_b,False,69.98084259033203
fedavg,True,2,22,kerm_a,False,40.68156051635742
fedavg,True,2,22,rsna_a,False,62.710182189941406
fedavg,True,2,23,rsna_c,True,59.46553421020508
fedavg,True,2,23,rsna_b,False,56.602596282958984
fedavg,True,2,23,kerm_b,False,66.32054138183594
fedavg,True,2,23,rsna_a,False,43.19889450073242
fedavg,True,2,24,rsna_c,True,57.749847412109375
fedavg,True,2,24,rsna_b,False,43.0241584777832
fedavg,True,2,24,rsna_a,False,52.15745162963867
fedavg,True,2,24,kerm_b,False,55.81856155395508
fedavg,True,2,25,rsna_c,True,72.43351745605469
fedavg,True,2,25,kerm_b,False,50.81668472290039
fedavg,True,2,25,kerm_a,False,48.7181510925293
fedavg,True,2,25,rsna_a,False,54.080284118652344
fedavg,True,2,26,rsna_c,True,60.623138427734375
fedavg,True,2,26,kerm_a,False,65.18856811523438
fedavg,True,2,26,rsna_a,False,52.10686492919922
fedavg,True,2,26,kerm_b,False,47.212890625
fedavg,True,2,27,rsna_c,True,61.80220413208008
fedavg,True,2,27,kerm_a,False,56.04033660888672
fedavg,True,2,27,rsna_a,False,54.218597412109375
fedavg,True,2,27,kerm_b,False,57.17582702636719
fedavg,True,2,28,rsna_c,True,48.91000747680664
fedavg,True,2,28,rsna_b,False,58.835426330566406
fedavg,True,2,28,kerm_b,False,48.804405212402344
fedavg,True,2,28,kerm_a,False,55.78076934814453
fedavg,True,2,29,rsna_c,True,70.4845962524414
fedavg,True,2,29,rsna_a,False,73.64260864257812
fedavg,True,2,29,rsna_b,False,56.48501205444336
fedavg,True,2,29,kerm_a,False,40.70912170410156
fedavg,True,2,30,rsna_c,True,62.79651641845703
fedavg,True,2,30,rsna_b,False,52.44508743286133
fedavg,True,2,30,kerm_a,False,66.78627014160156
fedavg,True,2,30,kerm_b,False,81.8826904296875
clipping,False,0,1,rsna_c,False,27.61140251159668
clipping,False,0,1,rsna_b,False,29.80800437927246
clipping,False,0,1,kerm_b,False,28.477083206176758
clipping,False,0,1,rsna_a,False,29.020931243896484
clipping,False,0,2,kerm_a,False,26.19102668762207
clipping,False,0,2,rsna_b,False,35.851463317871094
clipping,False,0,2,rsna_a,False,41.04655838012695
clipping,False,0,2,rsna_c,False,33.335514068603516
clipping,False,0,3,rsna_a,False,39.17445755004883
clipping,False,0,3,kerm_b,False,41.20408248901367
clipping,False,0,3,rsna_c,False,39.410213470458984
clipping,False,0,3,rsna_b,False,44.59421920776367
clipping,False,0,4,kerm_a,False,54.605045318603516
clipping,False,0,4,kerm_b,False,38.481727600097656
clipping,False,0,4,rsna_a,False,56.87841796875
clipping,False,0,4,rsna_c,False,41.84702682495117
clipping,False,0,5,rsna_a,False,46.95208740234375
clipping,False,0,5,kerm_a,False,42.238346099853516
clipping,False,0,5,rsna_b,False,46.527061462402344
clipping,False,0,5,kerm_b,False,36.57567596435547
clipping,False,0,6,rsna_b,False,52.38309097290039
clipping,False,0,6,kerm_b,False,64.54131317138672
clipping,False,0,6,rsna_a,False,61.57526779174805
clipping,False,0,6,kerm_a,False,90.61978149414062
clipping,False,0,7,rsna_c,False,39.95779800415039
clipping,False,0,7,kerm_a,False,46.306766510009766
clipping,False,0,7,rsna_a,False,46.38636779785156
clipping,False,0,7,rsna_b,False,48.83540344238281
clipping,False,0,8,kerm_b,False,51.26584243774414
clipping,False,0,8,rsna_a,False,44.666622161865234
clipping,False,0,8,rsna_b,False,46.949806213378906
clipping,False,0,8,rsna_c,False,59.857967376708984
clipping,False,0,9,kerm_a,False,71.33235168457031
clipping,False,0,9,rsna_a,False,54.80266189575195
clipping,False,0,9,rsna_b,False,44.96660232543945
clipping,False,0,9,rsna_c,False,39.50090026855469
clipping,False,0,10,kerm_a,False,72.20005798339844
clipping,False,0,10,rsna_a,False,53.84827423095703
clipping,False,0,10,rsna_c,False,46.623958587646484
clipping,False,0,10,rsna_b,False,41.44026184082031
clipping,False,0,11,rsna_a,False,53.30846405029297
clipping,False,0,11,kerm_a,False,72.24385070800781
clipping,False,0,11,rsna_c,False,39.68780517578125
clipping,False,0,11,kerm_b,False,60.04503631591797
clipping,False,0,12,rsna_a,False,46.64513397216797
clipping,False,0,12,rsna_c,False,42.809444427490234
clipping,False,0,12,kerm_b,False,78.3786849975586
clipping,False,0,12,rsna_b,False,52.6867561340332
clipping,False,0,13,rsna_b,False,46.44374084472656
clipping,False,0,13,kerm_b,False,53.951290130615234
clipping,False,0,13,rsna_a,False,54.682472229003906
clipping,False,0,13,rsna_c,False,42.55512237548828
clipping,False,0,14,kerm_a,False,65.8880615234375
clipping,False,0,14,rsna_c,False,45.26997375488281
clipping,False,0,14,kerm_b,False,52.36085891723633
clipping,False,0,14,rsna_b,False,63.2025032043457
clipping,False,0,15,kerm_b,False,53.85247802734375
clipping,False,0,15,rsna_b,False,57.24278259277344
clipping,False,0,15,kerm_a,False,76.59127044677734
clipping,False,0,15,rsna_a,False,63.917205810546875
clipping,False,0,16,rsna_b,False,37.417579650878906
clipping,False,0,16,kerm_b,False,108.77595520019531
clipping,False,0,16,rsna_c,False,54.13031768798828
clipping,False,0,16,kerm_a,False,79.97648620605469
clipping,False,0,17,rsna_c,False,58.70643997192383
clipping,False,0,17,rsna_a,False,62.30112075805664
clipping,False,0,17,kerm_b,False,49.156253814697266
clipping,False,0,17,rsna_b,False,50.05809020996094
clipping,False,0,18,kerm_b,False,55.14869689941406
clipping,False,0,18,rsna_c,False,47.96406555175781
clipping,False,0,18,rsna_b,False,45.131717681884766
clipping,False,0,18,kerm_a,False,102.1712875366211
clipping,False,0,19,kerm_b,False,49.625064849853516
clipping,False,0,19,rsna_a,False,75.72967529296875
clipping,False,0,19,rsna_b,False,45.44025421142578
clipping,False,0,19,rsna_c,False,32.53279113769531
clipping,False,0,20,rsna_b,False,43.173851013183594
clipping,False,0,20,kerm_a,False,66.43421936035156
clipping,False,0,20,rsna_c,False,64.13776397705078
clipping,False,0,20,rsna_a,False,67.66085815429688
clipping,False,0,21,rsna_b,False,50.581485748291016
clipping,False,0,21,kerm_b,False,65.74667358398438
clipping,False,0,21,rsna_c,False,63.59683609008789
clipping,False,0,21,rsna_a,False,66.1463851928711
clipping,False,0,22,kerm_b,False,58.87362289428711
clipping,False,0,22,rsna_c,False,52.59764862060547
clipping,False,0,22,rsna_b,False,58.27739715576172
clipping,False,0,22,kerm_a,False,97.64359283447266
clipping,False,0,23,rsna_c,False,39.450286865234375
clipping,False,0,23,rsna_b,False,47.52783966064453
clipping,False,0,23,rsna_a,False,100.48753356933594
clipping,False,0,23,kerm_a,False,51.131256103515625
clipping,False,0,24,rsna_c,False,60.528377532958984
clipping,False,0,24,rsna_a,False,69.54318237304688
clipping,False,0,24,kerm_b,False,84.7044677734375
clipping,False,0,24,rsna_b,False,44.54194641113281
clipping,False,0,25,kerm_a,False,106.56905364990234
clipping,False,0,25,kerm_b,False,70.9889907836914
clipping,False,0,25,rsna_c,False,62.259037017822266
clipping,False,0,25,rsna_b,False,55.37838363647461
clipping,False,0,26,kerm_b,False,59.71426773071289
clipping,False,0,26,kerm_a,False,117.57203674316406
clipping,False,0,26,rsna_c,False,55.912696838378906
clipping,False,0,26,rsna_b,False,51.934600830078125
clipping,False,0,27,rsna_a,False,87.17124938964844
clipping,False,0,27,kerm_a,False,74.80281066894531
clipping,False,0,27,rsna_b,False,43.96923065185547
clipping,False,0,27,kerm_b,False,61.65960693359375
clipping,False,0,28,rsna_c,False,47.66196060180664
clipping,False,0,28,rsna_b,False,63.71660232543945
clipping,False,0,28,rsna_a,False,74.54531860351562
clipping,False,0,28,kerm_b,False,86.945556640625
clipping,False,0,29,kerm_b,False,66.66250610351562
clipping,False,0,29,rsna_c,False,59.586944580078125
clipping,False,0,29,rsna_a,False,72.96817779541016
clipping,False,0,29,kerm_a,False,75.45030212402344
clipping,False,0,30,rsna_a,False,72.36750030517578
clipping,False,0,30,kerm_a,False,124.22755432128906
clipping,False,0,30,rsna_b,False,40.81610870361328
clipping,False,0,30,rsna_c,False,43.51781463623047
clipping,False,1,1,rsna_b,False,28.571205139160156
clipping,False,1,1,kerm_b,False,31.45578956604004
clipping,False,1,1,rsna_c,False,28.96221923828125
clipping,False,1,1,kerm_a,False,28.225847244262695
clipping,False,1,2,rsna_b,False,34.29365158081055
clipping,False,1,2,rsna_c,False,36.115535736083984
clipping,False,1,2,kerm_b,False,43.69768142700195
clipping,False,1,2,kerm_a,False,26.93362045288086
clipping,False,1,3,rsna_a,False,41.26261901855469
clipping,False,1,3,kerm_b,False,67.1715316772461
clipping,False,1,3,rsna_c,False,36.96491241455078
clipping,False,1,3,kerm_a,False,30.293493270874023
clipping,False,1,4,kerm_b,False,94.35694885253906
clipping,False,1,4,rsna_b,False,39.91505432128906
clipping,False,1,4,rsna_c,False,35.26140213012695
clipping,False,1,4,rsna_a,False,49.05701446533203
clipping,False,1,5,rsna_a,False,71.67806243896484
clipping,False,1,5,rsna_b,False,53.74118423461914
clipping,False,1,5,kerm_a,False,46.08780288696289
clipping,False,1,5,rsna_c,False,45.34625244140625
clipping,False,1,6,rsna_b,False,42.091949462890625
clipping,False,1,6,rsna_c,False,36.850772857666016
clipping,False,1,6,kerm_a,False,43.35591506958008
clipping,False,1,6,rsna_a,False,54.904632568359375
clipping,False,1,7,rsna_c,False,42.24143981933594
clipping,False,1,7,rsna_a,False,54.59969711303711
clipping,False,1,7,kerm_b,False,52.595176696777344
clipping,False,1,7,kerm_a,False,48.914005279541016
clipping,False,1,8,kerm_a,False,52.74775695800781
clipping,False,1,8,kerm_b,False,43.6365852355957
clipping,False,1,8,rsna_c,False,42.581504821777344
clipping,False,1,8,rsna_a,False,51.86720657348633
clipping,False,1,9,rsna_b,False,69.35044860839844
clipping,False,1,9,kerm_b,False,51.815303802490234
clipping,False,1,9,rsna_c,False,41.02333450317383
clipping,False,1,9,kerm_a,False,44.85873794555664
clipping,False,1,10,kerm_a,False,40.976722717285156
clipping,False,1,10,rsna_a,False,59.728118896484375
clipping,False,1,10,kerm_b,False,56.371395111083984
clipping,False,1,10,rsna_c,False,38.972652435302734
clipping,False,1,11,kerm_b,False,55.96076202392578
clipping,False,1,11,kerm_a,False,44.12614440917969
clipping,False,1,11,rsna_a,False,48.08607482910156
clipping,False,1,11,rsna_b,False,77.29087829589844
clipping,False,1,12,kerm_a,False,50.83055877685547
clipping,False,1,12,kerm_b,False,47.53912353515625
clipping,False,1,12,rsna_a,False,52.60312271118164
clipping,False,1,12,rsna_b,False,68.21854400634766
clipping,False,1,13,kerm_a,False,39.30276107788086
clipping,False,1,13,rsna_c,False,42.29754638671875
clipping,False,1,13,rsna_b,False,70.38829803466797
clipping,False,1,13,kerm_b,False,56.01590347290039
clipping,False,1,14,rsna_a,False,62.339088439941406
clipping,False,1,14,rsna_b,False,46.24410629272461
clipping,False,1,14,kerm_b,False,79.76640319824219
clipping,False,1,14,rsna_c,False,50.606571197509766
clipping,False,1,15,kerm_b,False,62.695953369140625
clipping,False,1,15,rsna_a,False,85.16755676269531
clipping,False,1,15,kerm_a,False,47.366172790527344
clipping,False,1,15,rsna_b,False,69.2791519165039
clipping,False,1,16,rsna_b,False,39.455692291259766
clipping,False,1,16,rsna_c,False,43.99997329711914
clipping,False,1,16,kerm_b,False,69.18644714355469
clipping,False,1,16,kerm_a,False,46.676841735839844
clipping,False,1,17,rsna_a,False,79.7432861328125
clipping,False,1,17,kerm_a,False,37.75984191894531
clipping,False,1,17,rsna_b,False,44.481502532958984
clipping,False,1,17,rsna_c,False,36.50700378417969
clipping,False,1,18,rsna_c,False,56.703948974609375
clipping,False,1,18,kerm_b,False,57.44009017944336
clipping,False,1,18,rsna_b,False,54.66561508178711
clipping,False,1,18,kerm_a,False,47.239105224609375
clipping,False,1,19,rsna_a,False,107.09806060791016
clipping,False,1,19,kerm_b,False,62.674224853515625
clipping,False,1,19,kerm_a,False,41.062191009521484
clipping,False,1,19,rsna_c,False,31.263751983642578
clipping,False,1,20,kerm_a,False,47.13548278808594
clipping,False,1,20,rsna_a,False,86.28882598876953
clipping,False,1,20,rsna_b,False,42.919677734375
clipping,False,1,20,rsna_c,False,49.32463073730469
clipping,False,1,21,kerm_b,False,73.15562438964844
clipping,False,1,21,rsna_a,False,57.42186737060547
clipping,False,1,21,rsna_b,False,45.503631591796875
clipping,False,1,21,kerm_a,False,42.17644119262695
clipping,False,1,22,rsna_c,False,72.39866638183594
clipping,False,1,22,rsna_a,False,62.72196960449219
clipping,False,1,22,kerm_b,False,83.82460021972656
clipping,False,1,22,kerm_a,False,49.675575256347656
clipping,False,1,23,rsna_c,False,50.27955627441406
clipping,False,1,23,kerm_a,False,57.72713851928711
clipping,False,1,23,rsna_b,False,47.84225082397461
clipping,False,1,23,rsna_a,False,68.15062713623047
clipping,False,1,24,kerm_a,False,44.15563201904297
clipping,False,1,24,kerm_b,False,57.38744354248047
clipping,False,1,24,rsna_b,False,42.94643020629883
clipping,False,1,24,rsna_c,False,51.62836837768555
clipping,False,1,25,rsna_a,False,77.13105773925781
clipping,False,1,25,kerm_b,False,57.590423583984375
clipping,False,1,25,rsna_b,False,49.01405715942383
clipping,False,1,25,kerm_a,False,50.63026428222656
clipping,False,1,26,kerm_b,False,77.78511810302734
clipping,False,1,26,rsna_b,False,36.48828125
clipping,False,1,26,kerm_a,False,57.2755012512207
clipping,False,1,26,rsna_a,False,44.226600646972656
clipping,False,1,27,rsna_c,False,52.98356246948242
clipping,False,1,27,kerm_a,False,54.663578033447266
clipping,False,1,27,kerm_b,False,75.02165985107422
clipping,False,1,27,rsna_a,False,86.09485626220703
clipping,False,1,28,rsna_c,False,44.71549606323242
clipping,False,1,28,rsna_b,False,62.895389556884766
clipping,False,1,28,kerm_b,False,59.289466857910156
clipping,False,1,28,kerm_a,False,52.31035232543945
clipping,False,1,29,rsna_b,False,57.85432052612305
clipping,False,1,29,kerm_b,False,45.416263580322266
clipping,False,1,29,rsna_a,False,82.16107940673828
clipping,False,1,29,kerm_a,False,42.01148986816406
clipping,False,1,30,kerm_b,False,79.01948547363281
clipping,False,1,30,rsna_a,False,65.84869384765625
clipping,False,1,30,kerm_a,False,54.73636245727539
clipping,False,1,30,rsna_b,False,43.52543258666992
clipping,False,2,1,rsna_c,False,28.176942825317383
clipping,False,2,1,kerm_b,False,28.746028900146484
clipping,False,2,1,rsna_b,False,29.36931610107422
clipping,False,2,1,kerm_a,False,29.68362045288086
clipping,False,2,2,kerm_b,False,36.4596061706543
clipping,False,2,2,kerm_a,False,24.204967498779297
clipping,False,2,2,rsna_c,False,27.871450424194336
clipping,False,2,2,rsna_a,False,41.22681427001953
clipping,False,2,3,rsna_a,False,38.24888610839844
clipping,False,2,3,rsna_c,False,35.70320510864258
clipping,False,2,3,kerm_a,False,35.382568359375
clipping,False,2,3,kerm_b,False,47.13823318481445
clipping,False,2,4,kerm_b,False,42.909244537353516
clipping,False,2,4,rsna_c,False,37.882591247558594
clipping,False,2,4,rsna_b,False,51.87106704711914
clipping,False,2,4,kerm_a,False,36.070980072021484
clipping,False,2,5,kerm_b,False,41.63601303100586
clipping,False,2,5,rsna_a,False,45.914005279541016
clipping,False,2,5,kerm_a,False,33.95079040527344
clipping,False,2,5,rsna_b,False,57.59099578857422
clipping,False,2,6,rsna_a,False,49.384849548339844
clipping,False,2,6,rsna_b,False,45.66852951049805
clipping,False,2,6,kerm_a,False,41.44853210449219
clipping,False,2,6,kerm_b,False,70.08755493164062
clipping,False,2,7,kerm_b,False,54.398006439208984
clipping,False,2,7,rsna_a,False,50.021080017089844
clipping,False,2,7,rsna_b,False,41.25702667236328
clipping,False,2,7,rsna_c,False,38.5077018737793
clipping,False,2,8,kerm_a,False,51.6658935546875
clipping,False,2,8,rsna_b,False,46.70900344848633
clipping,False,2,8,kerm_b,False,49.27658462524414
clipping,False,2,8,rsna_a,False,43.672203063964844
clipping,False,2,9,kerm_a,False,41.11079406738281
clipping,False,2,9,rsna_b,False,39.058006286621094
clipping,False,2,9,kerm_b,False,60.225341796875
clipping,False,2,9,rsna_c,False,41.89090347290039
clipping,False,2,10,kerm_b,False,40.691017150878906
clipping,False,2,10,rsna_b,False,56.97019958496094
clipping,False,2,10,rsna_a,False,60.18331527709961
clipping,False,2,10,rsna_c,False,39.06059646606445
clipping,False,2,11,rsna_a,False,49.12860107421875
clipping,False,2,11,kerm_a,False,63.649532318115234
clipping,False,2,11,kerm_b,False,53.50789260864258
clipping,False,2,11,rsna_c,False,34.088653564453125
clipping,False,2,12,kerm_b,False,45.14315414428711
clipping,False,2,12,rsna_b,False,65.17083740234375
clipping,False,2,12,kerm_a,False,56.909889221191406
clipping,False,2,12,rsna_a,False,50.23660659790039
clipping,False,2,13,rsna_c,False,39.48609161376953
clipping,False,2,13,rsna_a,False,47.113033294677734
clipping,False,2,13,kerm_b,False,52.53886795043945
clipping,False,2,13,kerm_a,False,45.95878601074219
clipping,False,2,14,rsna_a,False,47.429298400878906
clipping,False,2,14,rsna_b,False,45.3493537902832
clipping,False,2,14,rsna_c,False,44.41161346435547
clipping,False,2,14,kerm_a,False,57.088626861572266
clipping,False,2,15,rsna_b,False,39.846466064453125
clipping,False,2,15,kerm_b,False,76.58924102783203
clipping,False,2,15,kerm_a,False,48.966976165771484
clipping,False,2,15,rsna_a,False,54.54805374145508
clipping,False,2,16,kerm_b,False,61.53855895996094
clipping,False,2,16,rsna_a,False,45.50072479248047
clipping,False,2,16,rsna_b,False,36.452857971191406
clipping,False,2,16,kerm_a,False,48.21828842163086
clipping,False,2,17,kerm_a,False,46.94652557373047
clipping,False,2,17,kerm_b,False,60.39246368408203
clipping,False,2,17,rsna_a,False,47.948143005371094
clipping,False,2,17,rsna_b,False,47.03169631958008
clipping,False,2,18,rsna_c,False,45.30425262451172
clipping,False,2,18,rsna_a,False,45.84182357788086
clipping,False,2,18,rsna_b,False,40.00589370727539
clipping,False,2,18,kerm_a,False,50.79914474487305
clipping,False,2,19,rsna_a,False,44.779396057128906
clipping,False,2,19,kerm_a,False,41.53928756713867
clipping,False,2,19,rsna_b,False,37.89914321899414
clipping,False,2,19,rsna_c,False,46.3934440612793
clipping,False,2,20,kerm_a,False,50.33339309692383
clipping,False,2,20,kerm_b,False,72.3999252319336
clipping,False,2,20,rsna_c,False,48.24586486816406
clipping,False,2,20,rsna_a,False,48.931968688964844
clipping,False,2,21,rsna_a,False,72.7429428100586
clipping,False,2,21,kerm_b,False,66.78999328613281
clipping,False,2,21,rsna_b,False,57.45751190185547
clipping,False,2,21,rsna_c,False,37.262447357177734
clipping,False,2,22,kerm_b,False,86.092529296875
clipping,False,2,22,kerm_a,False,66.37970733642578
clipping,False,2,22,rsna_a,False,53.8392219543457
clipping,False,2,22,rsna_b,False,46.1939811706543
clipping,False,2,23,rsna_b,False,38.17587661743164
clipping,False,2,23,kerm_b,False,68.21823120117188
clipping,False,2,23,kerm_a,False,48.2828254699707
clipping,False,2,23,rsna_c,False,46.54918670654297
clipping,False,2,24,kerm_b,False,48.13798141479492
clipping,False,2,24,rsna_a,False,61.182071685791016
clipping,False,2,24,kerm_a,False,51.921451568603516
clipping,False,2,24,rsna_c,False,36.95575714111328
clipping,False,2,25,rsna_b,False,80.49956512451172
clipping,False,2,25,kerm_b,False,60.857826232910156
clipping,False,2,25,kerm_a,False,66.52958679199219
clipping,False,2,25,rsna_a,False,67.1056900024414
clipping,False,2,26,rsna_c,False,62.43086242675781
clipping,False,2,26,kerm_a,False,39.74852752685547
clipping,False,2,26,rsna_a,False,68.25801086425781
clipping,False,2,26,kerm_b,False,71.65950012207031
clipping,False,2,27,rsna_b,False,50.50736618041992
clipping,False,2,27,kerm_b,False,67.58451843261719
clipping,False,2,27,rsna_c,False,75.87679290771484
clipping,False,2,27,kerm_a,False,56.13578414916992
clipping,False,2,28,rsna_b,False,60.54791259765625
clipping,False,2,28,kerm_a,False,41.04049301147461
clipping,False,2,28,rsna_a,False,75.05094909667969
clipping,False,2,28,kerm_b,False,57.84420394897461
clipping,False,2,29,kerm_b,False,79.15184783935547
clipping,False,2,29,rsna_b,False,59.010650634765625
clipping,False,2,29,kerm_a,False,42.21609878540039
clipping,False,2,29,rsna_c,False,48.607810974121094
clipping,False,2,30,kerm_a,False,49.45221710205078
clipping,False,2,30,rsna_c,False,48.43083190917969
clipping,False,2,30,rsna_b,False,58.69284439086914
clipping,False,2,30,rsna_a,False,78.5795669555664
clipping,True,0,1,rsna_c,False,27.61140251159668
clipping,True,0,1,rsna_b,False,29.80800437927246
clipping,True,0,1,kerm_b,False,28.477083206176758
clipping,True,0,1,rsna_a,False,29.020931243896484
clipping,True,0,2,kerm_a,False,26.19102668762207
clipping,True,0,2,rsna_b,False,35.851463317871094
clipping,True,0,2,rsna_a,False,41.04655838012695
clipping,True,0,2,rsna_c,False,33.335514068603516
clipping,True,0,3,rsna_a,False,39.17445755004883
clipping,True,0,3,kerm_b,False,41.20408248901367
clipping,True,0,3,rsna_c,False,39.410213470458984
clipping,True,0,3,rsna_b,False,44.59421920776367
clipping,True,0,4,kerm_a,False,54.605045318603516
clipping,True,0,4,kerm_b,False,38.481727600097656
clipping,True,0,4,rsna_a,False,56.87841796875
clipping,True,0,4,rsna_c,False,41.84702682495117
clipping,True,0,5,rsna_a,False,46.95208740234375
clipping,True,0,5,kerm_a,False,42.238346099853516
clipping,True,0,5,rsna_b,False,46.527061462402344
clipping,True,0,5,kerm_b,False,36.57567596435547
clipping,True,0,6,rsna_b,False,52.38309097290039
clipping,True,0,6,kerm_b,False,64.54131317138672
clipping,True,0,6,rsna_a,False,61.57526779174805
clipping,True,0,6,kerm_a,False,90.61978149414062
clipping,True,0,7,rsna_c,False,39.95779800415039
clipping,True,0,7,kerm_a,False,46.306766510009766
clipping,True,0,7,rsna_a,False,46.38636779785156
clipping,True,0,7,rsna_b,False,48.83540344238281
clipping,True,0,8,kerm_b,False,51.26584243774414
clipping,True,0,8,rsna_a,False,44.666622161865234
clipping,True,0,8,rsna_b,False,46.949806213378906
clipping,True,0,8,rsna_c,False,59.857967376708984
clipping,True,0,9,kerm_a,False,71.33235168457031
clipping,True,0,9,rsna_a,False,54.80266189575195
clipping,True,0,9,rsna_b,False,44.96660232543945
clipping,True,0,9,rsna_c,False,39.50090026855469
clipping,True,0,10,kerm_a,False,72.20005798339844
clipping,True,0,10,rsna_a,False,53.84827423095703
clipping,True,0,10,rsna_c,False,46.623958587646484
clipping,True,0,10,rsna_b,False,41.44026184082031
clipping,True,0,11,rsna_a,False,53.30846405029297
clipping,True,0,11,kerm_a,False,72.24385070800781
clipping,True,0,11,rsna_c,False,39.68780517578125
clipping,True,0,11,kerm_b,False,60.04503631591797
clipping,True,0,12,rsna_a,False,46.64513397216797
clipping,True,0,12,rsna_c,False,42.809444427490234
clipping,True,0,12,kerm_b,False,78.3786849975586
clipping,True,0,12,rsna_b,False,52.6867561340332
clipping,True,0,13,rsna_b,False,46.44374084472656
clipping,True,0,13,kerm_b,False,53.951290130615234
clipping,True,0,13,rsna_a,False,54.682472229003906
clipping,True,0,13,rsna_c,False,42.55512237548828
clipping,True,0,14,kerm_a,False,65.8880615234375
clipping,True,0,14,rsna_c,False,45.26997375488281
clipping,True,0,14,kerm_b,False,52.36085891723633
clipping,True,0,14,rsna_b,False,63.2025032043457
clipping,True,0,15,rsna_c,True,124.84143829345703
clipping,True,0,15,rsna_a,False,79.23727416992188
clipping,True,0,15,kerm_a,False,76.59127044677734
clipping,True,0,15,kerm_b,False,74.19847106933594
clipping,True,0,16,rsna_c,True,118.8636245727539
clipping,True,0,16,rsna_a,False,51.86239242553711
clipping,True,0,16,rsna_b,False,44.73702621459961
clipping,True,0,16,kerm_a,False,71.13002014160156
clipping,True,0,17,rsna_c,True,85.78626251220703
clipping,True,0,17,rsna_b,False,38.79325866699219
clipping,True,0,17,rsna_a,False,56.8784065246582
clipping,True,0,17,kerm_b,False,70.2398452758789
clipping,True,0,18,rsna_c,True,62.381561279296875
clipping,True,0,18,rsna_a,False,94.25538635253906
clipping,True,0,18,kerm_a,False,80.22235107421875
clipping,True,0,18,rsna_b,False,45.320213317871094
clipping,True,0,19,rsna_c,True,94.94405364990234
clipping,True,0,19,kerm_b,False,100.65156555175781
clipping,True,0,19,rsna_a,False,61.337486267089844
clipping,True,0,19,kerm_a,False,92.91378784179688
clipping,True,0,20,rsna_c,True,74.85133361816406
clipping,True,0,20,kerm_a,False,90.92725372314453
clipping,True,0,20,rsna_b,False,56.316162109375
clipping,True,0,20,rsna_a,False,62.60652542114258
clipping,True,0,21,rsna_c,True,96.48175048828125
clipping,True,0,21,kerm_b,False,63.2132453918457
clipping,True,0,21,kerm_a,False,103.24105072021484
clipping,True,0,21,rsna_b,False,34.80667495727539
clipping,True,0,22,rsna_c,True,91.49057006835938
clipping,True,0,22,rsna_a,False,80.87712860107422
clipping,True,0,22,rsna_b,False,41.916297912597656
clipping,True,0,22,kerm_a,False,81.5888671875
clipping,True,0,23,rsna_c,True,94.94259643554688
clipping,True,0,23,kerm_b,False,76.7366943359375
clipping,True,0,23,rsna_a,False,56.03101348876953
clipping,True,0,23,kerm_a,False,52.2120246887207
clipping,True,0,24,rsna_c,True,83.29192352294922
clipping,True,0,24,kerm_b,False,68.92090606689453
clipping,True,0,24,rsna_b,False,42.64927291870117
clipping,True,0,24,rsna_a,False,59.66398620605469
clipping,True,0,25,rsna_c,True,76.33655548095703
clipping,True,0,25,kerm_a,False,96.74813842773438
clipping,True,0,25,rsna_b,False,50.20487976074219
clipping,True,0,25,kerm_b,False,65.60382843017578
clipping,True,0,26,rsna_c,True,83.40101623535156
clipping,True,0,26,kerm_b,False,63.54967498779297
clipping,True,0,26,rsna_b,False,33.46043014526367
clipping,True,0,26,rsna_a,False,82.00135040283203
clipping,True,0,27,rsna_c,True,63.025474548339844
clipping,True,0,27,kerm_b,False,62.675621032714844
clipping,True,0,27,kerm_a,False,75.6366195678711
clipping,True,0,27,rsna_b,False,38.03987121582031
clipping,True,0,28,rsna_c,True,89.90746307373047
clipping,True,0,28,rsna_a,False,94.52837371826172
clipping,True,0,28,kerm_b,False,67.85295104980469
clipping,True,0,28,kerm_a,False,87.24057006835938
clipping,True,0,29,rsna_c,True,86.78556823730469
clipping,True,0,29,kerm_a,False,89.3147964477539
clipping,True,0,29,kerm_b,False,88.03848266601562
clipping,True,0,29,rsna_b,False,48.777626037597656
clipping,True,0,30,rsna_c,True,77.98211669921875
clipping,True,0,30,rsna_a,False,91.08619689941406
clipping,True,0,30,rsna_b,False,41.72951126098633
clipping,True,0,30,kerm_b,False,55.292545318603516
clipping,True,1,1,rsna_b,False,28.571205139160156
clipping,True,1,1,kerm_b,False,31.45578956604004
clipping,True,1,1,rsna_c,False,28.96221923828125
clipping,True,1,1,kerm_a,False,28.225847244262695
clipping,True,1,2,rsna_b,False,34.29365158081055
clipping,True,1,2,rsna_c,False,36.115535736083984
clipping,True,1,2,kerm_b,False,43.69768142700195
clipping,True,1,2,kerm_a,False,26.93362045288086
clipping,True,1,3,rsna_a,False,41.26261901855469
clipping,True,1,3,kerm_b,False,67.1715316772461
clipping,True,1,3,rsna_c,False,36.96491241455078
clipping,True,1,3,kerm_a,False,30.293493270874023
clipping,True,1,4,kerm_b,False,94.35694885253906
clipping,True,1,4,rsna_b,False,39.91505432128906
clipping,True,1,4,rsna_c,False,35.26140213012695
clipping,True,1,4,rsna_a,False,49.05701446533203
clipping,True,1,5,rsna_a,False,71.67806243896484
clipping,True,1,5,rsna_b,False,53.74118423461914
clipping,True,1,5,kerm_a,False,46.08780288696289
clipping,True,1,5,rsna_c,False,45.34625244140625
clipping,True,1,6,rsna_b,False,42.091949462890625
clipping,True,1,6,rsna_c,False,36.850772857666016
clipping,True,1,6,kerm_a,False,43.35591506958008
clipping,True,1,6,rsna_a,False,54.904632568359375
clipping,True,1,7,rsna_c,False,42.24143981933594
clipping,True,1,7,rsna_a,False,54.59969711303711
clipping,True,1,7,kerm_b,False,52.595176696777344
clipping,True,1,7,kerm_a,False,48.914005279541016
clipping,True,1,8,kerm_a,False,52.74775695800781
clipping,True,1,8,kerm_b,False,43.6365852355957
clipping,True,1,8,rsna_c,False,42.581504821777344
clipping,True,1,8,rsna_a,False,51.86720657348633
clipping,True,1,9,rsna_b,False,69.35044860839844
clipping,True,1,9,kerm_b,False,51.815303802490234
clipping,True,1,9,rsna_c,False,41.02333450317383
clipping,True,1,9,kerm_a,False,44.85873794555664
clipping,True,1,10,kerm_a,False,40.976722717285156
clipping,True,1,10,rsna_a,False,59.728118896484375
clipping,True,1,10,kerm_b,False,56.371395111083984
clipping,True,1,10,rsna_c,False,38.972652435302734
clipping,True,1,11,kerm_b,False,55.96076202392578
clipping,True,1,11,kerm_a,False,44.12614440917969
clipping,True,1,11,rsna_a,False,48.08607482910156
clipping,True,1,11,rsna_b,False,77.29087829589844
clipping,True,1,12,kerm_a,False,50.83055877685547
clipping,True,1,12,kerm_b,False,47.53912353515625
clipping,True,1,12,rsna_a,False,52.60312271118164
clipping,True,1,12,rsna_b,False,68.21854400634766
clipping,True,1,13,kerm_a,False,39.30276107788086
clipping,True,1,13,rsna_c,False,42.29754638671875
clipping,True,1,13,rsna_b,False,70.38829803466797
clipping,True,1,13,kerm_b,False,56.01590347290039
clipping,True,1,14,rsna_a,False,62.339088439941406
clipping,True,1,14,rsna_b,False,46.24410629272461
clipping,True,1,14,kerm_b,False,79.76640319824219
clipping,True,1,14,rsna_c,False,50.606571197509766
clipping,True,1,15,rsna_c,True,70.29835510253906
clipping,True,1,15,kerm_b,False,56.47471237182617
clipping,True,1,15,rsna_a,False,74.07624053955078
clipping,True,1,15,kerm_a,False,60.44316482543945
clipping,True,1,16,rsna_c,True,75.48545837402344
clipping,True,1,16,kerm_b,False,65.8603515625
clipping,True,1,16,kerm_a,False,43.16203308105469
clipping,True,1,16,rsna_a,False,56.298553466796875
clipping,True,1,17,rsna_c,True,69.76112365722656
clipping,True,1,17,rsna_a,False,61.154842376708984
clipping,True,1,17,kerm_b,False,53.844261169433594
clipping,True,1,17,kerm_a,False,46.14567184448242
clipping,True,1,18,rsna_c,True,72.40210723876953
clipping,True,1,18,kerm_b,False,51.0351448059082
clipping,True,1,18,rsna_a,False,56.83545684814453
clipping,True,1,18,rsna_b,False,91.90087127685547
clipping,True,1,19,rsna_c,True,66.96467590332031
clipping,True,1,19,rsna_a,False,54.74510192871094
clipping,True,1,19,kerm_b,False,62.13482666015625
clipping,True,1,19,kerm_a,False,60.02349853515625
clipping,True,1,20,rsna_c,True,57.143428802490234
clipping,True,1,20,rsna_b,False,50.49897384643555
clipping,True,1,20,rsna_a,False,62.355133056640625
clipping,True,1,20,kerm_a,False,65.94905853271484
clipping,True,1,21,rsna_c,True,65.28775024414062
clipping,True,1,21,rsna_a,False,60.62721252441406
clipping,True,1,21,rsna_b,False,47.93309020996094
clipping,True,1,21,kerm_a,False,49.33056640625
clipping,True,1,22,rsna_c,True,76.44607543945312
clipping,True,1,22,kerm_a,False,41.56536865234375
clipping,True,1,22,rsna_a,False,39.15126037597656
clipping,True,1,22,rsna_b,False,47.16377258300781
clipping,True,1,23,rsna_c,True,79.35625457763672
clipping,True,1,23,rsna_a,False,48.454586029052734
clipping,True,1,23,rsna_b,False,43.46031951904297
clipping,True,1,23,kerm_b,False,57.24739074707031
clipping,True,1,24,rsna_c,True,70.53849029541016
clipping,True,1,24,kerm_b,False,71.76089477539062
clipping,True,1,24,kerm_a,False,42.541038513183594
clipping,True,1,24,rsna_b,False,56.299320220947266
clipping,True,1,25,rsna_c,True,77.31930541992188
clipping,True,1,25,rsna_a,False,63.589927673339844
clipping,True,1,25,rsna_b,False,43.70292282104492
clipping,True,1,25,kerm_b,False,85.0604019165039
clipping,True,1,26,rsna_c,True,72.82400512695312
clipping,True,1,26,kerm_b,False,64.40867614746094
clipping,True,1,26,rsna_a,False,71.08833312988281
clipping,True,1,26,rsna_b,False,55.867889404296875
clipping,True,1,27,rsna_c,True,90.71710968017578
clipping,True,1,27,rsna_b,False,41.379173278808594
clipping,True,1,27,kerm_a,False,53.63774871826172
clipping,True,1,27,rsna_a,False,81.55559539794922
clipping,True,1,28,rsna_c,True,76.12743377685547
clipping,True,1,28,rsna_a,False,69.65351104736328
clipping,True,1,28,kerm_a,False,46.69460678100586
clipping,True,1,28,rsna_b,False,53.648651123046875
clipping,True,1,29,rsna_c,True,96.72566986083984
clipping,True,1,29,rsna_b,False,44.29199981689453
clipping,True,1,29,rsna_a,False,50.158363342285156
clipping,True,1,29,kerm_b,False,84.7073745727539
clipping,True,1,30,rsna_c,True,108.6199951171875
clipping,True,1,30,rsna_a,False,61.789794921875
clipping,True,1,30,kerm_a,False,49.72785949707031
clipping,True,1,30,kerm_b,False,61.971107482910156
clipping,True,2,1,rsna_c,False,28.176942825317383
clipping,True,2,1,kerm_b,False,28.746028900146484
clipping,True,2,1,rsna_b,False,29.36931610107422
clipping,True,2,1,kerm_a,False,29.68362045288086
clipping,True,2,2,kerm_b,False,36.4596061706543
clipping,True,2,2,kerm_a,False,24.204967498779297
clipping,True,2,2,rsna_c,False,27.871450424194336
clipping,True,2,2,rsna_a,False,41.22681427001953
clipping,True,2,3,rsna_a,False,38.24888610839844
clipping,True,2,3,rsna_c,False,35.70320510864258
clipping,True,2,3,kerm_a,False,35.382568359375
clipping,True,2,3,kerm_b,False,47.13823318481445
clipping,True,2,4,kerm_b,False,42.909244537353516
clipping,True,2,4,rsna_c,False,37.882591247558594
clipping,True,2,4,rsna_b,False,51.87106704711914
clipping,True,2,4,kerm_a,False,36.070980072021484
clipping,True,2,5,kerm_b,False,41.63601303100586
clipping,True,2,5,rsna_a,False,45.914005279541016
clipping,True,2,5,kerm_a,False,33.95079040527344
clipping,True,2,5,rsna_b,False,57.59099578857422
clipping,True,2,6,rsna_a,False,49.384849548339844
clipping,True,2,6,rsna_b,False,45.66852951049805
clipping,True,2,6,kerm_a,False,41.44853210449219
clipping,True,2,6,kerm_b,False,70.08755493164062
clipping,True,2,7,kerm_b,False,54.398006439208984
clipping,True,2,7,rsna_a,False,50.021080017089844
clipping,True,2,7,rsna_b,False,41.25702667236328
clipping,True,2,7,rsna_c,False,38.5077018737793
clipping,True,2,8,kerm_a,False,51.6658935546875
clipping,True,2,8,rsna_b,False,46.70900344848633
clipping,True,2,8,kerm_b,False,49.27658462524414
clipping,True,2,8,rsna_a,False,43.672203063964844
clipping,True,2,9,kerm_a,False,41.11079406738281
clipping,True,2,9,rsna_b,False,39.058006286621094
clipping,True,2,9,kerm_b,False,60.225341796875
clipping,True,2,9,rsna_c,False,41.89090347290039
clipping,True,2,10,kerm_b,False,40.691017150878906
clipping,True,2,10,rsna_b,False,56.97019958496094
clipping,True,2,10,rsna_a,False,60.18331527709961
clipping,True,2,10,rsna_c,False,39.06059646606445
clipping,True,2,11,rsna_a,False,49.12860107421875
clipping,True,2,11,kerm_a,False,63.649532318115234
clipping,True,2,11,kerm_b,False,53.50789260864258
clipping,True,2,11,rsna_c,False,34.088653564453125
clipping,True,2,12,kerm_b,False,45.14315414428711
clipping,True,2,12,rsna_b,False,65.17083740234375
clipping,True,2,12,kerm_a,False,56.909889221191406
clipping,True,2,12,rsna_a,False,50.23660659790039
clipping,True,2,13,rsna_c,False,39.48609161376953
clipping,True,2,13,rsna_a,False,47.113033294677734
clipping,True,2,13,kerm_b,False,52.53886795043945
clipping,True,2,13,kerm_a,False,45.95878601074219
clipping,True,2,14,rsna_a,False,47.429298400878906
clipping,True,2,14,rsna_b,False,45.3493537902832
clipping,True,2,14,rsna_c,False,44.41161346435547
clipping,True,2,14,kerm_a,False,57.088626861572266
clipping,True,2,15,rsna_c,True,72.7294921875
clipping,True,2,15,kerm_b,False,76.58924102783203
clipping,True,2,15,kerm_a,False,48.966976165771484
clipping,True,2,15,rsna_a,False,54.54805374145508
clipping,True,2,16,rsna_c,True,70.22317504882812
clipping,True,2,16,rsna_b,False,45.182315826416016
clipping,True,2,16,rsna_a,False,44.90330123901367
clipping,True,2,16,kerm_a,False,53.60713577270508
clipping,True,2,17,rsna_c,True,55.99960708618164
clipping,True,2,17,kerm_a,False,65.54618072509766
clipping,True,2,17,kerm_b,False,57.50367736816406
clipping,True,2,17,rsna_a,False,47.59750747680664
clipping,True,2,18,rsna_c,True,65.11962890625
clipping,True,2,18,kerm_a,False,69.04588317871094
clipping,True,2,18,kerm_b,False,48.586673736572266
clipping,True,2,18,rsna_b,False,41.83021926879883
clipping,True,2,19,rsna_c,True,60.393463134765625
clipping,True,2,19,rsna_a,False,57.74032974243164
clipping,True,2,19,rsna_b,False,40.19486999511719
clipping,True,2,19,kerm_a,False,41.2647819519043
clipping,True,2,20,rsna_c,True,50.22639846801758
clipping,True,2,20,rsna_a,False,37.238407135009766
clipping,True,2,20,rsna_b,False,66.71991729736328
clipping,True,2,20,kerm_a,False,67.51788330078125
clipping,True,2,21,rsna_c,True,58.0948600769043
clipping,True,2,21,rsna_a,False,44.49833297729492
clipping,True,2,21,kerm_a,False,59.166160583496094
clipping,True,2,21,rsna_b,False,33.6268310546875
clipping,True,2,22,rsna_c,True,61.59218978881836
clipping,True,2,22,kerm_b,False,65.95623779296875
clipping,True,2,22,kerm_a,False,41.47003173828125
clipping,True,2,22,rsna_a,False,42.83069610595703
clipping,True,2,23,rsna_c,True,65.24143981933594
clipping,True,2,23,rsna_b,False,52.52915573120117
clipping,True,2,23,kerm_b,False,62.416500091552734
clipping,True,2,23,rsna_a,False,52.35552215576172
clipping,True,2,24,rsna_c,True,69.73682403564453
clipping,True,2,24,rsna_b,False,53.28769302368164
clipping,True,2,24,rsna_a,False,50.28097915649414
clipping,True,2,24,kerm_b,False,64.35582733154297
clipping,True,2,25,rsna_c,True,73.54365539550781
clipping,True,2,25,kerm_b,False,60.251773834228516
clipping,True,2,25,kerm_a,False,57.56293869018555
clipping,True,2,25,rsna_a,False,50.08788299560547
clipping,True,2,26,rsna_c,True,63.16658401489258
clipping,True,2,26,kerm_a,False,65.76860809326172
clipping,True,2,26,rsna_a,False,49.45388412475586
clipping,True,2,26,kerm_b,False,67.30154418945312
clipping,True,2,27,rsna_c,True,54.600738525390625
clipping,True,2,27,kerm_a,False,77.02738189697266
clipping,True,2,27,rsna_a,False,57.643531799316406
clipping,True,2,27,kerm_b,False,54.09672164916992
clipping,True,2,28,rsna_c,True,56.24644088745117
clipping,True,2,28,rsna_b,False,62.97726821899414
clipping,True,2,28,kerm_b,False,52.214656829833984
clipping,True,2,28,kerm_a,False,51.768856048583984
clipping,True,2,29,rsna_c,True,71.12307739257812
clipping,True,2,29,rsna_a,False,69.50904846191406
clipping,True,2,29,rsna_b,False,50.20035171508789
clipping,True,2,29,kerm_a,False,40.31559371948242
clipping,True,2,30,rsna_c,True,57.63037109375
clipping,True,2,30,rsna_b,False,60.91646194458008
clipping,True,2,30,kerm_a,False,55.15061569213867
clipping,True,2,30,kerm_b,False,67.96452331542969
trimmed,False,0,1,rsna_c,False,27.61140251159668
trimmed,False,0,1,rsna_b,False,29.80800437927246
trimmed,False,0,1,kerm_b,False,28.477083206176758
trimmed,False,0,1,rsna_a,False,29.020931243896484
trimmed,False,0,2,kerm_a,False,26.6929874420166
trimmed,False,0,2,rsna_b,False,36.23615646362305
trimmed,False,0,2,rsna_a,False,40.93922805786133
trimmed,False,0,2,rsna_c,False,34.58012771606445
trimmed,False,0,3,rsna_a,False,36.080379486083984
trimmed,False,0,3,kerm_b,False,37.73914337158203
trimmed,False,0,3,rsna_c,False,37.00751495361328
trimmed,False,0,3,rsna_b,False,44.166664123535156
trimmed,False,0,4,kerm_a,False,53.70189666748047
trimmed,False,0,4,kerm_b,False,37.642608642578125
trimmed,False,0,4,rsna_a,False,55.795833587646484
trimmed,False,0,4,rsna_c,False,40.70068359375
trimmed,False,0,5,rsna_a,False,53.878177642822266
trimmed,False,0,5,kerm_a,False,40.80784606933594
trimmed,False,0,5,rsna_b,False,48.691444396972656
trimmed,False,0,5,kerm_b,False,34.13132858276367
trimmed,False,0,6,rsna_b,False,54.15604782104492
trimmed,False,0,6,kerm_b,False,48.99882888793945
trimmed,False,0,6,rsna_a,False,56.880889892578125
trimmed,False,0,6,kerm_a,False,76.72654724121094
trimmed,False,0,7,rsna_c,False,43.23820495605469
trimmed,False,0,7,kerm_a,False,49.356544494628906
trimmed,False,0,7,rsna_a,False,43.244869232177734
trimmed,False,0,7,rsna_b,False,48.56782150268555
trimmed,False,0,8,kerm_b,False,50.06585693359375
trimmed,False,0,8,rsna_a,False,44.1405029296875
trimmed,False,0,8,rsna_b,False,47.31660842895508
trimmed,False,0,8,rsna_c,False,55.09357833862305
trimmed,False,0,9,kerm_a,False,59.586395263671875
trimmed,False,0,9,rsna_a,False,51.9932746887207
trimmed,False,0,9,rsna_b,False,44.61137008666992
trimmed,False,0,9,rsna_c,False,43.278053283691406
trimmed,False,0,10,kerm_a,False,76.27468872070312
trimmed,False,0,10,rsna_a,False,51.45602798461914
trimmed,False,0,10,rsna_c,False,43.15875244140625
trimmed,False,0,10,rsna_b,False,47.3452033996582
trimmed,False,0,11,rsna_a,False,56.79793167114258
trimmed,False,0,11,kerm_a,False,77.27568817138672
trimmed,False,0,11,rsna_c,False,46.428955078125
trimmed,False,0,11,kerm_b,False,58.15018081665039
trimmed,False,0,12,rsna_a,False,47.165931701660156
trimmed,False,0,12,rsna_c,False,46.02969741821289
trimmed,False,0,12,kerm_b,False,56.047706604003906
trimmed,False,0,12,rsna_b,False,44.7548942565918
trimmed,False,0,13,rsna_b,False,42.17179870605469
trimmed,False,0,13,kerm_b,False,45.63662338256836
trimmed,False,0,13,rsna_a,False,58.55262756347656
trimmed,False,0,13,rsna_c,False,41.639827728271484
trimmed,False,0,14,kerm_a,False,74.70735168457031
trimmed,False,0,14,rsna_c,False,39.95951461791992
trimmed,False,0,14,kerm_b,False,44.90945053100586
trimmed,False,0,14,rsna_b,False,53.113834381103516
trimmed,False,0,15,kerm_b,False,60.53512954711914
trimmed,False,0,15,rsna_b,False,52.20606994628906
trimmed,False,0,15,kerm_a,False,89.80884552001953
trimmed,False,0,15,rsna_a,False,54.43074035644531
trimmed,False,0,16,rsna_b,False,40.094032287597656
trimmed,False,0,16,kerm_b,False,113.78350830078125
trimmed,False,0,16,rsna_c,False,58.996429443359375
trimmed,False,0,16,kerm_a,False,72.24492645263672
trimmed,False,0,17,rsna_c,False,54.15629959106445
trimmed,False,0,17,rsna_a,False,57.136966705322266
trimmed,False,0,17,kerm_b,False,53.65584945678711
trimmed,False,0,17,rsna_b,False,49.63779067993164
trimmed,False,0,18,kerm_b,False,49.05955505371094
trimmed,False,0,18,rsna_c,False,41.662994384765625
trimmed,False,0,18,rsna_b,False,38.272499084472656
trimmed,False,0,18,kerm_a,False,80.49659729003906
trimmed,False,0,19,kerm_b,False,49.0264778137207
trimmed,False,0,19,rsna_a,False,77.08918762207031
trimmed,False,0,19,rsna_b,False,45.65525436401367
trimmed,False,0,19,rsna_c,False,40.45553207397461
trimmed,False,0,20,rsna_b,False,38.81224822998047
trimmed,False,0,20,kerm_a,False,84.29256439208984
trimmed,False,0,20,rsna_c,False,42.54256820678711
trimmed,False,0,20,rsna_a,False,62.20286178588867
trimmed,False,0,21,rsna_b,False,40.24988555908203
trimmed,False,0,21,kerm_b,False,62.576576232910156
trimmed,False,0,21,rsna_c,False,66.760986328125
trimmed,False,0,21,rsna_a,False,50.36549377441406
trimmed,False,0,22,kerm_b,False,47.64400863647461
trimmed,False,0,22,rsna_c,False,46.744564056396484
trimmed,False,0,22,rsna_b,False,60.01796340942383
trimmed,False,0,22,kerm_a,False,110.06378936767578
trimmed,False,0,23,rsna_c,False,59.453800201416016
trimmed,False,0,23,rsna_b,False,39.301483154296875
trimmed,False,0,23,rsna_a,False,89.3160400390625
trimmed,False,0,23,kerm_a,False,44.671875
trimmed,False,0,24,rsna_c,False,70.5154037475586
trimmed,False,0,24,rsna_a,False,57.99817657470703
trimmed,False,0,24,kerm_b,False,83.41502380371094
trimmed,False,0,24,rsna_b,False,32.551536560058594
trimmed,False,0,25,kerm_a,False,103.20095825195312
trimmed,False,0,25,kerm_b,False,54.851173400878906
trimmed,False,0,25,rsna_c,False,39.75192642211914
trimmed,False,0,25,rsna_b,False,51.17421340942383
trimmed,False,0,26,kerm_b,False,58.57050323486328
trimmed,False,0,26,kerm_a,False,91.72532653808594
trimmed,False,0,26,rsna_c,False,39.55349349975586
trimmed,False,0,26,rsna_b,False,44.819339752197266
trimmed,False,0,27,rsna_a,False,73.50019836425781
trimmed,False,0,27,kerm_a,False,103.56720733642578
trimmed,False,0,27,rsna_b,False,46.65732955932617
trimmed,False,0,27,kerm_b,False,49.57569885253906
trimmed,False,0,28,rsna_c,False,62.22251892089844
trimmed,False,0,28,rsna_b,False,58.59298324584961
trimmed,False,0,28,rsna_a,False,63.70466232299805
trimmed,False,0,28,kerm_b,False,69.65206909179688
trimmed,False,0,29,kerm_b,False,57.62255096435547
trimmed,False,0,29,rsna_c,False,56.529441833496094
trimmed,False,0,29,rsna_a,False,83.27391815185547
trimmed,False,0,29,kerm_a,False,92.43721771240234
trimmed,False,0,30,rsna_a,False,71.81645965576172
trimmed,False,0,30,kerm_a,False,101.33354187011719
trimmed,False,0,30,rsna_b,False,49.32089614868164
trimmed,False,0,30,rsna_c,False,42.48041534423828
trimmed,False,1,1,rsna_b,False,28.571205139160156
trimmed,False,1,1,kerm_b,False,31.45578956604004
trimmed,False,1,1,rsna_c,False,28.96221923828125
trimmed,False,1,1,kerm_a,False,28.225847244262695
trimmed,False,1,2,rsna_b,False,34.21686935424805
trimmed,False,1,2,rsna_c,False,35.72667694091797
trimmed,False,1,2,kerm_b,False,41.172847747802734
trimmed,False,1,2,kerm_a,False,27.41961669921875
trimmed,False,1,3,rsna_a,False,40.245826721191406
trimmed,False,1,3,kerm_b,False,71.08480072021484
trimmed,False,1,3,rsna_c,False,35.68870544433594
trimmed,False,1,3,kerm_a,False,30.36709976196289
trimmed,False,1,4,kerm_b,False,78.54801940917969
trimmed,False,1,4,rsna_b,False,38.260372161865234
trimmed,False,1,4,rsna_c,False,39.332191467285156
trimmed,False,1,4,rsna_a,False,50.23514175415039
trimmed,False,1,5,rsna_a,False,63.30373001098633
trimmed,False,1,5,rsna_b,False,48.65585708618164
trimmed,False,1,5,kerm_a,False,46.12907791137695
trimmed,False,1,5,rsna_c,False,46.509090423583984
trimmed,False,1,6,rsna_b,False,43.573760986328125
trimmed,False,1,6,rsna_c,False,39.50421905517578
trimmed,False,1,6,kerm_a,False,41.185699462890625
trimmed,False,1,6,rsna_a,False,50.90131378173828
trimmed,False,1,7,rsna_c,False,40.7229118347168
trimmed,False,1,7,rsna_a,False,53.95683670043945
trimmed,False,1,7,kerm_b,False,52.85101318359375
trimmed,False,1,7,kerm_a,False,40.900169372558594
trimmed,False,1,8,kerm_a,False,49.57794952392578
trimmed,False,1,8,kerm_b,False,41.93685531616211
trimmed,False,1,8,rsna_c,False,42.36955642700195
trimmed,False,1,8,rsna_a,False,47.554595947265625
trimmed,False,1,9,rsna_b,False,71.72885131835938
trimmed,False,1,9,kerm_b,False,43.50217819213867
trimmed,False,1,9,rsna_c,False,38.59074401855469
trimmed,False,1,9,kerm_a,False,46.73778533935547
trimmed,False,1,10,kerm_a,False,42.1507453918457
trimmed,False,1,10,rsna_a,False,55.45724868774414
trimmed,False,1,10,kerm_b,False,55.83834457397461
trimmed,False,1,10,rsna_c,False,39.772865295410156
trimmed,False,1,11,kerm_b,False,48.25990295410156
trimmed,False,1,11,kerm_a,False,40.19089889526367
trimmed,False,1,11,rsna_a,False,45.566619873046875
trimmed,False,1,11,rsna_b,False,63.056861877441406
trimmed,False,1,12,kerm_a,False,43.026824951171875
trimmed,False,1,12,kerm_b,False,46.34791564941406
trimmed,False,1,12,rsna_a,False,45.44193649291992
trimmed,False,1,12,rsna_b,False,64.41241455078125
trimmed,False,1,13,kerm_a,False,35.678367614746094
trimmed,False,1,13,rsna_c,False,43.94423294067383
trimmed,False,1,13,rsna_b,False,57.25257873535156
trimmed,False,1,13,kerm_b,False,49.322505950927734
trimmed,False,1,14,rsna_a,False,56.93307876586914
trimmed,False,1,14,rsna_b,False,53.706939697265625
trimmed,False,1,14,kerm_b,False,67.56803894042969
trimmed,False,1,14,rsna_c,False,51.315433502197266
trimmed,False,1,15,kerm_b,False,51.94068145751953
trimmed,False,1,15,rsna_a,False,79.57817840576172
trimmed,False,1,15,kerm_a,False,51.008060455322266
trimmed,False,1,15,rsna_b,False,63.83359909057617
trimmed,False,1,16,rsna_b,False,52.99266052246094
trimmed,False,1,16,rsna_c,False,45.9015007019043
trimmed,False,1,16,kerm_b,False,66.3111572265625
trimmed,False,1,16,kerm_a,False,38.03728485107422
trimmed,False,1,17,rsna_a,False,67.13628387451172
trimmed,False,1,17,kerm_a,False,37.641719818115234
trimmed,False,1,17,rsna_b,False,46.433101654052734
trimmed,False,1,17,rsna_c,False,35.0311164855957
trimmed,False,1,18,rsna_c,False,59.461299896240234
trimmed,False,1,18,kerm_b,False,54.31964111328125
trimmed,False,1,18,rsna_b,False,49.420196533203125
trimmed,False,1,18,kerm_a,False,40.08048629760742
trimmed,False,1,19,rsna_a,False,93.62544250488281
trimmed,False,1,19,kerm_b,False,52.17327117919922
trimmed,False,1,19,kerm_a,False,51.864933013916016
trimmed,False,1,19,rsna_c,False,33.85319137573242
trimmed,False,1,20,kerm_a,False,41.331153869628906
trimmed,False,1,20,rsna_a,False,73.4979019165039
trimmed,False,1,20,rsna_b,False,50.53672790527344
trimmed,False,1,20,rsna_c,False,59.27278137207031
trimmed,False,1,21,kerm_b,False,66.4727783203125
trimmed,False,1,21,rsna_a,False,55.69570541381836
trimmed,False,1,21,rsna_b,False,34.45924377441406
trimmed,False,1,21,kerm_a,False,45.31046676635742
trimmed,False,1,22,rsna_c,False,74.876953125
trimmed,False,1,22,rsna_a,False,55.903709411621094
trimmed,False,1,22,kerm_b,False,72.54650115966797
trimmed,False,1,22,kerm_a,False,37.40407943725586
trimmed,False,1,23,rsna_c,False,42.96943664550781
trimmed,False,1,23,kerm_a,False,49.22970199584961
trimmed,False,1,23,rsna_b,False,52.35395050048828
trimmed,False,1,23,rsna_a,False,71.8018798828125
trimmed,False,1,24,kerm_a,False,34.137271881103516
trimmed,False,1,24,kerm_b,False,57.24753189086914
trimmed,False,1,24,rsna_b,False,35.45743942260742
trimmed,False,1,24,rsna_c,False,47.254920959472656
trimmed,False,1,25,rsna_a,False,80.31572723388672
trimmed,False,1,25,kerm_b,False,47.50852584838867
trimmed,False,1,25,rsna_b,False,47.19380187988281
trimmed,False,1,25,kerm_a,False,58.17828369140625
trimmed,False,1,26,kerm_b,False,55.985748291015625
trimmed,False,1,26,rsna_b,False,40.46609115600586
trimmed,False,1,26,kerm_a,False,47.217987060546875
trimmed,False,1,26,rsna_a,False,53.07220458984375
trimmed,False,1,27,rsna_c,False,53.00530242919922
trimmed,False,1,27,kerm_a,False,44.30912399291992
trimmed,False,1,27,kerm_b,False,63.912864685058594
trimmed,False,1,27,rsna_a,False,90.39754486083984
trimmed,False,1,28,rsna_c,False,40.48344802856445
trimmed,False,1,28,rsna_b,False,65.27102661132812
trimmed,False,1,28,kerm_b,False,51.59077835083008
trimmed,False,1,28,kerm_a,False,51.41010665893555
trimmed,False,1,29,rsna_b,False,76.30879211425781
trimmed,False,1,29,kerm_b,False,48.26026153564453
trimmed,False,1,29,rsna_a,False,68.63239288330078
trimmed,False,1,29,kerm_a,False,46.99814987182617
trimmed,False,1,30,kerm_b,False,67.13036346435547
trimmed,False,1,30,rsna_a,False,57.86927032470703
trimmed,False,1,30,kerm_a,False,61.04924011230469
trimmed,False,1,30,rsna_b,False,41.731197357177734
trimmed,False,2,1,rsna_c,False,28.176942825317383
trimmed,False,2,1,kerm_b,False,28.746028900146484
trimmed,False,2,1,rsna_b,False,29.36931610107422
trimmed,False,2,1,kerm_a,False,29.68362045288086
trimmed,False,2,2,kerm_b,False,40.479286193847656
trimmed,False,2,2,kerm_a,False,24.70053482055664
trimmed,False,2,2,rsna_c,False,27.646469116210938
trimmed,False,2,2,rsna_a,False,42.22522735595703
trimmed,False,2,3,rsna_a,False,36.60826873779297
trimmed,False,2,3,rsna_c,False,36.05387496948242
trimmed,False,2,3,kerm_a,False,34.24614334106445
trimmed,False,2,3,kerm_b,False,50.07912063598633
trimmed,False,2,4,kerm_b,False,41.86270523071289
trimmed,False,2,4,rsna_c,False,39.38916015625
trimmed,False,2,4,rsna_b,False,51.148372650146484
trimmed,False,2,4,kerm_a,False,37.255218505859375
trimmed,False,2,5,kerm_b,False,38.96821594238281
trimmed,False,2,5,rsna_a,False,44.785892486572266
trimmed,False,2,5,kerm_a,False,37.64450454711914
trimmed,False,2,5,rsna_b,False,48.033119201660156
trimmed,False,2,6,rsna_a,False,48.4080924987793
trimmed,False,2,6,rsna_b,False,41.750762939453125
trimmed,False,2,6,kerm_a,False,43.178531646728516
trimmed,False,2,6,kerm_b,False,66.63911437988281
trimmed,False,2,7,kerm_b,False,48.5623779296875
trimmed,False,2,7,rsna_a,False,46.0942268371582
trimmed,False,2,7,rsna_b,False,41.488887786865234
trimmed,False,2,7,rsna_c,False,37.81884002685547
trimmed,False,2,8,kerm_a,False,51.17340850830078
trimmed,False,2,8,rsna_b,False,48.764442443847656
trimmed,False,2,8,kerm_b,False,42.16563415527344
trimmed,False,2,8,rsna_a,False,41.60367965698242
trimmed,False,2,9,kerm_a,False,41.472537994384766
trimmed,False,2,9,rsna_b,False,43.14790344238281
trimmed,False,2,9,kerm_b,False,52.32048034667969
trimmed,False,2,9,rsna_c,False,39.23675537109375
trimmed,False,2,10,kerm_b,False,43.81876754760742
trimmed,False,2,10,rsna_b,False,42.832618713378906
trimmed,False,2,10,rsna_a,False,62.30205535888672
trimmed,False,2,10,rsna_c,False,44.59911346435547
trimmed,False,2,11,rsna_a,False,43.978759765625
trimmed,False,2,11,kerm_a,False,65.0272445678711
trimmed,False,2,11,kerm_b,False,43.079986572265625
trimmed,False,2,11,rsna_c,False,39.00984573364258
trimmed,False,2,12,kerm_b,False,45.21689224243164
trimmed,False,2,12,rsna_b,False,60.928314208984375
trimmed,False,2,12,kerm_a,False,63.2502555847168
trimmed,False,2,12,rsna_a,False,45.646240234375
trimmed,False,2,13,rsna_c,False,39.04705047607422
trimmed,False,2,13,rsna_a,False,42.021636962890625
trimmed,False,2,13,kerm_b,False,52.28775405883789
trimmed,False,2,13,kerm_a,False,47.14665985107422
trimmed,False,2,14,rsna_a,False,45.65345764160156
trimmed,False,2,14,rsna_b,False,40.02696990966797
trimmed,False,2,14,rsna_c,False,50.01751708984375
trimmed,False,2,14,kerm_a,False,53.00980758666992
trimmed,False,2,15,rsna_b,False,43.9935188293457
trimmed,False,2,15,kerm_b,False,59.005306243896484
trimmed,False,2,15,kerm_a,False,47.575923919677734
trimmed,False,2,15,rsna_a,False,49.84501266479492
trimmed,False,2,16,kerm_b,False,55.02576446533203
trimmed,False,2,16,rsna_a,False,40.715206146240234
trimmed,False,2,16,rsna_b,False,37.500022888183594
trimmed,False,2,16,kerm_a,False,45.86636734008789
trimmed,False,2,17,kerm_a,False,40.980106353759766
trimmed,False,2,17,kerm_b,False,67.62487030029297
trimmed,False,2,17,rsna_a,False,63.02107620239258
trimmed,False,2,17,rsna_b,False,38.73014450073242
trimmed,False,2,18,rsna_c,False,44.97163009643555
trimmed,False,2,18,rsna_a,False,43.860633850097656
trimmed,False,2,18,rsna_b,False,34.73781967163086
trimmed,False,2,18,kerm_a,False,41.52655792236328
trimmed,False,2,19,rsna_a,False,41.448638916015625
trimmed,False,2,19,kerm_a,False,40.16147232055664
trimmed,False,2,19,rsna_b,False,31.861892700195312
trimmed,False,2,19,rsna_c,False,45.09100341796875
trimmed,False,2,20,kerm_a,False,54.30043029785156
trimmed,False,2,20,kerm_b,False,64.14664459228516
trimmed,False,2,20,rsna_c,False,36.96818161010742
trimmed,False,2,20,rsna_a,False,50.57853698730469
trimmed,False,2,21,rsna_a,False,51.64678192138672
trimmed,False,2,21,kerm_b,False,62.466819763183594
trimmed,False,2,21,rsna_b,False,51.230194091796875
trimmed,False,2,21,rsna_c,False,42.33150863647461
trimmed,False,2,22,kerm_b,False,60.777183532714844
trimmed,False,2,22,kerm_a,False,64.29269409179688
trimmed,False,2,22,rsna_a,False,44.52585220336914
trimmed,False,2,22,rsna_b,False,36.607574462890625
trimmed,False,2,23,rsna_b,False,52.51089096069336
trimmed,False,2,23,kerm_b,False,59.0170783996582
trimmed,False,2,23,kerm_a,False,44.45681381225586
trimmed,False,2,23,rsna_c,False,44.52992248535156
trimmed,False,2,24,kerm_b,False,46.78673553466797
trimmed,False,2,24,rsna_a,False,59.896263122558594
trimmed,False,2,24,kerm_a,False,52.31694412231445
trimmed,False,2,24,rsna_c,False,32.44004821777344
trimmed,False,2,25,rsna_b,False,64.5132827758789
trimmed,False,2,25,kerm_b,False,42.59064865112305
trimmed,False,2,25,kerm_a,False,45.1411247253418
trimmed,False,2,25,rsna_a,False,53.915462493896484
trimmed,False,2,26,rsna_c,False,55.6582145690918
trimmed,False,2,26,kerm_a,False,41.60917282104492
trimmed,False,2,26,rsna_a,False,56.96408462524414
trimmed,False,2,26,kerm_b,False,57.880245208740234
trimmed,False,2,27,rsna_b,False,53.158634185791016
trimmed,False,2,27,kerm_b,False,45.97659683227539
trimmed,False,2,27,rsna_c,False,41.47616958618164
trimmed,False,2,27,kerm_a,False,58.29488754272461
trimmed,False,2,28,rsna_b,False,52.7863883972168
trimmed,False,2,28,kerm_a,False,51.92118835449219
trimmed,False,2,28,rsna_a,False,59.64821243286133
trimmed,False,2,28,kerm_b,False,50.5418701171875
trimmed,False,2,29,kerm_b,False,65.02686309814453
trimmed,False,2,29,rsna_b,False,48.058101654052734
trimmed,False,2,29,kerm_a,False,39.69696807861328
trimmed,False,2,29,rsna_c,False,47.17015838623047
trimmed,False,2,30,kerm_a,False,56.49174499511719
trimmed,False,2,30,rsna_c,False,40.9184684753418
trimmed,False,2,30,rsna_b,False,58.02486801147461
trimmed,False,2,30,rsna_a,False,54.23798370361328
trimmed,True,0,1,rsna_c,False,27.61140251159668
trimmed,True,0,1,rsna_b,False,29.80800437927246
trimmed,True,0,1,kerm_b,False,28.477083206176758
trimmed,True,0,1,rsna_a,False,29.020931243896484
trimmed,True,0,2,kerm_a,False,26.6929874420166
trimmed,True,0,2,rsna_b,False,36.23615646362305
trimmed,True,0,2,rsna_a,False,40.93922805786133
trimmed,True,0,2,rsna_c,False,34.58012771606445
trimmed,True,0,3,rsna_a,False,36.080379486083984
trimmed,True,0,3,kerm_b,False,37.73914337158203
trimmed,True,0,3,rsna_c,False,37.00751495361328
trimmed,True,0,3,rsna_b,False,44.166664123535156
trimmed,True,0,4,kerm_a,False,53.70189666748047
trimmed,True,0,4,kerm_b,False,37.642608642578125
trimmed,True,0,4,rsna_a,False,55.795833587646484
trimmed,True,0,4,rsna_c,False,40.70068359375
trimmed,True,0,5,rsna_a,False,53.878177642822266
trimmed,True,0,5,kerm_a,False,40.80784606933594
trimmed,True,0,5,rsna_b,False,48.691444396972656
trimmed,True,0,5,kerm_b,False,34.13132858276367
trimmed,True,0,6,rsna_b,False,54.15604782104492
trimmed,True,0,6,kerm_b,False,48.99882888793945
trimmed,True,0,6,rsna_a,False,56.880889892578125
trimmed,True,0,6,kerm_a,False,76.72654724121094
trimmed,True,0,7,rsna_c,False,43.23820495605469
trimmed,True,0,7,kerm_a,False,49.356544494628906
trimmed,True,0,7,rsna_a,False,43.244869232177734
trimmed,True,0,7,rsna_b,False,48.56782150268555
trimmed,True,0,8,kerm_b,False,50.06585693359375
trimmed,True,0,8,rsna_a,False,44.1405029296875
trimmed,True,0,8,rsna_b,False,47.31660842895508
trimmed,True,0,8,rsna_c,False,55.09357833862305
trimmed,True,0,9,kerm_a,False,59.586395263671875
trimmed,True,0,9,rsna_a,False,51.9932746887207
trimmed,True,0,9,rsna_b,False,44.61137008666992
trimmed,True,0,9,rsna_c,False,43.278053283691406
trimmed,True,0,10,kerm_a,False,76.27468872070312
trimmed,True,0,10,rsna_a,False,51.45602798461914
trimmed,True,0,10,rsna_c,False,43.15875244140625
trimmed,True,0,10,rsna_b,False,47.3452033996582
trimmed,True,0,11,rsna_a,False,56.79793167114258
trimmed,True,0,11,kerm_a,False,77.27568817138672
trimmed,True,0,11,rsna_c,False,46.428955078125
trimmed,True,0,11,kerm_b,False,58.15018081665039
trimmed,True,0,12,rsna_a,False,47.165931701660156
trimmed,True,0,12,rsna_c,False,46.02969741821289
trimmed,True,0,12,kerm_b,False,56.047706604003906
trimmed,True,0,12,rsna_b,False,44.7548942565918
trimmed,True,0,13,rsna_b,False,42.17179870605469
trimmed,True,0,13,kerm_b,False,45.63662338256836
trimmed,True,0,13,rsna_a,False,58.55262756347656
trimmed,True,0,13,rsna_c,False,41.639827728271484
trimmed,True,0,14,kerm_a,False,74.70735168457031
trimmed,True,0,14,rsna_c,False,39.95951461791992
trimmed,True,0,14,kerm_b,False,44.90945053100586
trimmed,True,0,14,rsna_b,False,53.113834381103516
trimmed,True,0,15,rsna_c,True,111.12174987792969
trimmed,True,0,15,rsna_a,False,70.25237274169922
trimmed,True,0,15,kerm_a,False,89.80884552001953
trimmed,True,0,15,kerm_b,False,69.68389892578125
trimmed,True,0,16,rsna_c,True,103.8134994506836
trimmed,True,0,16,rsna_a,False,57.072391510009766
trimmed,True,0,16,rsna_b,False,47.304832458496094
trimmed,True,0,16,kerm_a,False,97.83256530761719
trimmed,True,0,17,rsna_c,True,83.9525146484375
trimmed,True,0,17,rsna_b,False,37.60093688964844
trimmed,True,0,17,rsna_a,False,41.60481262207031
trimmed,True,0,17,kerm_b,False,67.58767700195312
trimmed,True,0,18,rsna_c,True,57.59616470336914
trimmed,True,0,18,rsna_a,False,87.71288299560547
trimmed,True,0,18,kerm_a,False,95.01929473876953
trimmed,True,0,18,rsna_b,False,42.55088424682617
trimmed,True,0,19,rsna_c,True,100.53792572021484
trimmed,True,0,19,kerm_b,False,110.01972198486328
trimmed,True,0,19,rsna_a,False,43.5389518737793
trimmed,True,0,19,kerm_a,False,98.20980834960938
trimmed,True,0,20,rsna_c,True,82.81865692138672
trimmed,True,0,20,kerm_a,False,90.40756225585938
trimmed,True,0,20,rsna_b,False,45.86991500854492
trimmed,True,0,20,rsna_a,False,49.3117790222168
trimmed,True,0,21,rsna_c,True,111.6480484008789
trimmed,True,0,21,kerm_b,False,68.99476623535156
trimmed,True,0,21,kerm_a,False,85.98238372802734
trimmed,True,0,21,rsna_b,False,39.087337493896484
trimmed,True,0,22,rsna_c,True,88.91516876220703
trimmed,True,0,22,rsna_a,False,77.08018493652344
trimmed,True,0,22,rsna_b,False,48.16131591796875
trimmed,True,0,22,kerm_a,False,107.73436737060547
trimmed,True,0,23,rsna_c,True,93.3475112915039
trimmed,True,0,23,kerm_b,False,78.1627426147461
trimmed,True,0,23,rsna_a,False,43.28438186645508
trimmed,True,0,23,kerm_a,False,75.6793441772461
trimmed,True,0,24,rsna_c,True,101.11468505859375
trimmed,True,0,24,kerm_b,False,59.10348129272461
trimmed,True,0,24,rsna_b,False,39.6627311706543
trimmed,True,0,24,rsna_a,False,69.21455383300781
trimmed,True,0,25,rsna_c,True,73.52410125732422
trimmed,True,0,25,kerm_a,False,121.58467102050781
trimmed,True,0,25,rsna_b,False,55.95877456665039
trimmed,True,0,25,kerm_b,False,68.59191131591797
trimmed,True,0,26,rsna_c,True,111.36508178710938
trimmed,True,0,26,kerm_b,False,80.30815124511719
trimmed,True,0,26,rsna_b,False,33.53296661376953
trimmed,True,0,26,rsna_a,False,69.05370330810547
trimmed,True,0,27,rsna_c,True,72.4921875
trimmed,True,0,27,kerm_b,False,66.57633209228516
trimmed,True,0,27,kerm_a,False,100.44857025146484
trimmed,True,0,27,rsna_b,False,40.90936279296875
trimmed,True,0,28,rsna_c,True,99.28579711914062
trimmed,True,0,28,rsna_a,False,69.59639739990234
trimmed,True,0,28,kerm_b,False,58.23079299926758
trimmed,True,0,28,kerm_a,False,97.07405090332031
trimmed,True,0,29,rsna_c,True,87.04454040527344
trimmed,True,0,29,kerm_a,False,117.88650512695312
trimmed,True,0,29,kerm_b,False,76.7276611328125
trimmed,True,0,29,rsna_b,False,40.28756332397461
trimmed,True,0,30,rsna_c,True,104.2498550415039
trimmed,True,0,30,rsna_a,False,86.07624816894531
trimmed,True,0,30,rsna_b,False,43.611656188964844
trimmed,True,0,30,kerm_b,False,73.43602752685547
trimmed,True,1,1,rsna_b,False,28.571205139160156
trimmed,True,1,1,kerm_b,False,31.45578956604004
trimmed,True,1,1,rsna_c,False,28.96221923828125
trimmed,True,1,1,kerm_a,False,28.225847244262695
trimmed,True,1,2,rsna_b,False,34.21686935424805
trimmed,True,1,2,rsna_c,False,35.72667694091797
trimmed,True,1,2,kerm_b,False,41.172847747802734
trimmed,True,1,2,kerm_a,False,27.41961669921875
trimmed,True,1,3,rsna_a,False,40.245826721191406
trimmed,True,1,3,kerm_b,False,71.08480072021484
trimmed,True,1,3,rsna_c,False,35.68870544433594
trimmed,True,1,3,kerm_a,False,30.36709976196289
trimmed,True,1,4,kerm_b,False,78.54801940917969
trimmed,True,1,4,rsna_b,False,38.260372161865234
trimmed,True,1,4,rsna_c,False,39.332191467285156
trimmed,True,1,4,rsna_a,False,50.23514175415039
trimmed,True,1,5,rsna_a,False,63.30373001098633
trimmed,True,1,5,rsna_b,False,48.65585708618164
trimmed,True,1,5,kerm_a,False,46.12907791137695
trimmed,True,1,5,rsna_c,False,46.509090423583984
trimmed,True,1,6,rsna_b,False,43.573760986328125
trimmed,True,1,6,rsna_c,False,39.50421905517578
trimmed,True,1,6,kerm_a,False,41.185699462890625
trimmed,True,1,6,rsna_a,False,50.90131378173828
trimmed,True,1,7,rsna_c,False,40.7229118347168
trimmed,True,1,7,rsna_a,False,53.95683670043945
trimmed,True,1,7,kerm_b,False,52.85101318359375
trimmed,True,1,7,kerm_a,False,40.900169372558594
trimmed,True,1,8,kerm_a,False,49.57794952392578
trimmed,True,1,8,kerm_b,False,41.93685531616211
trimmed,True,1,8,rsna_c,False,42.36955642700195
trimmed,True,1,8,rsna_a,False,47.554595947265625
trimmed,True,1,9,rsna_b,False,71.72885131835938
trimmed,True,1,9,kerm_b,False,43.50217819213867
trimmed,True,1,9,rsna_c,False,38.59074401855469
trimmed,True,1,9,kerm_a,False,46.73778533935547
trimmed,True,1,10,kerm_a,False,42.1507453918457
trimmed,True,1,10,rsna_a,False,55.45724868774414
trimmed,True,1,10,kerm_b,False,55.83834457397461
trimmed,True,1,10,rsna_c,False,39.772865295410156
trimmed,True,1,11,kerm_b,False,48.25990295410156
trimmed,True,1,11,kerm_a,False,40.19089889526367
trimmed,True,1,11,rsna_a,False,45.566619873046875
trimmed,True,1,11,rsna_b,False,63.056861877441406
trimmed,True,1,12,kerm_a,False,43.026824951171875
trimmed,True,1,12,kerm_b,False,46.34791564941406
trimmed,True,1,12,rsna_a,False,45.44193649291992
trimmed,True,1,12,rsna_b,False,64.41241455078125
trimmed,True,1,13,kerm_a,False,35.678367614746094
trimmed,True,1,13,rsna_c,False,43.94423294067383
trimmed,True,1,13,rsna_b,False,57.25257873535156
trimmed,True,1,13,kerm_b,False,49.322505950927734
trimmed,True,1,14,rsna_a,False,56.93307876586914
trimmed,True,1,14,rsna_b,False,53.706939697265625
trimmed,True,1,14,kerm_b,False,67.56803894042969
trimmed,True,1,14,rsna_c,False,51.315433502197266
trimmed,True,1,15,rsna_c,True,79.9220962524414
trimmed,True,1,15,kerm_b,False,49.14302062988281
trimmed,True,1,15,rsna_a,False,83.80504608154297
trimmed,True,1,15,kerm_a,False,65.77117919921875
trimmed,True,1,16,rsna_c,True,75.95176696777344
trimmed,True,1,16,kerm_b,False,52.25486373901367
trimmed,True,1,16,kerm_a,False,40.15465545654297
trimmed,True,1,16,rsna_a,False,54.292537689208984
trimmed,True,1,17,rsna_c,True,77.49320983886719
trimmed,True,1,17,rsna_a,False,69.84928894042969
trimmed,True,1,17,kerm_b,False,51.897369384765625
trimmed,True,1,17,kerm_a,False,45.98028564453125
trimmed,True,1,18,rsna_c,True,75.09680938720703
trimmed,True,1,18,kerm_b,False,43.20765686035156
trimmed,True,1,18,rsna_a,False,51.02992630004883
trimmed,True,1,18,rsna_b,False,79.48757934570312
trimmed,True,1,19,rsna_c,True,64.90786743164062
trimmed,True,1,19,rsna_a,False,52.42524719238281
trimmed,True,1,19,kerm_b,False,47.77838134765625
trimmed,True,1,19,kerm_a,False,63.167930603027344
trimmed,True,1,20,rsna_c,True,56.48386764526367
trimmed,True,1,20,rsna_b,False,55.78152847290039
trimmed,True,1,20,rsna_a,False,60.10704803466797
trimmed,True,1,20,kerm_a,False,48.693756103515625
trimmed,True,1,21,rsna_c,True,66.28863525390625
trimmed,True,1,21,rsna_a,False,41.7430419921875
trimmed,True,1,21,rsna_b,False,35.78254318237305
trimmed,True,1,21,kerm_a,False,45.30271530151367
trimmed,True,1,22,rsna_c,True,77.06922912597656
trimmed,True,1,22,kerm_a,False,36.98887252807617
trimmed,True,1,22,rsna_a,False,42.1282844543457
trimmed,True,1,22,rsna_b,False,40.71197509765625
trimmed,True,1,23,rsna_c,True,77.56830596923828
trimmed,True,1,23,rsna_a,False,43.74075698852539
trimmed,True,1,23,rsna_b,False,52.03627395629883
trimmed,True,1,23,kerm_b,False,52.484893798828125
trimmed,True,1,24,rsna_c,True,49.470638275146484
trimmed,True,1,24,kerm_b,False,71.7599868774414
trimmed,True,1,24,kerm_a,False,47.9235954284668
trimmed,True,1,24,rsna_b,False,47.8435173034668
trimmed,True,1,25,rsna_c,True,64.6885986328125
trimmed,True,1,25,rsna_a,False,52.19828796386719
trimmed,True,1,25,rsna_b,False,48.59586715698242
trimmed,True,1,25,kerm_b,False,71.52678680419922
trimmed,True,1,26,rsna_c,True,53.32184982299805
trimmed,True,1,26,kerm_b,False,50.919063568115234
trimmed,True,1,26,rsna_a,False,56.670650482177734
trimmed,True,1,26,rsna_b,False,44.40510559082031
trimmed,True,1,27,rsna_c,True,81.52839660644531
trimmed,True,1,27,rsna_b,False,45.533592224121094
trimmed,True,1,27,kerm_a,False,51.12995529174805
trimmed,True,1,27,rsna_a,False,90.61972045898438
trimmed,True,1,28,rsna_c,True,76.37039184570312
trimmed,True,1,28,rsna_a,False,50.223670959472656
trimmed,True,1,28,kerm_a,False,35.657928466796875
trimmed,True,1,28,rsna_b,False,36.17718505859375
trimmed,True,1,29,rsna_c,True,66.39273071289062
trimmed,True,1,29,rsna_b,False,50.90350341796875
trimmed,True,1,29,rsna_a,False,45.591312408447266
trimmed,True,1,29,kerm_b,False,65.49934387207031
trimmed,True,1,30,rsna_c,True,75.1299057006836
trimmed,True,1,30,rsna_a,False,58.42457962036133
trimmed,True,1,30,kerm_a,False,56.43177795410156
trimmed,True,1,30,kerm_b,False,49.430973052978516
trimmed,True,2,1,rsna_c,False,28.176942825317383
trimmed,True,2,1,kerm_b,False,28.746028900146484
trimmed,True,2,1,rsna_b,False,29.36931610107422
trimmed,True,2,1,kerm_a,False,29.68362045288086
trimmed,True,2,2,kerm_b,False,40.479286193847656
trimmed,True,2,2,kerm_a,False,24.70053482055664
trimmed,True,2,2,rsna_c,False,27.646469116210938
trimmed,True,2,2,rsna_a,False,42.22522735595703
trimmed,True,2,3,rsna_a,False,36.60826873779297
trimmed,True,2,3,rsna_c,False,36.05387496948242
trimmed,True,2,3,kerm_a,False,34.24614334106445
trimmed,True,2,3,kerm_b,False,50.07912063598633
trimmed,True,2,4,kerm_b,False,41.86270523071289
trimmed,True,2,4,rsna_c,False,39.38916015625
trimmed,True,2,4,rsna_b,False,51.148372650146484
trimmed,True,2,4,kerm_a,False,37.255218505859375
trimmed,True,2,5,kerm_b,False,38.96821594238281
trimmed,True,2,5,rsna_a,False,44.785892486572266
trimmed,True,2,5,kerm_a,False,37.64450454711914
trimmed,True,2,5,rsna_b,False,48.033119201660156
trimmed,True,2,6,rsna_a,False,48.4080924987793
trimmed,True,2,6,rsna_b,False,41.750762939453125
trimmed,True,2,6,kerm_a,False,43.178531646728516
trimmed,True,2,6,kerm_b,False,66.63911437988281
trimmed,True,2,7,kerm_b,False,48.5623779296875
trimmed,True,2,7,rsna_a,False,46.0942268371582
trimmed,True,2,7,rsna_b,False,41.488887786865234
trimmed,True,2,7,rsna_c,False,37.81884002685547
trimmed,True,2,8,kerm_a,False,51.17340850830078
trimmed,True,2,8,rsna_b,False,48.764442443847656
trimmed,True,2,8,kerm_b,False,42.16563415527344
trimmed,True,2,8,rsna_a,False,41.60367965698242
trimmed,True,2,9,kerm_a,False,41.472537994384766
trimmed,True,2,9,rsna_b,False,43.14790344238281
trimmed,True,2,9,kerm_b,False,52.32048034667969
trimmed,True,2,9,rsna_c,False,39.23675537109375
trimmed,True,2,10,kerm_b,False,43.81876754760742
trimmed,True,2,10,rsna_b,False,42.832618713378906
trimmed,True,2,10,rsna_a,False,62.30205535888672
trimmed,True,2,10,rsna_c,False,44.59911346435547
trimmed,True,2,11,rsna_a,False,43.978759765625
trimmed,True,2,11,kerm_a,False,65.0272445678711
trimmed,True,2,11,kerm_b,False,43.079986572265625
trimmed,True,2,11,rsna_c,False,39.00984573364258
trimmed,True,2,12,kerm_b,False,45.21689224243164
trimmed,True,2,12,rsna_b,False,60.928314208984375
trimmed,True,2,12,kerm_a,False,63.2502555847168
trimmed,True,2,12,rsna_a,False,45.646240234375
trimmed,True,2,13,rsna_c,False,39.04705047607422
trimmed,True,2,13,rsna_a,False,42.021636962890625
trimmed,True,2,13,kerm_b,False,52.28775405883789
trimmed,True,2,13,kerm_a,False,47.14665985107422
trimmed,True,2,14,rsna_a,False,45.65345764160156
trimmed,True,2,14,rsna_b,False,40.02696990966797
trimmed,True,2,14,rsna_c,False,50.01751708984375
trimmed,True,2,14,kerm_a,False,53.00980758666992
trimmed,True,2,15,rsna_c,True,60.56099319458008
trimmed,True,2,15,kerm_b,False,59.005306243896484
trimmed,True,2,15,kerm_a,False,47.575923919677734
trimmed,True,2,15,rsna_a,False,49.84501266479492
trimmed,True,2,16,rsna_c,True,62.61796188354492
trimmed,True,2,16,rsna_b,False,41.82212448120117
trimmed,True,2,16,rsna_a,False,47.346195220947266
trimmed,True,2,16,kerm_a,False,51.01797866821289
trimmed,True,2,17,rsna_c,True,59.79991149902344
trimmed,True,2,17,kerm_a,False,45.01163864135742
trimmed,True,2,17,kerm_b,False,56.34684753417969
trimmed,True,2,17,rsna_a,False,47.29045486450195
trimmed,True,2,18,rsna_c,True,46.41794204711914
trimmed,True,2,18,kerm_a,False,75.16387176513672
trimmed,True,2,18,kerm_b,False,43.56840515136719
trimmed,True,2,18,rsna_b,False,35.38481521606445
trimmed,True,2,19,rsna_c,True,65.37811279296875
trimmed,True,2,19,rsna_a,False,52.38278579711914
trimmed,True,2,19,rsna_b,False,35.8873291015625
trimmed,True,2,19,kerm_a,False,44.94401931762695
trimmed,True,2,20,rsna_c,True,54.920562744140625
trimmed,True,2,20,rsna_a,False,40.58430862426758
trimmed,True,2,20,rsna_b,False,48.479007720947266
trimmed,True,2,20,kerm_a,False,55.80045700073242
trimmed,True,2,21,rsna_c,True,61.102874755859375
trimmed,True,2,21,rsna_a,False,37.798851013183594
trimmed,True,2,21,kerm_a,False,45.61056137084961
trimmed,True,2,21,rsna_b,False,33.811676025390625
trimmed,True,2,22,rsna_c,True,47.39655685424805
trimmed,True,2,22,kerm_b,False,48.26780319213867
trimmed,True,2,22,kerm_a,False,51.41667175292969
trimmed,True,2,22,rsna_a,False,46.29042434692383
trimmed,True,2,23,rsna_c,True,61.715782165527344
trimmed,True,2,23,rsna_b,False,44.67515563964844
trimmed,True,2,23,kerm_b,False,56.31045150756836
trimmed,True,2,23,rsna_a,False,40.0391960144043
trimmed,True,2,24,rsna_c,True,55.017303466796875
trimmed,True,2,24,rsna_b,False,47.520992279052734
trimmed,True,2,24,rsna_a,False,51.72441482543945
trimmed,True,2,24,kerm_b,False,45.938961029052734
trimmed,True,2,25,rsna_c,True,54.27632522583008
trimmed,True,2,25,kerm_b,False,40.725833892822266
trimmed,True,2,25,kerm_a,False,43.79191207885742
trimmed,True,2,25,rsna_a,False,45.26617431640625
trimmed,True,2,26,rsna_c,True,49.31095886230469
trimmed,True,2,26,kerm_a,False,53.738460540771484
trimmed,True,2,26,rsna_a,False,40.236412048339844
trimmed,True,2,26,kerm_b,False,43.090511322021484
trimmed,True,2,27,rsna_c,True,47.9040412902832
trimmed,True,2,27,kerm_a,False,50.960758209228516
trimmed,True,2,27,rsna_a,False,45.14251708984375
trimmed,True,2,27,kerm_b,False,38.66792297363281
trimmed,True,2,28,rsna_c,True,54.01971435546875
trimmed,True,2,28,rsna_b,False,38.485897064208984
trimmed,True,2,28,kerm_b,False,36.6495361328125
trimmed,True,2,28,kerm_a,False,49.07319641113281
trimmed,True,2,29,rsna_c,True,57.77494430541992
trimmed,True,2,29,rsna_a,False,61.861907958984375
trimmed,True,2,29,rsna_b,False,39.47046661376953
trimmed,True,2,29,kerm_a,False,43.31964111328125
trimmed,True,2,30,rsna_c,True,58.110504150390625
trimmed,True,2,30,rsna_b,False,39.237083435058594
trimmed,True,2,30,kerm_a,False,40.232078552246094
trimmed,True,2,30,kerm_b,False,58.355159759521484
invariant,False,0,1,rsna_c,False,27.61140251159668
invariant,False,0,1,rsna_b,False,29.80800437927246
invariant,False,0,1,kerm_b,False,28.477083206176758
invariant,False,0,1,rsna_a,False,29.020931243896484
invariant,False,0,2,kerm_a,False,22.965295791625977
invariant,False,0,2,rsna_b,False,25.4566650390625
invariant,False,0,2,rsna_a,False,30.465959548950195
invariant,False,0,2,rsna_c,False,24.506696701049805
invariant,False,0,3,rsna_a,False,27.320816040039062
invariant,False,0,3,kerm_b,False,26.266244888305664
invariant,False,0,3,rsna_c,False,25.2672176361084
invariant,False,0,3,rsna_b,False,30.02348518371582
invariant,False,0,4,kerm_a,False,26.217390060424805
invariant,False,0,4,kerm_b,False,32.07678985595703
invariant,False,0,4,rsna_a,False,40.864036560058594
invariant,False,0,4,rsna_c,False,28.861469268798828
invariant,False,0,5,rsna_a,False,38.280555725097656
invariant,False,0,5,kerm_a,False,29.213451385498047
invariant,False,0,5,rsna_b,False,35.80434036254883
invariant,False,0,5,kerm_b,False,27.94913673400879
invariant,False,0,6,rsna_b,False,34.65226745605469
invariant,False,0,6,kerm_b,False,34.72847366333008
invariant,False,0,6,rsna_a,False,45.36509704589844
invariant,False,0,6,kerm_a,False,32.481956481933594
invariant,False,0,7,rsna_c,False,30.99739646911621
invariant,False,0,7,kerm_a,False,30.1009464263916
invariant,False,0,7,rsna_a,False,39.16974639892578
invariant,False,0,7,rsna_b,False,38.84046936035156
invariant,False,0,8,kerm_b,False,33.50324630737305
invariant,False,0,8,rsna_a,False,38.91844940185547
invariant,False,0,8,rsna_b,False,37.26880645751953
invariant,False,0,8,rsna_c,False,42.46321487426758
invariant,False,0,9,kerm_a,False,37.209266662597656
invariant,False,0,9,rsna_a,False,38.689361572265625
invariant,False,0,9,rsna_b,False,39.2247314453125
invariant,False,0,9,rsna_c,False,34.61557388305664
invariant,False,0,10,kerm_a,False,40.64326858520508
invariant,False,0,10,rsna_a,False,42.22707748413086
invariant,False,0,10,rsna_c,False,38.6739616394043
invariant,False,0,10,rsna_b,False,44.58607864379883
invariant,False,0,11,rsna_a,False,42.52693557739258
invariant,False,0,11,kerm_a,False,35.93233108520508
invariant,False,0,11,rsna_c,False,37.52360916137695
invariant,False,0,11,kerm_b,False,43.124629974365234
invariant,False,0,12,rsna_a,False,38.93925476074219
invariant,False,0,12,rsna_c,False,35.62937545776367
invariant,False,0,12,kerm_b,False,39.357269287109375
invariant,False,0,12,rsna_b,False,38.67822265625
invariant,False,0,13,rsna_b,False,34.661582946777344
invariant,False,0,13,kerm_b,False,37.520469665527344
invariant,False,0,13,rsna_a,False,42.46424102783203
invariant,False,0,13,rsna_c,False,37.83465576171875
invariant,False,0,14,kerm_a,False,36.56338119506836
invariant,False,0,14,rsna_c,False,35.72508239746094
invariant,False,0,14,kerm_b,False,36.652679443359375
invariant,False,0,14,rsna_b,False,45.823951721191406
invariant,False,0,15,kerm_b,False,44.63648223876953
invariant,False,0,15,rsna_b,False,44.3076171875
invariant,False,0,15,kerm_a,False,37.510414123535156
invariant,False,0,15,rsna_a,False,46.51554870605469
invariant,False,0,16,rsna_b,False,38.79643630981445
invariant,False,0,16,kerm_b,False,41.77591323852539
invariant,False,0,16,rsna_c,False,37.17192077636719
invariant,False,0,16,kerm_a,False,36.44977951049805
invariant,False,0,17,rsna_c,False,35.73869705200195
invariant,False,0,17,rsna_a,False,43.67071533203125
invariant,False,0,17,kerm_b,False,38.992835998535156
invariant,False,0,17,rsna_b,False,41.85248565673828
invariant,False,0,18,kerm_b,False,36.473304748535156
invariant,False,0,18,rsna_c,False,44.65235137939453
invariant,False,0,18,rsna_b,False,41.929710388183594
invariant,False,0,18,kerm_a,False,42.622745513916016
invariant,False,0,19,kerm_b,False,42.573081970214844
invariant,False,0,19,rsna_a,False,46.01205062866211
invariant,False,0,19,rsna_b,False,42.5587043762207
invariant,False,0,19,rsna_c,False,32.97991180419922
invariant,False,0,20,rsna_b,False,38.50114822387695
invariant,False,0,20,kerm_a,False,50.52764892578125
invariant,False,0,20,rsna_c,False,34.36638641357422
invariant,False,0,20,rsna_a,False,45.38330841064453
invariant,False,0,21,rsna_b,False,30.590045928955078
invariant,False,0,21,kerm_b,False,51.557064056396484
invariant,False,0,21,rsna_c,False,35.486900329589844
invariant,False,0,21,rsna_a,False,49.4354362487793
invariant,False,0,22,kerm_b,False,42.979957580566406
invariant,False,0,22,rsna_c,False,37.56135940551758
invariant,False,0,22,rsna_b,False,31.60050392150879
invariant,False,0,22,kerm_a,False,37.33146286010742
invariant,False,0,23,rsna_c,False,35.971683502197266
invariant,False,0,23,rsna_b,False,32.44746017456055
invariant,False,0,23,rsna_a,False,52.03599548339844
invariant,False,0,23,kerm_a,False,34.92185974121094
invariant,False,0,24,rsna_c,False,42.91511154174805
invariant,False,0,24,rsna_a,False,41.67903518676758
invariant,False,0,24,kerm_b,False,49.919864654541016
invariant,False,0,24,rsna_b,False,30.56076431274414
invariant,False,0,25,kerm_a,False,44.94428634643555
invariant,False,0,25,kerm_b,False,44.87208938598633
invariant,False,0,25,rsna_c,False,33.397056579589844
invariant,False,0,25,rsna_b,False,38.03322219848633
invariant,False,0,26,kerm_b,False,42.65296936035156
invariant,False,0,26,kerm_a,False,51.78784942626953
invariant,False,0,26,rsna_c,False,40.98368453979492
invariant,False,0,26,rsna_b,False,43.34462356567383
invariant,False,0,27,rsna_a,False,48.96527099609375
invariant,False,0,27,kerm_a,False,44.849159240722656
invariant,False,0,27,rsna_b,False,39.41051483154297
invariant,False,0,27,kerm_b,False,48.79344940185547
invariant,False,0,28,rsna_c,False,35.57332229614258
invariant,False,0,28,rsna_b,False,38.31112289428711
invariant,False,0,28,rsna_a,False,50.82480239868164
invariant,False,0,28,kerm_b,False,54.9728889465332
invariant,False,0,29,kerm_b,False,42.5975456237793
invariant,False,0,29,rsna_c,False,35.098445892333984
invariant,False,0,29,rsna_a,False,49.06085205078125
invariant,False,0,29,kerm_a,False,43.298431396484375
invariant,False,0,30,rsna_a,False,41.943111419677734
invariant,False,0,30,kerm_a,False,51.56142044067383
invariant,False,0,30,rsna_b,False,32.901512145996094
invariant,False,0,30,rsna_c,False,35.94980239868164
invariant,False,1,1,rsna_b,False,28.571205139160156
invariant,False,1,1,kerm_b,False,31.45578956604004
invariant,False,1,1,rsna_c,False,28.96221923828125
invariant,False,1,1,kerm_a,False,28.225847244262695
invariant,False,1,2,rsna_b,False,27.025177001953125
invariant,False,1,2,rsna_c,False,23.42645263671875
invariant,False,1,2,kerm_b,False,24.835012435913086
invariant,False,1,2,kerm_a,False,23.990034103393555
invariant,False,1,3,rsna_a,False,32.68392562866211
invariant,False,1,3,kerm_b,False,28.48662567138672
invariant,False,1,3,rsna_c,False,26.439640045166016
invariant,False,1,3,kerm_a,False,25.12586212158203
invariant,False,1,4,kerm_b,False,36.81782150268555
invariant,False,1,4,rsna_b,False,31.316194534301758
invariant,False,1,4,rsna_c,False,28.30946922302246
invariant,False,1,4,rsna_a,False,38.81534957885742
invariant,False,1,5,rsna_a,False,43.18427658081055
invariant,False,1,5,rsna_b,False,31.396224975585938
invariant,False,1,5,kerm_a,False,29.39568328857422
invariant,False,1,5,rsna_c,False,33.84192657470703
invariant,False,1,6,rsna_b,False,33.06927490234375
invariant,False,1,6,rsna_c,False,30.484487533569336
invariant,False,1,6,kerm_a,False,30.689441680908203
invariant,False,1,6,rsna_a,False,44.121097564697266
invariant,False,1,7,rsna_c,False,35.11606979370117
invariant,False,1,7,rsna_a,False,40.65932083129883
invariant,False,1,7,kerm_b,False,47.556400299072266
invariant,False,1,7,kerm_a,False,36.348411560058594
invariant,False,1,8,kerm_a,False,51.75822067260742
invariant,False,1,8,kerm_b,False,33.16632843017578
invariant,False,1,8,rsna_c,False,34.62962341308594
invariant,False,1,8,rsna_a,False,41.73247528076172
invariant,False,1,9,rsna_b,False,53.2891731262207
invariant,False,1,9,kerm_b,False,32.5418701171875
invariant,False,1,9,rsna_c,False,32.096717834472656
invariant,False,1,9,kerm_a,False,39.335384368896484
invariant,False,1,10,kerm_a,False,34.125823974609375
invariant,False,1,10,rsna_a,False,50.21221923828125
invariant,False,1,10,kerm_b,False,34.32065963745117
invariant,False,1,10,rsna_c,False,55.756465911865234
invariant,False,1,11,kerm_b,False,34.02448272705078
invariant,False,1,11,kerm_a,False,37.04302215576172
invariant,False,1,11,rsna_a,False,46.49381637573242
invariant,False,1,11,rsna_b,False,34.417198181152344
invariant,False,1,12,kerm_a,False,45.89658737182617
invariant,False,1,12,kerm_b,False,36.17842483520508
invariant,False,1,12,rsna_a,False,40.248714447021484
invariant,False,1,12,rsna_b,False,43.593502044677734
invariant,False,1,13,kerm_a,False,40.806270599365234
invariant,False,1,13,rsna_c,False,46.47142791748047
invariant,False,1,13,rsna_b,False,42.81538009643555
invariant,False,1,13,kerm_b,False,44.14303207397461
invariant,False,1,14,rsna_a,False,43.51387405395508
invariant,False,1,14,rsna_b,False,38.38983154296875
invariant,False,1,14,kerm_b,False,50.51347351074219
invariant,False,1,14,rsna_c,False,39.643741607666016
invariant,False,1,15,kerm_b,False,37.285125732421875
invariant,False,1,15,rsna_a,False,43.845176696777344
invariant,False,1,15,kerm_a,False,38.560184478759766
invariant,False,1,15,rsna_b,False,39.51160430908203
invariant,False,1,16,rsna_b,False,39.03263473510742
invariant,False,1,16,rsna_c,False,37.76663589477539
invariant,False,1,16,kerm_b,False,38.536136627197266
invariant,False,1,16,kerm_a,False,42.753578186035156
invariant,False,1,17,rsna_a,False,45.31597137451172
invariant,False,1,17,kerm_a,False,38.319217681884766
invariant,False,1,17,rsna_b,False,35.17300796508789
invariant,False,1,17,rsna_c,False,40.214569091796875
invariant,False,1,18,rsna_c,False,36.20275115966797
invariant,False,1,18,kerm_b,False,41.12437438964844
invariant,False,1,18,rsna_b,False,41.75149154663086
invariant,False,1,18,kerm_a,False,38.99433898925781
invariant,False,1,19,rsna_a,False,43.045101165771484
invariant,False,1,19,kerm_b,False,44.78730010986328
invariant,False,1,19,kerm_a,False,54.92499923706055
invariant,False,1,19,rsna_c,False,34.60566711425781
invariant,False,1,20,kerm_a,False,48.115055084228516
invariant,False,1,20,rsna_a,False,44.26996612548828
invariant,False,1,20,rsna_b,False,35.19341278076172
invariant,False,1,20,rsna_c,False,40.41067123413086
invariant,False,1,21,kerm_b,False,38.35443115234375
invariant,False,1,21,rsna_a,False,43.978328704833984
invariant,False,1,21,rsna_b,False,36.349517822265625
invariant,False,1,21,kerm_a,False,44.06812286376953
invariant,False,1,22,rsna_c,False,36.87568283081055
invariant,False,1,22,rsna_a,False,45.179298400878906
invariant,False,1,22,kerm_b,False,53.26430892944336
invariant,False,1,22,kerm_a,False,37.540771484375
invariant,False,1,23,rsna_c,False,44.604286193847656
invariant,False,1,23,kerm_a,False,41.67024230957031
invariant,False,1,23,rsna_b,False,35.06801986694336
invariant,False,1,23,rsna_a,False,46.56734085083008
invariant,False,1,24,kerm_a,False,35.465885162353516
invariant,False,1,24,kerm_b,False,37.72230529785156
invariant,False,1,24,rsna_b,False,39.596012115478516
invariant,False,1,24,rsna_c,False,34.38317108154297
invariant,False,1,25,rsna_a,False,43.23946762084961
invariant,False,1,25,kerm_b,False,45.15003967285156
invariant,False,1,25,rsna_b,False,40.51955032348633
invariant,False,1,25,kerm_a,False,39.978729248046875
invariant,False,1,26,kerm_b,False,47.81099319458008
invariant,False,1,26,rsna_b,False,36.432373046875
invariant,False,1,26,kerm_a,False,34.940677642822266
invariant,False,1,26,rsna_a,False,41.2884407043457
invariant,False,1,27,rsna_c,False,41.4063835144043
invariant,False,1,27,kerm_a,False,36.702972412109375
invariant,False,1,27,kerm_b,False,41.062782287597656
invariant,False,1,27,rsna_a,False,54.49228286743164
invariant,False,1,28,rsna_c,False,48.897682189941406
invariant,False,1,28,rsna_b,False,39.15856170654297
invariant,False,1,28,kerm_b,False,39.671485900878906
invariant,False,1,28,kerm_a,False,34.19295120239258
invariant,False,1,29,rsna_b,False,38.921051025390625
invariant,False,1,29,kerm_b,False,58.216190338134766
invariant,False,1,29,rsna_a,False,44.239383697509766
invariant,False,1,29,kerm_a,False,38.77102279663086
invariant,False,1,30,kerm_b,False,41.722557067871094
invariant,False,1,30,rsna_a,False,47.7412109375
invariant,False,1,30,kerm_a,False,30.601348876953125
invariant,False,1,30,rsna_b,False,38.42167282104492
invariant,False,2,1,rsna_c,False,28.176942825317383
invariant,False,2,1,kerm_b,False,28.746028900146484
invariant,False,2,1,rsna_b,False,29.36931610107422
invariant,False,2,1,kerm_a,False,29.68362045288086
invariant,False,2,2,kerm_b,False,25.723508834838867
invariant,False,2,2,kerm_a,False,22.54163360595703
invariant,False,2,2,rsna_c,False,22.750577926635742
invariant,False,2,2,rsna_a,False,28.137142181396484
invariant,False,2,3,rsna_a,False,29.831045150756836
invariant,False,2,3,rsna_c,False,24.682641983032227
invariant,False,2,3,kerm_a,False,25.588912963867188
invariant,False,2,3,kerm_b,False,34.22134017944336
invariant,False,2,4,kerm_b,False,28.146596908569336
invariant,False,2,4,rsna_c,False,26.092554092407227
invariant,False,2,4,rsna_b,False,30.302967071533203
invariant,False,2,4,kerm_a,False,25.30101776123047
invariant,False,2,5,kerm_b,False,30.91516876220703
invariant,False,2,5,rsna_a,False,34.56373596191406
invariant,False,2,5,kerm_a,False,25.939661026000977
invariant,False,2,5,rsna_b,False,31.75711441040039
invariant,False,2,6,rsna_a,False,42.90480041503906
invariant,False,2,6,rsna_b,False,29.885412216186523
invariant,False,2,6,kerm_a,False,29.01722526550293
invariant,False,2,6,kerm_b,False,32.101871490478516
invariant,False,2,7,kerm_b,False,31.212865829467773
invariant,False,2,7,rsna_a,False,46.73835372924805
invariant,False,2,7,rsna_b,False,33.69218826293945
invariant,False,2,7,rsna_c,False,29.92813491821289
invariant,False,2,8,kerm_a,False,28.823646545410156
invariant,False,2,8,rsna_b,False,38.41611862182617
invariant,False,2,8,kerm_b,False,31.412466049194336
invariant,False,2,8,rsna_a,False,47.1728515625
invariant,False,2,9,kerm_a,False,30.524444580078125
invariant,False,2,9,rsna_b,False,33.57910919189453
invariant,False,2,9,kerm_b,False,35.49109649658203
invariant,False,2,9,rsna_c,False,39.739566802978516
invariant,False,2,10,kerm_b,False,33.03602600097656
invariant,False,2,10,rsna_b,False,36.95722961425781
invariant,False,2,10,rsna_a,False,47.116703033447266
invariant,False,2,10,rsna_c,False,32.042381286621094
invariant,False,2,11,rsna_a,False,34.000667572021484
invariant,False,2,11,kerm_a,False,37.23321533203125
invariant,False,2,11,kerm_b,False,33.50758361816406
invariant,False,2,11,rsna_c,False,35.42223358154297
invariant,False,2,12,kerm_b,False,34.8094482421875
invariant,False,2,12,rsna_b,False,43.859928131103516
invariant,False,2,12,kerm_a,False,36.3526725769043
invariant,False,2,12,rsna_a,False,44.49581527709961
invariant,False,2,13,rsna_c,False,44.782169342041016
invariant,False,2,13,rsna_a,False,45.93091583251953
invariant,False,2,13,kerm_b,False,34.24666976928711
invariant,False,2,13,kerm_a,False,36.452392578125
invariant,False,2,14,rsna_a,False,44.1905632019043
invariant,False,2,14,rsna_b,False,42.19158172607422
invariant,False,2,14,rsna_c,False,35.206966400146484
invariant,False,2,14,kerm_a,False,32.61375427246094
invariant,False,2,15,rsna_b,False,35.497528076171875
invariant,False,2,15,kerm_b,False,38.621368408203125
invariant,False,2,15,kerm_a,False,43.98280715942383
invariant,False,2,15,rsna_a,False,48.07108688354492
invariant,False,2,16,kerm_b,False,38.28724670410156
invariant,False,2,16,rsna_a,False,42.01805114746094
invariant,False,2,16,rsna_b,False,40.739688873291016
invariant,False,2,16,kerm_a,False,37.04233169555664
invariant,False,2,17,kerm_a,False,39.4277458190918
invariant,False,2,17,kerm_b,False,40.405826568603516
invariant,False,2,17,rsna_a,False,45.65333938598633
invariant,False,2,17,rsna_b,False,36.8013916015625
invariant,False,2,18,rsna_c,False,45.05506896972656
invariant,False,2,18,rsna_a,False,47.33329772949219
invariant,False,2,18,rsna_b,False,38.64350509643555
invariant,False,2,18,kerm_a,False,39.69511795043945
invariant,False,2,19,rsna_a,False,50.00331497192383
invariant,False,2,19,kerm_a,False,41.830631256103516
invariant,False,2,19,rsna_b,False,37.44450378417969
invariant,False,2,19,rsna_c,False,37.35493087768555
invariant,False,2,20,kerm_a,False,38.61014175415039
invariant,False,2,20,kerm_b,False,49.295101165771484
invariant,False,2,20,rsna_c,False,43.157169342041016
invariant,False,2,20,rsna_a,False,52.33811950683594
invariant,False,2,21,rsna_a,False,54.972171783447266
invariant,False,2,21,kerm_b,False,45.31444549560547
invariant,False,2,21,rsna_b,False,41.16020202636719
invariant,False,2,21,rsna_c,False,37.11111068725586
invariant,False,2,22,kerm_b,False,42.86499786376953
invariant,False,2,22,kerm_a,False,41.47273254394531
invariant,False,2,22,rsna_a,False,43.17270278930664
invariant,False,2,22,rsna_b,False,37.093875885009766
invariant,False,2,23,rsna_b,False,40.043792724609375
invariant,False,2,23,kerm_b,False,43.44671630859375
invariant,False,2,23,kerm_a,False,35.3722038269043
invariant,False,2,23,rsna_c,False,39.725669860839844
invariant,False,2,24,kerm_b,False,43.046714782714844
invariant,False,2,24,rsna_a,False,48.25631332397461
invariant,False,2,24,kerm_a,False,42.14096450805664
invariant,False,2,24,rsna_c,False,35.39643096923828
invariant,False,2,25,rsna_b,False,40.25106430053711
invariant,False,2,25,kerm_b,False,50.705177307128906
invariant,False,2,25,kerm_a,False,51.72174072265625
invariant,False,2,25,rsna_a,False,45.16545867919922
invariant,False,2,26,rsna_c,False,31.998720169067383
invariant,False,2,26,kerm_a,False,57.915245056152344
invariant,False,2,26,rsna_a,False,38.47391891479492
invariant,False,2,26,kerm_b,False,40.94073486328125
invariant,False,2,27,rsna_b,False,49.18571090698242
invariant,False,2,27,kerm_b,False,36.032718658447266
invariant,False,2,27,rsna_c,False,34.25883865356445
invariant,False,2,27,kerm_a,False,49.85747146606445
invariant,False,2,28,rsna_b,False,44.53891372680664
invariant,False,2,28,kerm_a,False,32.91337966918945
invariant,False,2,28,rsna_a,False,52.89017868041992
invariant,False,2,28,kerm_b,False,48.18342971801758
invariant,False,2,29,kerm_b,False,47.08384323120117
invariant,False,2,29,rsna_b,False,52.896148681640625
invariant,False,2,29,kerm_a,False,34.90053176879883
invariant,False,2,29,rsna_c,False,35.46376037597656
invariant,False,2,30,kerm_a,False,43.693870544433594
invariant,False,2,30,rsna_c,False,34.48112487792969
invariant,False,2,30,rsna_b,False,51.718257904052734
invariant,False,2,30,rsna_a,False,49.84725570678711
invariant,True,0,1,rsna_c,False,27.61140251159668
invariant,True,0,1,rsna_b,False,29.80800437927246
invariant,True,0,1,kerm_b,False,28.477083206176758
invariant,True,0,1,rsna_a,False,29.020931243896484
invariant,True,0,2,kerm_a,False,22.965295791625977
invariant,True,0,2,rsna_b,False,25.4566650390625
invariant,True,0,2,rsna_a,False,30.465959548950195
invariant,True,0,2,rsna_c,False,24.506696701049805
invariant,True,0,3,rsna_a,False,27.320816040039062
invariant,True,0,3,kerm_b,False,26.266244888305664
invariant,True,0,3,rsna_c,False,25.2672176361084
invariant,True,0,3,rsna_b,False,30.02348518371582
invariant,True,0,4,kerm_a,False,26.217390060424805
invariant,True,0,4,kerm_b,False,32.07678985595703
invariant,True,0,4,rsna_a,False,40.864036560058594
invariant,True,0,4,rsna_c,False,28.861469268798828
invariant,True,0,5,rsna_a,False,38.280555725097656
invariant,True,0,5,kerm_a,False,29.213451385498047
invariant,True,0,5,rsna_b,False,35.80434036254883
invariant,True,0,5,kerm_b,False,27.94913673400879
invariant,True,0,6,rsna_b,False,34.65226745605469
invariant,True,0,6,kerm_b,False,34.72847366333008
invariant,True,0,6,rsna_a,False,45.36509704589844
invariant,True,0,6,kerm_a,False,32.481956481933594
invariant,True,0,7,rsna_c,False,30.99739646911621
invariant,True,0,7,kerm_a,False,30.1009464263916
invariant,True,0,7,rsna_a,False,39.16974639892578
invariant,True,0,7,rsna_b,False,38.84046936035156
invariant,True,0,8,kerm_b,False,33.50324630737305
invariant,True,0,8,rsna_a,False,38.91844940185547
invariant,True,0,8,rsna_b,False,37.26880645751953
invariant,True,0,8,rsna_c,False,42.46321487426758
invariant,True,0,9,kerm_a,False,37.209266662597656
invariant,True,0,9,rsna_a,False,38.689361572265625
invariant,True,0,9,rsna_b,False,39.2247314453125
invariant,True,0,9,rsna_c,False,34.61557388305664
invariant,True,0,10,kerm_a,False,40.64326858520508
invariant,True,0,10,rsna_a,False,42.22707748413086
invariant,True,0,10,rsna_c,False,38.6739616394043
invariant,True,0,10,rsna_b,False,44.58607864379883
invariant,True,0,11,rsna_a,False,42.52693557739258
invariant,True,0,11,kerm_a,False,35.93233108520508
invariant,True,0,11,rsna_c,False,37.52360916137695
invariant,True,0,11,kerm_b,False,43.124629974365234
invariant,True,0,12,rsna_a,False,38.93925476074219
invariant,True,0,12,rsna_c,False,35.62937545776367
invariant,True,0,12,kerm_b,False,39.357269287109375
invariant,True,0,12,rsna_b,False,38.67822265625
invariant,True,0,13,rsna_b,False,34.661582946777344
invariant,True,0,13,kerm_b,False,37.520469665527344
invariant,True,0,13,rsna_a,False,42.46424102783203
invariant,True,0,13,rsna_c,False,37.83465576171875
invariant,True,0,14,kerm_a,False,36.56338119506836
invariant,True,0,14,rsna_c,False,35.72508239746094
invariant,True,0,14,kerm_b,False,36.652679443359375
invariant,True,0,14,rsna_b,False,45.823951721191406
invariant,True,0,15,rsna_c,True,43.77296447753906
invariant,True,0,15,rsna_a,False,50.84714126586914
invariant,True,0,15,kerm_a,False,37.510414123535156
invariant,True,0,15,kerm_b,False,39.73006820678711
invariant,True,0,16,rsna_c,True,47.939579010009766
invariant,True,0,16,rsna_a,False,43.43067169189453
invariant,True,0,16,rsna_b,False,38.09919738769531
invariant,True,0,16,kerm_a,False,40.28996276855469
invariant,True,0,17,rsna_c,True,48.27421188354492
invariant,True,0,17,rsna_b,False,34.59752655029297
invariant,True,0,17,rsna_a,False,48.71684265136719
invariant,True,0,17,kerm_b,False,37.85889434814453
invariant,True,0,18,rsna_c,True,41.56037139892578
invariant,True,0,18,rsna_a,False,52.25321578979492
invariant,True,0,18,kerm_a,False,36.566673278808594
invariant,True,0,18,rsna_b,False,36.33761978149414
invariant,True,0,19,rsna_c,True,49.19008255004883
invariant,True,0,19,kerm_b,False,46.843910217285156
invariant,True,0,19,rsna_a,False,41.91537857055664
invariant,True,0,19,kerm_a,False,35.55068588256836
invariant,True,0,20,rsna_c,True,52.74428176879883
invariant,True,0,20,kerm_a,False,49.52359390258789
invariant,True,0,20,rsna_b,False,41.92438507080078
invariant,True,0,20,rsna_a,False,42.57384490966797
invariant,True,0,21,rsna_c,True,42.512428283691406
invariant,True,0,21,kerm_b,False,47.063987731933594
invariant,True,0,21,kerm_a,False,42.48349380493164
invariant,True,0,21,rsna_b,False,37.445823669433594
invariant,True,0,22,rsna_c,True,40.741729736328125
invariant,True,0,22,rsna_a,False,44.86309051513672
invariant,True,0,22,rsna_b,False,33.40157699584961
invariant,True,0,22,kerm_a,False,38.381019592285156
invariant,True,0,23,rsna_c,True,41.08827209472656
invariant,True,0,23,kerm_b,False,42.40080642700195
invariant,True,0,23,rsna_a,False,42.683799743652344
invariant,True,0,23,kerm_a,False,35.27341079711914
invariant,True,0,24,rsna_c,True,37.220741271972656
invariant,True,0,24,kerm_b,False,41.301612854003906
invariant,True,0,24,rsna_b,False,40.546749114990234
invariant,True,0,24,rsna_a,False,35.064273834228516
invariant,True,0,25,rsna_c,True,44.63965606689453
invariant,True,0,25,kerm_a,False,38.91257095336914
invariant,True,0,25,rsna_b,False,34.251583099365234
invariant,True,0,25,kerm_b,False,46.49349594116211
invariant,True,0,26,rsna_c,True,39.56095886230469
invariant,True,0,26,kerm_b,False,47.78158187866211
invariant,True,0,26,rsna_b,False,37.42517852783203
invariant,True,0,26,rsna_a,False,41.478885650634766
invariant,True,0,27,rsna_c,True,43.834476470947266
invariant,True,0,27,kerm_b,False,39.13772964477539
invariant,True,0,27,kerm_a,False,42.691627502441406
invariant,True,0,27,rsna_b,False,29.86198616027832
invariant,True,0,28,rsna_c,True,36.94685745239258
invariant,True,0,28,rsna_a,False,37.42887878417969
invariant,True,0,28,kerm_b,False,41.485103607177734
invariant,True,0,28,kerm_a,False,40.26569747924805
invariant,True,0,29,rsna_c,True,34.305946350097656
invariant,True,0,29,kerm_a,False,36.672157287597656
invariant,True,0,29,kerm_b,False,40.91751480102539
invariant,True,0,29,rsna_b,False,39.21158981323242
invariant,True,0,30,rsna_c,True,42.154144287109375
invariant,True,0,30,rsna_a,False,40.045204162597656
invariant,True,0,30,rsna_b,False,30.824113845825195
invariant,True,0,30,kerm_b,False,47.19988250732422
invariant,True,1,1,rsna_b,False,28.571205139160156
invariant,True,1,1,kerm_b,False,31.45578956604004
invariant,True,1,1,rsna_c,False,28.96221923828125
invariant,True,1,1,kerm_a,False,28.225847244262695
invariant,True,1,2,rsna_b,False,27.025177001953125
invariant,True,1,2,rsna_c,False,23.42645263671875
invariant,True,1,2,kerm_b,False,24.835012435913086
invariant,True,1,2,kerm_a,False,23.990034103393555
invariant,True,1,3,rsna_a,False,32.68392562866211
invariant,True,1,3,kerm_b,False,28.48662567138672
invariant,True,1,3,rsna_c,False,26.439640045166016
invariant,True,1,3,kerm_a,False,25.12586212158203
invariant,True,1,4,kerm_b,False,36.81782150268555
invariant,True,1,4,rsna_b,False,31.316194534301758
invariant,True,1,4,rsna_c,False,28.30946922302246
invariant,True,1,4,rsna_a,False,38.81534957885742
invariant,True,1,5,rsna_a,False,43.18427658081055
invariant,True,1,5,rsna_b,False,31.396224975585938
invariant,True,1,5,kerm_a,False,29.39568328857422
invariant,True,1,5,rsna_c,False,33.84192657470703
invariant,True,1,6,rsna_b,False,33.06927490234375
invariant,True,1,6,rsna_c,False,30.484487533569336
invariant,True,1,6,kerm_a,False,30.689441680908203
invariant,True,1,6,rsna_a,False,44.121097564697266
invariant,True,1,7,rsna_c,False,35.11606979370117
invariant,True,1,7,rsna_a,False,40.65932083129883
invariant,True,1,7,kerm_b,False,47.556400299072266
invariant,True,1,7,kerm_a,False,36.348411560058594
invariant,True,1,8,kerm_a,False,51.75822067260742
invariant,True,1,8,kerm_b,False,33.16632843017578
invariant,True,1,8,rsna_c,False,34.62962341308594
invariant,True,1,8,rsna_a,False,41.73247528076172
invariant,True,1,9,rsna_b,False,53.2891731262207
invariant,True,1,9,kerm_b,False,32.5418701171875
invariant,True,1,9,rsna_c,False,32.096717834472656
invariant,True,1,9,kerm_a,False,39.335384368896484
invariant,True,1,10,kerm_a,False,34.125823974609375
invariant,True,1,10,rsna_a,False,50.21221923828125
invariant,True,1,10,kerm_b,False,34.32065963745117
invariant,True,1,10,rsna_c,False,55.756465911865234
invariant,True,1,11,kerm_b,False,34.02448272705078
invariant,True,1,11,kerm_a,False,37.04302215576172
invariant,True,1,11,rsna_a,False,46.49381637573242
invariant,True,1,11,rsna_b,False,34.417198181152344
invariant,True,1,12,kerm_a,False,45.89658737182617
invariant,True,1,12,kerm_b,False,36.17842483520508
invariant,True,1,12,rsna_a,False,40.248714447021484
invariant,True,1,12,rsna_b,False,43.593502044677734
invariant,True,1,13,kerm_a,False,40.806270599365234
invariant,True,1,13,rsna_c,False,46.47142791748047
invariant,True,1,13,rsna_b,False,42.81538009643555
invariant,True,1,13,kerm_b,False,44.14303207397461
invariant,True,1,14,rsna_a,False,43.51387405395508
invariant,True,1,14,rsna_b,False,38.38983154296875
invariant,True,1,14,kerm_b,False,50.51347351074219
invariant,True,1,14,rsna_c,False,39.643741607666016
invariant,True,1,15,rsna_c,True,70.36368560791016
invariant,True,1,15,kerm_b,False,38.084922790527344
invariant,True,1,15,rsna_a,False,49.89155578613281
invariant,True,1,15,kerm_a,False,55.932594299316406
invariant,True,1,16,rsna_c,True,58.18902587890625
invariant,True,1,16,kerm_b,False,47.28471374511719
invariant,True,1,16,kerm_a,False,35.53528594970703
invariant,True,1,16,rsna_a,False,50.9305305480957
invariant,True,1,17,rsna_c,True,64.16902160644531
invariant,True,1,17,rsna_a,False,44.78600311279297
invariant,True,1,17,kerm_b,False,42.15338897705078
invariant,True,1,17,kerm_a,False,37.92876434326172
invariant,True,1,18,rsna_c,True,56.35124588012695
invariant,True,1,18,kerm_b,False,43.15989685058594
invariant,True,1,18,rsna_a,False,42.409122467041016
invariant,True,1,18,rsna_b,False,40.87431335449219
invariant,True,1,19,rsna_c,True,60.358192443847656
invariant,True,1,19,rsna_a,False,46.896724700927734
invariant,True,1,19,kerm_b,False,37.48103713989258
invariant,True,1,19,kerm_a,False,55.10718536376953
invariant,True,1,20,rsna_c,True,48.06720733642578
invariant,True,1,20,rsna_b,False,44.229339599609375
invariant,True,1,20,rsna_a,False,39.06825256347656
invariant,True,1,20,kerm_a,False,51.75328826904297
invariant,True,1,21,rsna_c,True,45.120445251464844
invariant,True,1,21,rsna_a,False,45.757904052734375
invariant,True,1,21,rsna_b,False,36.337730407714844
invariant,True,1,21,kerm_a,False,50.895931243896484
invariant,True,1,22,rsna_c,True,47.33878707885742
invariant,True,1,22,kerm_a,False,47.986846923828125
invariant,True,1,22,rsna_a,False,39.397056579589844
invariant,True,1,22,rsna_b,False,41.865440368652344
invariant,True,1,23,rsna_c,True,41.696163177490234
invariant,True,1,23,rsna_a,False,38.23534393310547
invariant,True,1,23,rsna_b,False,39.424339294433594
invariant,True,1,23,kerm_b,False,43.326847076416016
invariant,True,1,24,rsna_c,True,46.793338775634766
invariant,True,1,24,kerm_b,False,44.86363220214844
invariant,True,1,24,kerm_a,False,46.77772903442383
invariant,True,1,24,rsna_b,False,38.96430587768555
invariant,True,1,25,rsna_c,True,51.421142578125
invariant,True,1,25,rsna_a,False,38.51845169067383
invariant,True,1,25,rsna_b,False,39.94031524658203
invariant,True,1,25,kerm_b,False,46.63076400756836
invariant,True,1,26,rsna_c,True,45.09814453125
invariant,True,1,26,kerm_b,False,52.392791748046875
invariant,True,1,26,rsna_a,False,39.17324447631836
invariant,True,1,26,rsna_b,False,33.98366165161133
invariant,True,1,27,rsna_c,True,41.57595443725586
invariant,True,1,27,rsna_b,False,39.77244567871094
invariant,True,1,27,kerm_a,False,46.252403259277344
invariant,True,1,27,rsna_a,False,51.2572021484375
invariant,True,1,28,rsna_c,True,39.967384338378906
invariant,True,1,28,rsna_a,False,39.21805191040039
invariant,True,1,28,kerm_a,False,60.50484085083008
invariant,True,1,28,rsna_b,False,39.82207489013672
invariant,True,1,29,rsna_c,True,42.23017883300781
invariant,True,1,29,rsna_b,False,38.979278564453125
invariant,True,1,29,rsna_a,False,38.202083587646484
invariant,True,1,29,kerm_b,False,46.6164436340332
invariant,True,1,30,rsna_c,True,55.838687896728516
invariant,True,1,30,rsna_a,False,45.35331726074219
invariant,True,1,30,kerm_a,False,45.45430374145508
invariant,True,1,30,kerm_b,False,42.80530548095703
invariant,True,2,1,rsna_c,False,28.176942825317383
invariant,True,2,1,kerm_b,False,28.746028900146484
invariant,True,2,1,rsna_b,False,29.36931610107422
invariant,True,2,1,kerm_a,False,29.68362045288086
invariant,True,2,2,kerm_b,False,25.723508834838867
invariant,True,2,2,kerm_a,False,22.54163360595703
invariant,True,2,2,rsna_c,False,22.750577926635742
invariant,True,2,2,rsna_a,False,28.137142181396484
invariant,True,2,3,rsna_a,False,29.831045150756836
invariant,True,2,3,rsna_c,False,24.682641983032227
invariant,True,2,3,kerm_a,False,25.588912963867188
invariant,True,2,3,kerm_b,False,34.22134017944336
invariant,True,2,4,kerm_b,False,28.146596908569336
invariant,True,2,4,rsna_c,False,26.092554092407227
invariant,True,2,4,rsna_b,False,30.302967071533203
invariant,True,2,4,kerm_a,False,25.30101776123047
invariant,True,2,5,kerm_b,False,30.91516876220703
invariant,True,2,5,rsna_a,False,34.56373596191406
invariant,True,2,5,kerm_a,False,25.939661026000977
invariant,True,2,5,rsna_b,False,31.75711441040039
invariant,True,2,6,rsna_a,False,42.90480041503906
invariant,True,2,6,rsna_b,False,29.885412216186523
invariant,True,2,6,kerm_a,False,29.01722526550293
invariant,True,2,6,kerm_b,False,32.101871490478516
invariant,True,2,7,kerm_b,False,31.212865829467773
invariant,True,2,7,rsna_a,False,46.73835372924805
invariant,True,2,7,rsna_b,False,33.69218826293945
invariant,True,2,7,rsna_c,False,29.92813491821289
invariant,True,2,8,kerm_a,False,28.823646545410156
invariant,True,2,8,rsna_b,False,38.41611862182617
invariant,True,2,8,kerm_b,False,31.412466049194336
invariant,True,2,8,rsna_a,False,47.1728515625
invariant,True,2,9,kerm_a,False,30.524444580078125
invariant,True,2,9,rsna_b,False,33.57910919189453
invariant,True,2,9,kerm_b,False,35.49109649658203
invariant,True,2,9,rsna_c,False,39.739566802978516
invariant,True,2,10,kerm_b,False,33.03602600097656
invariant,True,2,10,rsna_b,False,36.95722961425781
invariant,True,2,10,rsna_a,False,47.116703033447266
invariant,True,2,10,rsna_c,False,32.042381286621094
invariant,True,2,11,rsna_a,False,34.000667572021484
invariant,True,2,11,kerm_a,False,37.23321533203125
invariant,True,2,11,kerm_b,False,33.50758361816406
invariant,True,2,11,rsna_c,False,35.42223358154297
invariant,True,2,12,kerm_b,False,34.8094482421875
invariant,True,2,12,rsna_b,False,43.859928131103516
invariant,True,2,12,kerm_a,False,36.3526725769043
invariant,True,2,12,rsna_a,False,44.49581527709961
invariant,True,2,13,rsna_c,False,44.782169342041016
invariant,True,2,13,rsna_a,False,45.93091583251953
invariant,True,2,13,kerm_b,False,34.24666976928711
invariant,True,2,13,kerm_a,False,36.452392578125
invariant,True,2,14,rsna_a,False,44.1905632019043
invariant,True,2,14,rsna_b,False,42.19158172607422
invariant,True,2,14,rsna_c,False,35.206966400146484
invariant,True,2,14,kerm_a,False,32.61375427246094
invariant,True,2,15,rsna_c,True,40.38664627075195
invariant,True,2,15,kerm_b,False,38.621368408203125
invariant,True,2,15,kerm_a,False,43.98280715942383
invariant,True,2,15,rsna_a,False,48.07108688354492
invariant,True,2,16,rsna_c,True,38.51434326171875
invariant,True,2,16,rsna_b,False,38.88738250732422
invariant,True,2,16,rsna_a,False,38.676578521728516
invariant,True,2,16,kerm_a,False,39.20555877685547
invariant,True,2,17,rsna_c,True,38.1784782409668
invariant,True,2,17,kerm_a,False,37.68513870239258
invariant,True,2,17,kerm_b,False,36.59172439575195
invariant,True,2,17,rsna_a,False,37.665828704833984
invariant,True,2,18,rsna_c,True,44.42146682739258
invariant,True,2,18,kerm_a,False,32.8040885925293
invariant,True,2,18,kerm_b,False,36.5711555480957
invariant,True,2,18,rsna_b,False,39.77969741821289
invariant,True,2,19,rsna_c,True,41.163272857666016
invariant,True,2,19,rsna_a,False,40.946224212646484
invariant,True,2,19,rsna_b,False,37.65682601928711
invariant,True,2,19,kerm_a,False,39.056087493896484
invariant,True,2,20,rsna_c,True,36.23073959350586
invariant,True,2,20,rsna_a,False,44.458621978759766
invariant,True,2,20,rsna_b,False,37.47331237792969
invariant,True,2,20,kerm_a,False,31.230817794799805
invariant,True,2,21,rsna_c,True,38.52879333496094
invariant,True,2,21,rsna_a,False,47.8184928894043
invariant,True,2,21,kerm_a,False,34.72141647338867
invariant,True,2,21,rsna_b,False,42.122100830078125
invariant,True,2,22,rsna_c,True,35.194732666015625
invariant,True,2,22,kerm_b,False,40.95700454711914
invariant,True,2,22,kerm_a,False,47.81536865234375
invariant,True,2,22,rsna_a,False,51.733463287353516
invariant,True,2,23,rsna_c,True,39.04526901245117
invariant,True,2,23,rsna_b,False,46.00165557861328
invariant,True,2,23,kerm_b,False,42.75187301635742
invariant,True,2,23,rsna_a,False,40.03330612182617
invariant,True,2,24,rsna_c,True,40.483951568603516
invariant,True,2,24,rsna_b,False,43.505008697509766
invariant,True,2,24,rsna_a,False,41.11925506591797
invariant,True,2,24,kerm_b,False,37.762786865234375
invariant,True,2,25,rsna_c,True,36.400875091552734
invariant,True,2,25,kerm_b,False,45.847007751464844
invariant,True,2,25,kerm_a,False,42.73017120361328
invariant,True,2,25,rsna_a,False,39.9594841003418
invariant,True,2,26,rsna_c,True,40.93022155761719
invariant,True,2,26,kerm_a,False,56.26691436767578
invariant,True,2,26,rsna_a,False,36.80107879638672
invariant,True,2,26,kerm_b,False,35.683650970458984
invariant,True,2,27,rsna_c,True,34.87687301635742
invariant,True,2,27,kerm_a,False,38.39665985107422
invariant,True,2,27,rsna_a,False,39.6644172668457
invariant,True,2,27,kerm_b,False,43.28003692626953
invariant,True,2,28,rsna_c,True,35.281089782714844
invariant,True,2,28,rsna_b,False,43.12533187866211
invariant,True,2,28,kerm_b,False,34.33353805541992
invariant,True,2,28,kerm_a,False,39.09450149536133
invariant,True,2,29,rsna_c,True,36.35285186767578
invariant,True,2,29,rsna_a,False,38.433204650878906
invariant,True,2,29,rsna_b,False,38.9832649230957
invariant,True,2,29,kerm_a,False,41.15788269042969
invariant,True,2,30,rsna_c,True,34.66453170776367
invariant,True,2,30,rsna_b,False,35.40117645263672
invariant,True,2,30,kerm_a,False,40.04112243652344
invariant,True,2,30,kerm_b,False,43.47315979003906
