method,attack,seed,round,client,is_attacker,norm
fedavg,none,0,1,kerm_03,False,22.675161361694336
fedavg,none,0,1,kerm_05,False,22.583099365234375
fedavg,none,0,1,rsna_08,False,22.604633331298828
fedavg,none,0,1,rsna_11,False,22.102455139160156
fedavg,none,0,1,kerm_04,False,22.470598220825195
fedavg,none,0,1,rsna_07,False,23.21377944946289
fedavg,none,0,1,kerm_06,False,22.593978881835938
fedavg,none,0,1,kerm_01,False,23.626413345336914
fedavg,none,0,1,rsna_02,False,22.829021453857422
fedavg,none,0,1,kerm_08,False,22.98975372314453
fedavg,none,0,1,rsna_12,False,22.653371810913086
fedavg,none,0,1,rsna_04,False,22.914615631103516
fedavg,none,0,1,rsna_05,False,22.801258087158203
fedavg,none,0,1,rsna_06,False,23.003379821777344
fedavg,none,0,1,rsna_03,False,23.262393951416016
fedavg,none,0,2,kerm_03,False,16.65446662902832
fedavg,none,0,2,rsna_08,False,18.431602478027344
fedavg,none,0,2,kerm_06,False,16.712854385375977
fedavg,none,0,2,rsna_06,False,18.070898056030273
fedavg,none,0,2,rsna_01,False,20.3515625
fedavg,none,0,2,rsna_03,False,18.843591690063477
fedavg,none,0,2,rsna_09,False,18.486284255981445
fedavg,none,0,2,kerm_01,False,17.91642189025879
fedavg,none,0,2,rsna_11,False,18.391183853149414
fedavg,none,0,2,rsna_10,False,17.84499168395996
fedavg,none,0,2,kerm_02,False,17.113840103149414
fedavg,none,0,2,rsna_05,False,18.560991287231445
fedavg,none,0,2,kerm_07,False,17.85657501220703
fedavg,none,0,2,kerm_08,False,17.313674926757812
fedavg,none,0,2,kerm_05,False,17.490859985351562
fedavg,none,0,3,rsna_10,False,18.241920471191406
fedavg,none,0,3,rsna_06,False,18.65593910217285
fedavg,none,0,3,rsna_04,False,19.362957000732422
fedavg,none,0,3,kerm_07,False,18.56835174560547
fedavg,none,0,3,rsna_12,False,18.92131805419922
fedavg,none,0,3,kerm_05,False,17.679655075073242
fedavg,none,0,3,kerm_08,False,18.420207977294922
fedavg,none,0,3,rsna_07,False,17.80408477783203
fedavg,none,0,3,rsna_01,False,24.904651641845703
fedavg,none,0,3,rsna_03,False,19.449289321899414
fedavg,none,0,3,rsna_11,False,18.960344314575195
fedavg,none,0,3,kerm_06,False,18.026905059814453
fedavg,none,0,3,rsna_09,False,17.611787796020508
fedavg,none,0,3,rsna_08,False,17.806453704833984
fedavg,none,0,3,kerm_02,False,16.549291610717773
fedavg,none,0,4,rsna_03,False,20.23779296875
fedavg,none,0,4,kerm_08,False,19.27726936340332
fedavg,none,0,4,rsna_05,False,20.248504638671875
fedavg,none,0,4,kerm_06,False,18.376379013061523
fedavg,none,0,4,rsna_06,False,19.368928909301758
fedavg,none,0,4,kerm_01,False,18.5252742767334
fedavg,none,0,4,rsna_08,False,18.798418045043945
fedavg,none,0,4,kerm_04,False,18.875732421875
fedavg,none,0,4,rsna_04,False,19.63454246520996
fedavg,none,0,4,kerm_07,False,20.059720993041992
fedavg,none,0,4,kerm_03,False,17.049482345581055
fedavg,none,0,4,rsna_07,False,18.966522216796875
fedavg,none,0,4,kerm_02,False,17.445924758911133
fedavg,none,0,4,rsna_01,False,22.419347763061523
fedavg,none,0,4,rsna_02,False,24.088302612304688
fedavg,none,0,5,kerm_02,False,16.591567993164062
fedavg,none,0,5,rsna_04,False,20.259925842285156
fedavg,none,0,5,rsna_11,False,19.929737091064453
fedavg,none,0,5,kerm_06,False,22.538143157958984
fedavg,none,0,5,kerm_03,False,18.652875900268555
fedavg,none,0,5,rsna_06,False,19.33233642578125
fedavg,none,0,5,rsna_09,False,18.674631118774414
fedavg,none,0,5,rsna_03,False,20.95203971862793
fedavg,none,0,5,kerm_01,False,17.4852352142334
fedavg,none,0,5,kerm_05,False,18.803266525268555
fedavg,none,0,5,rsna_12,False,20.056812286376953
fedavg,none,0,5,rsna_07,False,19.0679931640625
fedavg,none,0,5,kerm_07,False,20.800304412841797
fedavg,none,0,5,rsna_10,False,18.37432098388672
fedavg,none,0,5,rsna_02,False,19.75382423400879
fedavg,none,0,6,rsna_05,False,20.084959030151367
fedavg,none,0,6,rsna_11,False,19.025653839111328
fedavg,none,0,6,kerm_02,False,17.055450439453125
fedavg,none,0,6,rsna_07,False,18.989437103271484
fedavg,none,0,6,kerm_04,False,18.113386154174805
fedavg,none,0,6,rsna_01,False,22.354711532592773
fedavg,none,0,6,kerm_03,False,18.966583251953125
fedavg,none,0,6,kerm_06,False,20.84710693359375
fedavg,none,0,6,kerm_08,False,19.88954734802246
fedavg,none,0,6,rsna_03,False,20.7186336517334
fedavg,none,0,6,kerm_05,False,21.954219818115234
fedavg,none,0,6,rsna_02,False,24.804262161254883
fedavg,none,0,6,kerm_01,False,18.076736450195312
fedavg,none,0,6,rsna_08,False,19.056116104125977
fedavg,none,0,6,rsna_10,False,19.063018798828125
fedavg,none,0,7,rsna_07,False,18.733901977539062
fedavg,none,0,7,rsna_01,False,28.21238136291504
fedavg,none,0,7,rsna_08,False,18.411481857299805
fedavg,none,0,7,kerm_06,False,19.086002349853516
fedavg,none,0,7,rsna_09,False,18.27736473083496
fedavg,none,0,7,rsna_05,False,21.014780044555664
fedavg,none,0,7,rsna_04,False,20.026952743530273
fedavg,none,0,7,kerm_02,False,17.191789627075195
fedavg,none,0,7,rsna_06,False,19.63150978088379
fedavg,none,0,7,rsna_03,False,20.685548782348633
fedavg,none,0,7,kerm_07,False,19.848134994506836
fedavg,none,0,7,rsna_02,False,23.72052001953125
fedavg,none,0,7,kerm_03,False,17.786462783813477
fedavg,none,0,7,kerm_01,False,17.870336532592773
fedavg,none,0,7,rsna_12,False,19.849693298339844
fedavg,none,0,8,kerm_04,False,22.320066452026367
fedavg,none,0,8,kerm_07,False,25.083106994628906
fedavg,none,0,8,rsna_02,False,20.158016204833984
fedavg,none,0,8,rsna_01,False,24.977596282958984
fedavg,none,0,8,kerm_03,False,20.269006729125977
fedavg,none,0,8,rsna_07,False,18.50714874267578
fedavg,none,0,8,kerm_01,False,17.72561264038086
fedavg,none,0,8,rsna_11,False,19.714942932128906
fedavg,none,0,8,rsna_06,False,20.545055389404297
fedavg,none,0,8,kerm_02,False,18.771135330200195
fedavg,none,0,8,rsna_03,False,19.585220336914062
fedavg,none,0,8,kerm_06,False,21.771438598632812
fedavg,none,0,8,kerm_08,False,22.98721694946289
fedavg,none,0,8,rsna_08,False,19.60634994506836
fedavg,none,0,8,rsna_09,False,18.926259994506836
fedavg,none,0,9,rsna_07,False,19.1860408782959
fedavg,none,0,9,kerm_08,False,22.175352096557617
fedavg,none,0,9,kerm_05,False,18.503671646118164
fedavg,none,0,9,rsna_09,False,18.56570816040039
fedavg,none,0,9,rsna_02,False,23.74420738220215
fedavg,none,0,9,kerm_06,False,24.311738967895508
fedavg,none,0,9,rsna_12,False,19.63718605041504
fedavg,none,0,9,kerm_07,False,24.873010635375977
fedavg,none,0,9,rsna_05,False,22.853431701660156
fedavg,none,0,9,rsna_11,False,20.68017578125
fedavg,none,0,9,kerm_03,False,18.03904151916504
fedavg,none,0,9,rsna_08,False,18.92457389831543
fedavg,none,0,9,kerm_01,False,18.760284423828125
fedavg,none,0,9,kerm_04,False,19.778533935546875
fedavg,none,0,9,rsna_06,False,21.999298095703125
fedavg,none,0,10,kerm_07,False,21.002492904663086
fedavg,none,0,10,rsna_01,False,26.376375198364258
fedavg,none,0,10,rsna_10,False,18.703510284423828
fedavg,none,0,10,rsna_04,False,21.127321243286133
fedavg,none,0,10,kerm_06,False,19.22934341430664
fedavg,none,0,10,rsna_07,False,20.63437271118164
fedavg,none,0,10,rsna_05,False,24.86507797241211
fedavg,none,0,10,rsna_09,False,19.254112243652344
fedavg,none,0,10,kerm_05,False,18.612321853637695
fedavg,none,0,10,kerm_01,False,20.04608154296875
fedavg,none,0,10,kerm_04,False,19.123516082763672
fedavg,none,0,10,rsna_02,False,29.101640701293945
fedavg,none,0,10,rsna_06,False,21.009429931640625
fedavg,none,0,10,rsna_11,False,18.6151123046875
fedavg,none,0,10,rsna_08,False,19.36158561706543
fedavg,none,0,11,kerm_03,False,18.49742317199707
fedavg,none,0,11,kerm_02,False,18.469575881958008
fedavg,none,0,11,kerm_08,False,22.356220245361328
fedavg,none,0,11,rsna_05,False,18.517101287841797
fedavg,none,0,11,kerm_01,False,19.086076736450195
fedavg,none,0,11,kerm_06,False,19.62099838256836
fedavg,none,0,11,rsna_10,False,20.27277946472168
fedavg,none,0,11,rsna_02,False,25.09431266784668
fedavg,none,0,11,rsna_09,False,19.2368106842041
fedavg,none,0,11,rsna_07,False,18.918869018554688
fedavg,none,0,11,rsna_11,False,20.388919830322266
fedavg,none,0,11,rsna_04,False,20.178903579711914
fedavg,none,0,11,rsna_06,False,17.709945678710938
fedavg,none,0,11,rsna_01,False,23.99153709411621
fedavg,none,0,11,kerm_07,False,22.683334350585938
fedavg,none,0,12,kerm_06,False,21.047555923461914
fedavg,none,0,12,rsna_12,False,18.376079559326172
fedavg,none,0,12,kerm_01,False,22.60967254638672
fedavg,none,0,12,rsna_09,False,18.6820011138916
fedavg,none,0,12,rsna_01,False,27.70941925048828
fedavg,none,0,12,rsna_11,False,20.535310745239258
fedavg,none,0,12,kerm_05,False,21.865768432617188
fedavg,none,0,12,kerm_08,False,20.823457717895508
fedavg,none,0,12,rsna_07,False,18.68560028076172
fedavg,none,0,12,rsna_03,False,20.47334861755371
fedavg,none,0,12,kerm_04,False,21.048311233520508
fedavg,none,0,12,rsna_05,False,19.760738372802734
fedavg,none,0,12,rsna_06,False,18.937334060668945
fedavg,none,0,12,rsna_10,False,19.55582618713379
fedavg,none,0,12,kerm_07,False,20.920459747314453
fedavg,none,0,13,rsna_07,False,20.435976028442383
fedavg,none,0,13,rsna_03,False,22.234615325927734
fedavg,none,0,13,kerm_03,False,18.677974700927734
fedavg,none,0,13,rsna_12,False,20.917766571044922
fedavg,none,0,13,rsna_08,False,20.74420738220215
fedavg,none,0,13,rsna_02,False,22.26959991455078
fedavg,none,0,13,rsna_09,False,18.06440544128418
fedavg,none,0,13,rsna_06,False,17.914413452148438
fedavg,none,0,13,rsna_04,False,20.451623916625977
fedavg,none,0,13,kerm_02,False,20.041162490844727
fedavg,none,0,13,rsna_11,False,20.3842830657959
fedavg,none,0,13,rsna_10,False,19.332538604736328
fedavg,none,0,13,kerm_07,False,20.832000732421875
fedavg,none,0,13,rsna_05,False,20.023412704467773
fedavg,none,0,13,kerm_08,False,22.040098190307617
fedavg,none,0,14,rsna_10,False,20.146522521972656
fedavg,none,0,14,kerm_08,False,26.322052001953125
fedavg,none,0,14,rsna_01,False,24.667085647583008
fedavg,none,0,14,kerm_01,False,19.456892013549805
fedavg,none,0,14,kerm_07,False,27.503538131713867
fedavg,none,0,14,kerm_05,False,20.59201431274414
fedavg,none,0,14,rsna_12,False,20.728591918945312
fedavg,none,0,14,rsna_08,False,18.2891788482666
fedavg,none,0,14,kerm_02,False,20.86648941040039
fedavg,none,0,14,rsna_09,False,21.91383171081543
fedavg,none,0,14,rsna_06,False,18.8076171875
fedavg,none,0,14,rsna_07,False,17.15575408935547
fedavg,none,0,14,rsna_02,False,25.79390525817871
fedavg,none,0,14,kerm_04,False,22.047420501708984
fedavg,none,0,14,rsna_04,False,22.13914680480957
fedavg,none,0,15,rsna_02,False,23.8223934173584
fedavg,none,0,15,rsna_06,False,21.846574783325195
fedavg,none,0,15,rsna_11,False,21.021099090576172
fedavg,none,0,15,rsna_01,False,25.70738983154297
fedavg,none,0,15,rsna_10,False,21.27165985107422
fedavg,none,0,15,kerm_02,False,20.709016799926758
fedavg,none,0,15,rsna_08,False,18.27338218688965
fedavg,none,0,15,rsna_12,False,21.385486602783203
fedavg,none,0,15,rsna_03,False,21.693864822387695
fedavg,none,0,15,rsna_05,False,20.446876525878906
fedavg,none,0,15,kerm_04,False,19.36083984375
fedavg,none,0,15,rsna_09,False,19.253204345703125
fedavg,none,0,15,kerm_07,False,24.54222297668457
fedavg,none,0,15,rsna_07,False,18.498279571533203
fedavg,none,0,15,kerm_06,False,20.82510757446289
fedavg,none,0,16,kerm_04,False,23.042417526245117
fedavg,none,0,16,kerm_02,False,23.331079483032227
fedavg,none,0,16,rsna_02,False,24.339672088623047
fedavg,none,0,16,rsna_04,False,21.7437744140625
fedavg,none,0,16,rsna_12,False,22.172090530395508
fedavg,none,0,16,rsna_01,False,25.792673110961914
fedavg,none,0,16,rsna_11,False,24.31699562072754
fedavg,none,0,16,rsna_09,False,24.113248825073242
fedavg,none,0,16,kerm_08,False,26.258474349975586
fedavg,none,0,16,kerm_05,False,21.033172607421875
fedavg,none,0,16,kerm_03,False,23.72239112854004
fedavg,none,0,16,rsna_03,False,21.41266441345215
fedavg,none,0,16,rsna_10,False,17.80721664428711
fedavg,none,0,16,rsna_06,False,18.378259658813477
fedavg,none,0,16,rsna_08,False,18.461030960083008
fedavg,none,0,17,rsna_07,False,18.167526245117188
fedavg,none,0,17,rsna_10,False,17.793920516967773
fedavg,none,0,17,kerm_01,False,20.613649368286133
fedavg,none,0,17,kerm_04,False,19.596818923950195
fedavg,none,0,17,kerm_03,False,22.133934020996094
fedavg,none,0,17,rsna_06,False,18.227495193481445
fedavg,none,0,17,rsna_09,False,19.24335289001465
fedavg,none,0,17,kerm_02,False,21.366790771484375
fedavg,none,0,17,rsna_02,False,24.667356491088867
fedavg,none,0,17,kerm_05,False,19.306976318359375
fedavg,none,0,17,rsna_04,False,21.642974853515625
fedavg,none,0,17,kerm_08,False,24.579425811767578
fedavg,none,0,17,kerm_06,False,23.08225440979004
fedavg,none,0,17,rsna_05,False,21.787025451660156
fedavg,none,0,17,rsna_03,False,21.3410701751709
fedavg,none,0,18,kerm_02,False,20.439788818359375
fedavg,none,0,18,rsna_11,False,23.150508880615234
fedavg,none,0,18,kerm_08,False,23.369009017944336
fedavg,none,0,18,rsna_01,False,28.375141143798828
fedavg,none,0,18,rsna_12,False,29.929012298583984
fedavg,none,0,18,kerm_01,False,25.25691795349121
fedavg,none,0,18,rsna_09,False,22.73409652709961
fedavg,none,0,18,rsna_08,False,19.85343360900879
fedavg,none,0,18,rsna_07,False,18.41670036315918
fedavg,none,0,18,kerm_06,False,19.656293869018555
fedavg,none,0,18,rsna_10,False,20.947267532348633
fedavg,none,0,18,rsna_03,False,23.20759391784668
fedavg,none,0,18,kerm_04,False,24.22240447998047
fedavg,none,0,18,rsna_04,False,22.365068435668945
fedavg,none,0,18,kerm_07,False,33.87824249267578
fedavg,none,0,19,rsna_02,False,27.0511417388916
fedavg,none,0,19,rsna_12,False,22.800689697265625
fedavg,none,0,19,rsna_09,False,19.29981231689453
fedavg,none,0,19,rsna_08,False,20.647912979125977
fedavg,none,0,19,rsna_01,False,27.61117172241211
fedavg,none,0,19,kerm_07,False,21.425546646118164
fedavg,none,0,19,rsna_10,False,18.103897094726562
fedavg,none,0,19,kerm_03,False,20.358768463134766
fedavg,none,0,19,rsna_05,False,22.70367431640625
fedavg,none,0,19,rsna_11,False,20.17458724975586
fedavg,none,0,19,rsna_06,False,20.03165626525879
fedavg,none,0,19,rsna_03,False,23.507598876953125
fedavg,none,0,19,kerm_05,False,18.328577041625977
fedavg,none,0,19,kerm_08,False,24.555652618408203
fedavg,none,0,19,rsna_04,False,22.549320220947266
fedavg,none,0,20,rsna_02,False,24.98282814025879
fedavg,none,0,20,kerm_06,False,24.36983299255371
fedavg,none,0,20,rsna_10,False,22.92767906188965
fedavg,none,0,20,kerm_04,False,21.34791374206543
fedavg,none,0,20,rsna_07,False,24.161558151245117
fedavg,none,0,20,kerm_05,False,23.425445556640625
fedavg,none,0,20,rsna_09,False,19.582599639892578
fedavg,none,0,20,rsna_11,False,20.6579647064209
fedavg,none,0,20,rsna_06,False,19.368776321411133
fedavg,none,0,20,rsna_05,False,25.344205856323242
fedavg,none,0,20,kerm_01,False,20.925941467285156
fedavg,none,0,20,rsna_08,False,19.723848342895508
fedavg,none,0,20,rsna_01,False,25.486013412475586
fedavg,none,0,20,rsna_04,False,20.6718807220459
fedavg,none,0,20,kerm_07,False,22.872325897216797
fedavg,none,0,21,kerm_01,False,20.669113159179688
fedavg,none,0,21,kerm_03,False,27.069265365600586
fedavg,none,0,21,rsna_05,False,20.29315185546875
fedavg,none,0,21,rsna_04,False,25.09935760498047
fedavg,none,0,21,kerm_02,False,23.176137924194336
fedavg,none,0,21,kerm_08,False,27.18991470336914
fedavg,none,0,21,rsna_09,False,20.8564395904541
fedavg,none,0,21,rsna_08,False,20.794483184814453
fedavg,none,0,21,rsna_10,False,20.255414962768555
fedavg,none,0,21,kerm_06,False,26.473417282104492
fedavg,none,0,21,kerm_07,False,22.958993911743164
fedavg,none,0,21,rsna_11,False,21.67328643798828
fedavg,none,0,21,rsna_02,False,25.856868743896484
fedavg,none,0,21,kerm_05,False,24.558712005615234
fedavg,none,0,21,rsna_12,False,24.557069778442383
fedavg,none,0,22,kerm_08,False,24.725133895874023
fedavg,none,0,22,kerm_04,False,19.531848907470703
fedavg,none,0,22,rsna_06,False,21.814058303833008
fedavg,none,0,22,kerm_05,False,19.512784957885742
fedavg,none,0,22,rsna_05,False,23.662073135375977
fedavg,none,0,22,kerm_06,False,27.43720054626465
fedavg,none,0,22,kerm_07,False,23.104114532470703
fedavg,none,0,22,kerm_01,False,22.883413314819336
fedavg,none,0,22,rsna_10,False,23.998003005981445
fedavg,none,0,22,rsna_09,False,18.209091186523438
fedavg,none,0,22,rsna_02,False,26.979129791259766
fedavg,none,0,22,kerm_03,False,27.215103149414062
fedavg,none,0,22,rsna_11,False,19.75605010986328
fedavg,none,0,22,rsna_12,False,21.680980682373047
fedavg,none,0,22,rsna_08,False,19.683124542236328
fedavg,none,0,23,rsna_04,False,27.132020950317383
fedavg,none,0,23,rsna_03,False,26.445898056030273
fedavg,none,0,23,kerm_03,False,27.34111213684082
fedavg,none,0,23,kerm_07,False,22.29046058654785
fedavg,none,0,23,kerm_06,False,22.653038024902344
fedavg,none,0,23,rsna_10,False,26.894685745239258
fedavg,none,0,23,rsna_07,False,20.374975204467773
fedavg,none,0,23,kerm_04,False,22.440061569213867
fedavg,none,0,23,rsna_09,False,19.541095733642578
fedavg,none,0,23,kerm_08,False,32.73789978027344
fedavg,none,0,23,rsna_01,False,28.648235321044922
fedavg,none,0,23,rsna_12,False,22.389768600463867
fedavg,none,0,23,rsna_06,False,23.18543815612793
fedavg,none,0,23,rsna_11,False,19.955169677734375
fedavg,none,0,23,kerm_02,False,34.76021194458008
fedavg,none,0,24,rsna_06,False,23.186229705810547
fedavg,none,0,24,kerm_05,False,19.34737777709961
fedavg,none,0,24,rsna_05,False,23.00076675415039
fedavg,none,0,24,rsna_10,False,18.869314193725586
fedavg,none,0,24,kerm_06,False,25.391639709472656
fedavg,none,0,24,kerm_01,False,25.684186935424805
fedavg,none,0,24,rsna_12,False,21.187946319580078
fedavg,none,0,24,rsna_01,False,30.79979133605957
fedavg,none,0,24,rsna_11,False,19.87909698486328
fedavg,none,0,24,rsna_02,False,29.489782333374023
fedavg,none,0,24,kerm_04,False,22.863616943359375
fedavg,none,0,24,kerm_08,False,27.578723907470703
fedavg,none,0,24,kerm_03,False,22.81529998779297
fedavg,none,0,24,rsna_03,False,30.807146072387695
fedavg,none,0,24,kerm_02,False,25.885757446289062
fedavg,none,0,25,kerm_04,False,22.572404861450195
fedavg,none,0,25,kerm_02,False,28.524288177490234
fedavg,none,0,25,rsna_06,False,19.72350311279297
fedavg,none,0,25,kerm_01,False,30.889005661010742
fedavg,none,0,25,rsna_09,False,23.574594497680664
fedavg,none,0,25,rsna_03,False,31.620527267456055
fedavg,none,0,25,kerm_03,False,25.89606475830078
fedavg,none,0,25,rsna_04,False,26.355985641479492
fedavg,none,0,25,rsna_01,False,26.38578987121582
fedavg,none,0,25,rsna_11,False,22.06718635559082
fedavg,none,0,25,rsna_10,False,21.65858268737793
fedavg,none,0,25,rsna_12,False,21.68379783630371
fedavg,none,0,25,rsna_07,False,20.22236442565918
fedavg,none,0,25,kerm_06,False,24.841825485229492
fedavg,none,0,25,kerm_08,False,32.82921600341797
fedavg,none,0,26,kerm_07,False,28.03380584716797
fedavg,none,0,26,rsna_05,False,22.465282440185547
fedavg,none,0,26,rsna_12,False,23.881027221679688
fedavg,none,0,26,rsna_10,False,25.547780990600586
fedavg,none,0,26,kerm_03,False,31.051000595092773
fedavg,none,0,26,rsna_01,False,26.368864059448242
fedavg,none,0,26,kerm_04,False,19.7622013092041
fedavg,none,0,26,rsna_06,False,21.07239532470703
fedavg,none,0,26,rsna_03,False,26.210018157958984
fedavg,none,0,26,kerm_08,False,27.962722778320312
fedavg,none,0,26,rsna_07,False,20.1868839263916
fedavg,none,0,26,kerm_01,False,22.097530364990234
fedavg,none,0,26,rsna_11,False,19.869041442871094
fedavg,none,0,26,rsna_04,False,24.566368103027344
fedavg,none,0,26,rsna_09,False,23.282922744750977
fedavg,none,0,27,rsna_04,False,22.235057830810547
fedavg,none,0,27,kerm_03,False,33.563228607177734
fedavg,none,0,27,rsna_06,False,20.9252986907959
fedavg,none,0,27,kerm_06,False,29.07781219482422
fedavg,none,0,27,kerm_05,False,28.25193214416504
fedavg,none,0,27,rsna_09,False,17.510347366333008
fedavg,none,0,27,kerm_01,False,21.304384231567383
fedavg,none,0,27,rsna_03,False,28.60799217224121
fedavg,none,0,27,rsna_12,False,22.472654342651367
fedavg,none,0,27,kerm_04,False,26.55298614501953
fedavg,none,0,27,rsna_01,False,26.11553192138672
fedavg,none,0,27,rsna_07,False,25.66020393371582
fedavg,none,0,27,kerm_07,False,28.354352951049805
fedavg,none,0,27,kerm_02,False,34.20869445800781
fedavg,none,0,27,rsna_10,False,21.028343200683594
fedavg,none,0,28,rsna_11,False,24.486434936523438
fedavg,none,0,28,rsna_10,False,21.058025360107422
fedavg,none,0,28,rsna_08,False,21.49441146850586
fedavg,none,0,28,rsna_04,False,23.644851684570312
fedavg,none,0,28,rsna_02,False,25.845849990844727
fedavg,none,0,28,kerm_02,False,27.419095993041992
fedavg,none,0,28,kerm_06,False,24.068401336669922
fedavg,none,0,28,kerm_05,False,22.705541610717773
fedavg,none,0,28,kerm_03,False,21.536151885986328
fedavg,none,0,28,rsna_01,False,40.29975891113281
fedavg,none,0,28,kerm_04,False,24.447769165039062
fedavg,none,0,28,kerm_08,False,32.245025634765625
fedavg,none,0,28,rsna_09,False,19.641910552978516
fedavg,none,0,28,kerm_07,False,30.71285057067871
fedavg,none,0,28,rsna_12,False,24.000307083129883
fedavg,none,0,29,rsna_09,False,17.728872299194336
fedavg,none,0,29,kerm_05,False,20.99891471862793
fedavg,none,0,29,kerm_02,False,27.521350860595703
fedavg,none,0,29,rsna_12,False,23.893186569213867
fedavg,none,0,29,kerm_08,False,35.83005905151367
fedavg,none,0,29,rsna_02,False,29.584671020507812
fedavg,none,0,29,rsna_04,False,25.439849853515625
fedavg,none,0,29,kerm_06,False,23.64628028869629
fedavg,none,0,29,rsna_05,False,29.810895919799805
fedavg,none,0,29,kerm_03,False,28.265239715576172
fedavg,none,0,29,rsna_11,False,24.256732940673828
fedavg,none,0,29,rsna_03,False,25.788745880126953
fedavg,none,0,29,rsna_08,False,22.865224838256836
fedavg,none,0,29,rsna_07,False,22.438968658447266
fedavg,none,0,29,rsna_06,False,20.373388290405273
fedavg,none,0,30,kerm_04,False,24.560388565063477
fedavg,none,0,30,rsna_04,False,23.82544708251953
fedavg,none,0,30,rsna_01,False,34.22091293334961
fedavg,none,0,30,kerm_02,False,24.937454223632812
fedavg,none,0,30,rsna_08,False,19.118478775024414
fedavg,none,0,30,kerm_01,False,44.264427185058594
fedavg,none,0,30,rsna_03,False,26.005056381225586
fedavg,none,0,30,rsna_07,False,18.497777938842773
fedavg,none,0,30,rsna_12,False,21.619853973388672
fedavg,none,0,30,kerm_08,False,32.05500030517578
fedavg,none,0,30,kerm_06,False,32.785335540771484
fedavg,none,0,30,rsna_05,False,26.47566795349121
fedavg,none,0,30,kerm_03,False,26.770137786865234
fedavg,none,0,30,kerm_07,False,33.06342697143555
fedavg,none,0,30,rsna_10,False,23.445262908935547
fedavg,none,1,1,rsna_10,False,22.28618621826172
fedavg,none,1,1,rsna_08,False,22.418081283569336
fedavg,none,1,1,kerm_07,False,22.129972457885742
fedavg,none,1,1,kerm_02,False,22.782339096069336
fedavg,none,1,1,kerm_08,False,22.259235382080078
fedavg,none,1,1,kerm_01,False,22.904762268066406
fedavg,none,1,1,rsna_01,False,23.948392868041992
fedavg,none,1,1,rsna_11,False,22.641193389892578
fedavg,none,1,1,kerm_06,False,22.065250396728516
fedavg,none,1,1,rsna_06,False,22.789976119995117
fedavg,none,1,1,kerm_03,False,22.4008731842041
fedavg,none,1,1,kerm_04,False,22.683717727661133
fedavg,none,1,1,rsna_05,False,22.888887405395508
fedavg,none,1,1,kerm_05,False,22.472726821899414
fedavg,none,1,1,rsna_02,False,22.94835662841797
fedavg,none,1,2,kerm_06,False,17.168598175048828
fedavg,none,1,2,rsna_08,False,18.39767074584961
fedavg,none,1,2,rsna_11,False,17.80198097229004
fedavg,none,1,2,rsna_06,False,18.712217330932617
fedavg,none,1,2,rsna_02,False,20.529651641845703
fedavg,none,1,2,rsna_01,False,20.69159507751465
fedavg,none,1,2,kerm_04,False,16.05942726135254
fedavg,none,1,2,kerm_05,False,16.67459487915039
fedavg,none,1,2,kerm_02,False,16.819177627563477
fedavg,none,1,2,kerm_08,False,16.93305015563965
fedavg,none,1,2,kerm_03,False,16.806547164916992
fedavg,none,1,2,rsna_09,False,18.423309326171875
fedavg,none,1,2,kerm_01,False,16.88905906677246
fedavg,none,1,2,rsna_04,False,19.062915802001953
fedavg,none,1,2,rsna_05,False,18.679271697998047
fedavg,none,1,3,rsna_01,False,20.61957550048828
fedavg,none,1,3,kerm_04,False,20.37957000732422
fedavg,none,1,3,kerm_07,False,18.826581954956055
fedavg,none,1,3,rsna_06,False,18.73271369934082
fedavg,none,1,3,rsna_09,False,18.48934555053711
fedavg,none,1,3,rsna_10,False,18.158824920654297
fedavg,none,1,3,kerm_03,False,18.04720687866211
fedavg,none,1,3,rsna_04,False,19.273319244384766
fedavg,none,1,3,rsna_12,False,18.168365478515625
fedavg,none,1,3,kerm_05,False,18.83136749267578
fedavg,none,1,3,rsna_03,False,21.400014877319336
fedavg,none,1,3,rsna_11,False,18.638837814331055
fedavg,none,1,3,kerm_06,False,17.938669204711914
fedavg,none,1,3,rsna_08,False,18.700551986694336
fedavg,none,1,3,kerm_02,False,16.678585052490234
fedavg,none,1,4,kerm_08,False,19.826452255249023
fedavg,none,1,4,rsna_02,False,22.959945678710938
fedavg,none,1,4,rsna_07,False,19.588565826416016
fedavg,none,1,4,rsna_08,False,18.944059371948242
fedavg,none,1,4,rsna_05,False,20.312650680541992
fedavg,none,1,4,kerm_02,False,17.885873794555664
fedavg,none,1,4,kerm_01,False,18.532712936401367
fedavg,none,1,4,kerm_03,False,17.629047393798828
fedavg,none,1,4,kerm_06,False,18.781538009643555
fedavg,none,1,4,rsna_03,False,21.759321212768555
fedavg,none,1,4,rsna_04,False,20.03192138671875
fedavg,none,1,4,kerm_07,False,19.140731811523438
fedavg,none,1,4,rsna_11,False,17.79888343811035
fedavg,none,1,4,rsna_06,False,19.30179786682129
fedavg,none,1,4,rsna_09,False,18.325424194335938
fedavg,none,1,5,kerm_08,False,19.511842727661133
fedavg,none,1,5,kerm_05,False,19.048948287963867
fedavg,none,1,5,kerm_07,False,22.01775360107422
fedavg,none,1,5,rsna_12,False,19.250244140625
fedavg,none,1,5,kerm_06,False,19.24174690246582
fedavg,none,1,5,kerm_04,False,20.126083374023438
fedavg,none,1,5,rsna_11,False,18.350799560546875
fedavg,none,1,5,rsna_07,False,19.023754119873047
fedavg,none,1,5,rsna_08,False,18.98787498474121
fedavg,none,1,5,rsna_05,False,17.824968338012695
fedavg,none,1,5,kerm_01,False,17.206466674804688
fedavg,none,1,5,rsna_06,False,18.624279022216797
fedavg,none,1,5,kerm_03,False,17.703466415405273
fedavg,none,1,5,rsna_04,False,21.281869888305664
fedavg,none,1,5,rsna_02,False,21.997814178466797
fedavg,none,1,6,rsna_10,False,18.419036865234375
fedavg,none,1,6,rsna_03,False,25.02020263671875
fedavg,none,1,6,rsna_09,False,19.618040084838867
fedavg,none,1,6,kerm_06,False,18.68999481201172
fedavg,none,1,6,rsna_06,False,20.814958572387695
fedavg,none,1,6,rsna_02,False,24.90146255493164
fedavg,none,1,6,kerm_01,False,19.140344619750977
fedavg,none,1,6,rsna_12,False,20.224756240844727
fedavg,none,1,6,rsna_11,False,18.9017391204834
fedavg,none,1,6,rsna_08,False,19.372177124023438
fedavg,none,1,6,rsna_05,False,20.14048957824707
fedavg,none,1,6,kerm_04,False,16.762174606323242
fedavg,none,1,6,rsna_01,False,23.67850685119629
fedavg,none,1,6,rsna_07,False,19.973146438598633
fedavg,none,1,6,kerm_07,False,18.43617820739746
fedavg,none,1,7,rsna_02,False,20.25665855407715
fedavg,none,1,7,rsna_06,False,18.071941375732422
fedavg,none,1,7,rsna_08,False,18.610107421875
fedavg,none,1,7,kerm_07,False,21.211429595947266
fedavg,none,1,7,rsna_07,False,20.151329040527344
fedavg,none,1,7,kerm_03,False,19.274824142456055
fedavg,none,1,7,kerm_08,False,23.05546760559082
fedavg,none,1,7,kerm_01,False,18.846494674682617
fedavg,none,1,7,rsna_10,False,18.913339614868164
fedavg,none,1,7,rsna_05,False,19.00495719909668
fedavg,none,1,7,kerm_02,False,18.798301696777344
fedavg,none,1,7,rsna_11,False,19.64535903930664
fedavg,none,1,7,rsna_03,False,20.800018310546875
fedavg,none,1,7,rsna_01,False,20.731199264526367
fedavg,none,1,7,kerm_04,False,20.60788345336914
fedavg,none,1,8,rsna_10,False,20.64383316040039
fedavg,none,1,8,kerm_01,False,19.37238311767578
fedavg,none,1,8,rsna_08,False,18.894359588623047
fedavg,none,1,8,kerm_04,False,18.689586639404297
fedavg,none,1,8,rsna_07,False,19.4020938873291
fedavg,none,1,8,rsna_02,False,26.664106369018555
fedavg,none,1,8,rsna_04,False,24.068143844604492
fedavg,none,1,8,kerm_08,False,21.99331283569336
fedavg,none,1,8,kerm_05,False,21.389799118041992
fedavg,none,1,8,kerm_03,False,16.985454559326172
fedavg,none,1,8,rsna_09,False,20.77484703063965
fedavg,none,1,8,rsna_11,False,18.742902755737305
fedavg,none,1,8,rsna_12,False,22.138124465942383
fedavg,none,1,8,rsna_01,False,23.941848754882812
fedavg,none,1,8,kerm_07,False,20.221797943115234
fedavg,none,1,9,rsna_05,False,20.14760971069336
fedavg,none,1,9,rsna_08,False,21.6102294921875
fedavg,none,1,9,rsna_11,False,18.66472625732422
fedavg,none,1,9,kerm_06,False,19.605566024780273
fedavg,none,1,9,rsna_07,False,19.512964248657227
fedavg,none,1,9,kerm_08,False,21.265037536621094
fedavg,none,1,9,rsna_01,False,23.649831771850586
fedavg,none,1,9,rsna_06,False,21.11176300048828
fedavg,none,1,9,kerm_01,False,23.39824867248535
fedavg,none,1,9,kerm_03,False,17.227073669433594
fedavg,none,1,9,kerm_05,False,17.979267120361328
fedavg,none,1,9,kerm_07,False,23.45671844482422
fedavg,none,1,9,rsna_04,False,24.159828186035156
fedavg,none,1,9,kerm_04,False,17.6043701171875
fedavg,none,1,9,rsna_03,False,28.17203712463379
fedavg,none,1,10,rsna_05,False,21.1046085357666
fedavg,none,1,10,rsna_10,False,21.54874038696289
fedavg,none,1,10,kerm_05,False,19.398096084594727
fedavg,none,1,10,rsna_06,False,20.319923400878906
fedavg,none,1,10,rsna_03,False,21.450437545776367
fedavg,none,1,10,kerm_07,False,23.63632583618164
fedavg,none,1,10,kerm_03,False,18.53842544555664
fedavg,none,1,10,rsna_01,False,23.160301208496094
fedavg,none,1,10,rsna_11,False,18.661693572998047
fedavg,none,1,10,kerm_02,False,18.57576560974121
fedavg,none,1,10,rsna_09,False,19.43838119506836
fedavg,none,1,10,rsna_04,False,22.10316276550293
fedavg,none,1,10,rsna_02,False,23.00284767150879
fedavg,none,1,10,rsna_07,False,19.152633666992188
fedavg,none,1,10,rsna_12,False,20.282611846923828
fedavg,none,1,11,rsna_12,False,21.862796783447266
fedavg,none,1,11,kerm_08,False,23.439577102661133
fedavg,none,1,11,kerm_02,False,19.26035499572754
fedavg,none,1,11,kerm_03,False,18.015037536621094
fedavg,none,1,11,rsna_11,False,17.78221893310547
fedavg,none,1,11,kerm_07,False,23.50050926208496
fedavg,none,1,11,rsna_08,False,18.800865173339844
fedavg,none,1,11,rsna_03,False,23.259490966796875
fedavg,none,1,11,rsna_02,False,24.111125946044922
fedavg,none,1,11,rsna_10,False,22.066822052001953
fedavg,none,1,11,kerm_06,False,23.40550994873047
fedavg,none,1,11,rsna_07,False,21.665815353393555
fedavg,none,1,11,rsna_09,False,19.628660202026367
fedavg,none,1,11,rsna_05,False,21.399383544921875
fedavg,none,1,11,rsna_01,False,21.929800033569336
fedavg,none,1,12,rsna_01,False,24.550704956054688
fedavg,none,1,12,rsna_12,False,21.45067024230957
fedavg,none,1,12,kerm_05,False,22.107267379760742
fedavg,none,1,12,rsna_03,False,23.248449325561523
fedavg,none,1,12,rsna_02,False,24.494773864746094
fedavg,none,1,12,rsna_09,False,22.77045249938965
fedavg,none,1,12,kerm_01,False,20.72130584716797
fedavg,none,1,12,rsna_06,False,18.520408630371094
fedavg,none,1,12,kerm_08,False,21.578842163085938
fedavg,none,1,12,rsna_07,False,17.337068557739258
fedavg,none,1,12,kerm_06,False,21.592050552368164
fedavg,none,1,12,kerm_04,False,18.1180362701416
fedavg,none,1,12,rsna_10,False,18.705455780029297
fedavg,none,1,12,kerm_03,False,19.479677200317383
fedavg,none,1,12,rsna_08,False,19.481054306030273
fedavg,none,1,13,rsna_11,False,19.710268020629883
fedavg,none,1,13,rsna_09,False,21.32415199279785
fedavg,none,1,13,rsna_01,False,26.75092887878418
fedavg,none,1,13,kerm_07,False,24.3929443359375
fedavg,none,1,13,kerm_01,False,30.885404586791992
fedavg,none,1,13,rsna_05,False,31.38736343383789
fedavg,none,1,13,rsna_02,False,23.83296775817871
fedavg,none,1,13,rsna_10,False,21.39664077758789
fedavg,none,1,13,kerm_03,False,19.03167724609375
fedavg,none,1,13,kerm_05,False,18.464374542236328
fedavg,none,1,13,rsna_07,False,21.476863861083984
fedavg,none,1,13,rsna_03,False,26.680919647216797
fedavg,none,1,13,kerm_06,False,21.723651885986328
fedavg,none,1,13,rsna_08,False,20.526830673217773
fedavg,none,1,13,rsna_04,False,25.36570930480957
fedavg,none,1,14,rsna_01,False,29.18614959716797
fedavg,none,1,14,kerm_07,False,26.569889068603516
fedavg,none,1,14,kerm_05,False,26.877967834472656
fedavg,none,1,14,rsna_12,False,20.994638442993164
fedavg,none,1,14,kerm_06,False,23.13969612121582
fedavg,none,1,14,rsna_08,False,20.252981185913086
fedavg,none,1,14,rsna_05,False,20.299137115478516
fedavg,none,1,14,rsna_07,False,17.531864166259766
fedavg,none,1,14,kerm_03,False,17.995710372924805
fedavg,none,1,14,kerm_02,False,18.796932220458984
fedavg,none,1,14,rsna_06,False,21.15599250793457
fedavg,none,1,14,rsna_11,False,21.56629753112793
fedavg,none,1,14,kerm_01,False,22.17843246459961
fedavg,none,1,14,kerm_08,False,24.998292922973633
fedavg,none,1,14,rsna_04,False,22.299556732177734
fedavg,none,1,15,rsna_09,False,23.198593139648438
fedavg,none,1,15,rsna_03,False,24.24209976196289
fedavg,none,1,15,rsna_05,False,32.48922348022461
fedavg,none,1,15,kerm_03,False,17.37786102294922
fedavg,none,1,15,rsna_06,False,32.529075622558594
fedavg,none,1,15,rsna_07,False,25.958087921142578
fedavg,none,1,15,kerm_08,False,25.161827087402344
fedavg,none,1,15,kerm_04,False,17.525619506835938
fedavg,none,1,15,rsna_04,False,44.567039489746094
fedavg,none,1,15,kerm_06,False,24.95840072631836
fedavg,none,1,15,rsna_01,False,24.746891021728516
fedavg,none,1,15,kerm_02,False,22.507699966430664
fedavg,none,1,15,rsna_11,False,20.110055923461914
fedavg,none,1,15,rsna_10,False,25.4652156829834
fedavg,none,1,15,kerm_05,False,18.666667938232422
fedavg,none,1,16,rsna_07,False,19.272586822509766
fedavg,none,1,16,kerm_06,False,26.007917404174805
fedavg,none,1,16,kerm_07,False,24.50128936767578
fedavg,none,1,16,kerm_01,False,30.55065155029297
fedavg,none,1,16,rsna_04,False,28.072641372680664
fedavg,none,1,16,rsna_05,False,25.946165084838867
fedavg,none,1,16,rsna_09,False,21.74720573425293
fedavg,none,1,16,rsna_06,False,20.746257781982422
fedavg,none,1,16,kerm_02,False,22.486421585083008
fedavg,none,1,16,kerm_03,False,18.92336082458496
fedavg,none,1,16,rsna_02,False,25.258041381835938
fedavg,none,1,16,kerm_05,False,20.544116973876953
fedavg,none,1,16,rsna_10,False,21.226573944091797
fedavg,none,1,16,rsna_12,False,19.31849479675293
fedavg,none,1,16,rsna_08,False,18.618633270263672
fedavg,none,1,17,rsna_08,False,21.78055763244629
fedavg,none,1,17,rsna_04,False,45.685848236083984
fedavg,none,1,17,rsna_03,False,25.662029266357422
fedavg,none,1,17,kerm_08,False,29.095773696899414
fedavg,none,1,17,rsna_07,False,25.08013343811035
fedavg,none,1,17,kerm_05,False,22.796897888183594
fedavg,none,1,17,kerm_03,False,20.84292984008789
fedavg,none,1,17,rsna_09,False,19.87752914428711
fedavg,none,1,17,rsna_12,False,21.825624465942383
fedavg,none,1,17,kerm_07,False,32.721435546875
fedavg,none,1,17,rsna_01,False,27.756521224975586
fedavg,none,1,17,rsna_05,False,23.41921615600586
fedavg,none,1,17,rsna_10,False,21.39922332763672
fedavg,none,1,17,kerm_04,False,20.696746826171875
fedavg,none,1,17,kerm_02,False,26.543540954589844
fedavg,none,1,18,rsna_01,False,32.78193283081055
fedavg,none,1,18,rsna_06,False,22.227935791015625
fedavg,none,1,18,rsna_05,False,23.43797492980957
fedavg,none,1,18,rsna_09,False,22.955387115478516
fedavg,none,1,18,kerm_06,False,24.058122634887695
fedavg,none,1,18,rsna_04,False,23.479835510253906
fedavg,none,1,18,rsna_08,False,20.592988967895508
fedavg,none,1,18,kerm_07,False,28.59300994873047
fedavg,none,1,18,rsna_10,False,23.999359130859375
fedavg,none,1,18,kerm_02,False,24.556568145751953
fedavg,none,1,18,kerm_05,False,24.668527603149414
fedavg,none,1,18,rsna_02,False,28.795238494873047
fedavg,none,1,18,kerm_08,False,27.0358829498291
fedavg,none,1,18,rsna_12,False,24.845165252685547
fedavg,none,1,18,kerm_01,False,32.89847183227539
fedavg,none,1,19,kerm_06,False,28.230022430419922
fedavg,none,1,19,kerm_01,False,27.453102111816406
fedavg,none,1,19,rsna_03,False,39.276939392089844
fedavg,none,1,19,rsna_07,False,22.995332717895508
fedavg,none,1,19,rsna_10,False,20.62028694152832
fedavg,none,1,19,rsna_04,False,22.06376075744629
fedavg,none,1,19,kerm_02,False,31.917715072631836
fedavg,none,1,19,rsna_06,False,24.975732803344727
fedavg,none,1,19,kerm_03,False,21.072343826293945
fedavg,none,1,19,rsna_11,False,18.814857482910156
fedavg,none,1,19,kerm_07,False,26.70958137512207
fedavg,none,1,19,rsna_08,False,18.651931762695312
fedavg,none,1,19,rsna_02,False,34.94868087768555
fedavg,none,1,19,kerm_05,False,26.450471878051758
fedavg,none,1,19,rsna_09,False,26.045085906982422
fedavg,none,1,20,rsna_02,False,26.286815643310547
fedavg,none,1,20,rsna_05,False,22.07586669921875
fedavg,none,1,20,rsna_10,False,22.62595558166504
fedavg,none,1,20,kerm_08,False,26.62759017944336
fedavg,none,1,20,rsna_09,False,22.84955596923828
fedavg,none,1,20,rsna_03,False,23.19586753845215
fedavg,none,1,20,rsna_01,False,26.38046646118164
fedavg,none,1,20,rsna_08,False,19.766435623168945
fedavg,none,1,20,rsna_07,False,21.00816535949707
fedavg,none,1,20,rsna_11,False,22.678077697753906
fedavg,none,1,20,kerm_02,False,29.414066314697266
fedavg,none,1,20,kerm_01,False,40.193809509277344
fedavg,none,1,20,kerm_07,False,27.510896682739258
fedavg,none,1,20,rsna_12,False,25.56678581237793
fedavg,none,1,20,rsna_06,False,21.45303726196289
fedavg,none,1,21,kerm_05,False,23.526369094848633
fedavg,none,1,21,rsna_10,False,25.491525650024414
fedavg,none,1,21,rsna_08,False,20.20772361755371
fedavg,none,1,21,kerm_03,False,20.854928970336914
fedavg,none,1,21,rsna_11,False,21.110942840576172
fedavg,none,1,21,rsna_06,False,24.448591232299805
fedavg,none,1,21,rsna_12,False,23.679443359375
fedavg,none,1,21,kerm_01,False,30.659303665161133
fedavg,none,1,21,kerm_07,False,29.887836456298828
fedavg,none,1,21,rsna_02,False,25.33657455444336
fedavg,none,1,21,kerm_02,False,37.14377975463867
fedavg,none,1,21,rsna_05,False,25.33356285095215
fedavg,none,1,21,kerm_06,False,31.536161422729492
fedavg,none,1,21,rsna_03,False,30.72917938232422
fedavg,none,1,21,rsna_09,False,20.654539108276367
fedavg,none,1,22,kerm_06,False,26.274272918701172
fedavg,none,1,22,kerm_01,False,23.627399444580078
fedavg,none,1,22,rsna_02,False,27.83778953552246
fedavg,none,1,22,kerm_05,False,23.237459182739258
fedavg,none,1,22,kerm_03,False,23.410633087158203
fedavg,none,1,22,rsna_04,False,40.68667984008789
fedavg,none,1,22,rsna_07,False,20.667322158813477
fedavg,none,1,22,rsna_11,False,19.996749877929688
fedavg,none,1,22,rsna_05,False,24.78529930114746
fedavg,none,1,22,rsna_09,False,20.711931228637695
fedavg,none,1,22,kerm_07,False,27.203426361083984
fedavg,none,1,22,rsna_01,False,34.276031494140625
fedavg,none,1,22,rsna_03,False,29.26301383972168
fedavg,none,1,22,rsna_12,False,22.348955154418945
fedavg,none,1,22,rsna_06,False,21.784351348876953
fedavg,none,1,23,rsna_05,False,26.964046478271484
fedavg,none,1,23,rsna_06,False,23.817161560058594
fedavg,none,1,23,rsna_03,False,26.491853713989258
fedavg,none,1,23,rsna_04,False,25.333566665649414
fedavg,none,1,23,kerm_07,False,34.45194625854492
fedavg,none,1,23,rsna_09,False,20.049028396606445
fedavg,none,1,23,rsna_12,False,27.343578338623047
fedavg,none,1,23,rsna_01,False,33.262386322021484
fedavg,none,1,23,kerm_05,False,37.30218505859375
fedavg,none,1,23,rsna_11,False,21.005022048950195
fedavg,none,1,23,rsna_10,False,32.46225357055664
fedavg,none,1,23,rsna_02,False,29.704944610595703
fedavg,none,1,23,kerm_02,False,30.97963523864746
fedavg,none,1,23,kerm_01,False,33.389404296875
fedavg,none,1,23,rsna_07,False,19.50440788269043
fedavg,none,1,24,kerm_02,False,30.59597396850586
fedavg,none,1,24,rsna_04,False,27.37888526916504
fedavg,none,1,24,rsna_10,False,31.344175338745117
fedavg,none,1,24,rsna_01,False,34.12558364868164
fedavg,none,1,24,rsna_11,False,25.360021591186523
fedavg,none,1,24,rsna_05,False,26.27836036682129
fedavg,none,1,24,rsna_07,False,22.329885482788086
fedavg,none,1,24,kerm_04,False,26.281572341918945
fedavg,none,1,24,kerm_01,False,24.32014274597168
fedavg,none,1,24,kerm_06,False,35.689292907714844
fedavg,none,1,24,rsna_08,False,22.207517623901367
fedavg,none,1,24,rsna_12,False,27.494985580444336
fedavg,none,1,24,rsna_03,False,26.49176788330078
fedavg,none,1,24,rsna_06,False,21.867870330810547
fedavg,none,1,24,kerm_03,False,22.144880294799805
fedavg,none,1,25,rsna_07,False,25.638673782348633
fedavg,none,1,25,rsna_09,False,20.652801513671875
fedavg,none,1,25,rsna_11,False,26.651229858398438
fedavg,none,1,25,kerm_04,False,23.334890365600586
fedavg,none,1,25,rsna_06,False,21.66370964050293
fedavg,none,1,25,kerm_08,False,36.34001159667969
fedavg,none,1,25,kerm_06,False,30.07442283630371
fedavg,none,1,25,kerm_02,False,26.844207763671875
fedavg,none,1,25,rsna_10,False,23.33408546447754
fedavg,none,1,25,rsna_12,False,26.640554428100586
fedavg,none,1,25,rsna_04,False,29.748472213745117
fedavg,none,1,25,rsna_03,False,28.413549423217773
fedavg,none,1,25,rsna_02,False,36.93525695800781
fedavg,none,1,25,rsna_08,False,23.91307830810547
fedavg,none,1,25,rsna_05,False,40.5364875793457
fedavg,none,1,26,rsna_10,False,23.948942184448242
fedavg,none,1,26,rsna_02,False,29.87495231628418
fedavg,none,1,26,kerm_06,False,27.79776954650879
fedavg,none,1,26,kerm_04,False,28.517240524291992
fedavg,none,1,26,kerm_05,False,26.718162536621094
fedavg,none,1,26,kerm_02,False,24.91027069091797
fedavg,none,1,26,kerm_08,False,29.366392135620117
fedavg,none,1,26,rsna_07,False,23.41718864440918
fedavg,none,1,26,kerm_03,False,22.504850387573242
fedavg,none,1,26,kerm_07,False,32.51288604736328
fedavg,none,1,26,rsna_08,False,23.429800033569336
fedavg,none,1,26,rsna_06,False,22.080570220947266
fedavg,none,1,26,rsna_11,False,26.316312789916992
fedavg,none,1,26,rsna_03,False,30.216466903686523
fedavg,none,1,26,rsna_05,False,31.538976669311523
fedavg,none,1,27,rsna_11,False,20.666889190673828
fedavg,none,1,27,rsna_09,False,19.667551040649414
fedavg,none,1,27,rsna_10,False,20.396413803100586
fedavg,none,1,27,rsna_08,False,26.73507308959961
fedavg,none,1,27,kerm_02,False,27.117244720458984
fedavg,none,1,27,rsna_01,False,31.701274871826172
fedavg,none,1,27,kerm_07,False,31.499469757080078
fedavg,none,1,27,kerm_05,False,25.034276962280273
fedavg,none,1,27,rsna_02,False,33.69583511352539
fedavg,none,1,27,rsna_12,False,25.48520278930664
fedavg,none,1,27,kerm_06,False,26.15032958984375
fedavg,none,1,27,rsna_06,False,24.12187385559082
fedavg,none,1,27,rsna_03,False,27.93414306640625
fedavg,none,1,27,rsna_07,False,24.78514289855957
fedavg,none,1,27,kerm_01,False,53.34119415283203
fedavg,none,1,28,rsna_06,False,20.32453155517578
fedavg,none,1,28,rsna_11,False,22.68807601928711
fedavg,none,1,28,kerm_07,False,36.70513916015625
fedavg,none,1,28,kerm_08,False,33.21205139160156
fedavg,none,1,28,rsna_01,False,28.062015533447266
fedavg,none,1,28,kerm_05,False,29.258750915527344
fedavg,none,1,28,rsna_04,False,39.40743637084961
fedavg,none,1,28,rsna_03,False,25.61273956298828
fedavg,none,1,28,kerm_06,False,27.115190505981445
fedavg,none,1,28,kerm_02,False,43.061973571777344
fedavg,none,1,28,rsna_05,False,24.354028701782227
fedavg,none,1,28,rsna_09,False,34.98612976074219
fedavg,none,1,28,kerm_04,False,21.8697509765625
fedavg,none,1,28,rsna_02,False,28.463457107543945
fedavg,none,1,28,rsna_08,False,20.755048751831055
fedavg,none,1,29,rsna_10,False,20.018781661987305
fedavg,none,1,29,rsna_09,False,24.299055099487305
fedavg,none,1,29,rsna_12,False,30.930255889892578
fedavg,none,1,29,rsna_04,False,34.363555908203125
fedavg,none,1,29,kerm_02,False,36.482059478759766
fedavg,none,1,29,rsna_08,False,23.153860092163086
fedavg,none,1,29,rsna_03,False,30.009719848632812
fedavg,none,1,29,kerm_05,False,23.73162078857422
fedavg,none,1,29,rsna_06,False,31.37706184387207
fedavg,none,1,29,rsna_11,False,19.62457847595215
fedavg,none,1,29,kerm_08,False,38.065303802490234
fedavg,none,1,29,rsna_07,False,20.399763107299805
fedavg,none,1,29,kerm_03,False,23.212926864624023
fedavg,none,1,29,rsna_05,False,36.82100296020508
fedavg,none,1,29,kerm_06,False,31.72398567199707
fedavg,none,1,30,kerm_06,False,35.20280838012695
fedavg,none,1,30,rsna_02,False,45.989051818847656
fedavg,none,1,30,rsna_04,False,24.376493453979492
fedavg,none,1,30,rsna_11,False,20.114717483520508
fedavg,none,1,30,rsna_10,False,21.237295150756836
fedavg,none,1,30,rsna_12,False,24.54979133605957
fedavg,none,1,30,kerm_05,False,29.988218307495117
fedavg,none,1,30,rsna_01,False,49.54289245605469
fedavg,none,1,30,rsna_06,False,22.787294387817383
fedavg,none,1,30,kerm_08,False,34.881568908691406
fedavg,none,1,30,rsna_09,False,24.863563537597656
fedavg,none,1,30,kerm_04,False,24.735671997070312
fedavg,none,1,30,rsna_08,False,23.252307891845703
fedavg,none,1,30,rsna_05,False,43.81117630004883
fedavg,none,1,30,rsna_07,False,22.116043090820312
fedavg,none,2,1,rsna_12,False,22.139225006103516
fedavg,none,2,1,rsna_04,False,23.87447166442871
fedavg,none,2,1,rsna_02,False,23.051599502563477
fedavg,none,2,1,rsna_06,False,22.736610412597656
fedavg,none,2,1,rsna_08,False,22.453964233398438
fedavg,none,2,1,kerm_05,False,22.386234283447266
fedavg,none,2,1,kerm_02,False,22.47532081604004
fedavg,none,2,1,rsna_09,False,22.467443466186523
fedavg,none,2,1,rsna_01,False,23.073057174682617
fedavg,none,2,1,rsna_10,False,22.07546043395996
fedavg,none,2,1,kerm_04,False,22.725933074951172
fedavg,none,2,1,kerm_01,False,22.449079513549805
fedavg,none,2,1,kerm_03,False,23.120433807373047
fedavg,none,2,1,rsna_05,False,22.695613861083984
fedavg,none,2,1,kerm_06,False,22.241167068481445
fedavg,none,2,2,rsna_04,False,19.112224578857422
fedavg,none,2,2,kerm_03,False,18.17820167541504
fedavg,none,2,2,rsna_11,False,21.742267608642578
fedavg,none,2,2,rsna_02,False,19.78493881225586
fedavg,none,2,2,rsna_03,False,18.65587043762207
fedavg,none,2,2,kerm_06,False,17.657161712646484
fedavg,none,2,2,kerm_02,False,16.9668025970459
fedavg,none,2,2,kerm_05,False,16.945341110229492
fedavg,none,2,2,rsna_06,False,18.087722778320312
fedavg,none,2,2,rsna_01,False,21.57408332824707
fedavg,none,2,2,rsna_12,False,17.190637588500977
fedavg,none,2,2,kerm_01,False,16.946136474609375
fedavg,none,2,2,rsna_09,False,18.018022537231445
fedavg,none,2,2,kerm_07,False,17.317630767822266
fedavg,none,2,2,rsna_08,False,17.967741012573242
fedavg,none,2,3,kerm_01,False,16.715423583984375
fedavg,none,2,3,kerm_05,False,18.981874465942383
fedavg,none,2,3,rsna_03,False,21.419174194335938
fedavg,none,2,3,kerm_03,False,18.124757766723633
fedavg,none,2,3,rsna_10,False,18.433818817138672
fedavg,none,2,3,rsna_11,False,19.164878845214844
fedavg,none,2,3,kerm_07,False,18.873065948486328
fedavg,none,2,3,rsna_06,False,17.920040130615234
fedavg,none,2,3,kerm_02,False,17.104581832885742
fedavg,none,2,3,kerm_08,False,18.681434631347656
fedavg,none,2,3,rsna_05,False,18.77302360534668
fedavg,none,2,3,rsna_02,False,18.787940979003906
fedavg,none,2,3,rsna_04,False,19.156238555908203
fedavg,none,2,3,rsna_08,False,18.203699111938477
fedavg,none,2,3,rsna_01,False,18.91098403930664
fedavg,none,2,4,rsna_02,False,21.40154457092285
fedavg,none,2,4,kerm_01,False,16.719926834106445
fedavg,none,2,4,kerm_03,False,18.74165916442871
fedavg,none,2,4,kerm_06,False,18.545215606689453
fedavg,none,2,4,rsna_05,False,21.35636329650879
fedavg,none,2,4,rsna_03,False,22.367944717407227
fedavg,none,2,4,kerm_04,False,23.034725189208984
fedavg,none,2,4,rsna_07,False,18.78569793701172
fedavg,none,2,4,rsna_09,False,19.11330795288086
fedavg,none,2,4,rsna_12,False,19.565013885498047
fedavg,none,2,4,rsna_10,False,18.17319107055664
fedavg,none,2,4,kerm_02,False,17.907365798950195
fedavg,none,2,4,rsna_01,False,23.67502784729004
fedavg,none,2,4,kerm_07,False,21.73515510559082
fedavg,none,2,4,rsna_06,False,18.144554138183594
fedavg,none,2,5,kerm_05,False,19.46675682067871
fedavg,none,2,5,rsna_07,False,18.59005355834961
fedavg,none,2,5,kerm_06,False,19.054153442382812
fedavg,none,2,5,rsna_12,False,20.92795753479004
fedavg,none,2,5,kerm_08,False,19.767126083374023
fedavg,none,2,5,rsna_09,False,17.359350204467773
fedavg,none,2,5,rsna_05,False,18.576391220092773
fedavg,none,2,5,rsna_04,False,19.83926773071289
fedavg,none,2,5,rsna_08,False,19.235950469970703
fedavg,none,2,5,kerm_01,False,17.32603645324707
fedavg,none,2,5,rsna_02,False,21.618947982788086
fedavg,none,2,5,kerm_02,False,17.207534790039062
fedavg,none,2,5,kerm_03,False,17.732885360717773
fedavg,none,2,5,rsna_03,False,21.283313751220703
fedavg,none,2,5,rsna_10,False,18.90460205078125
fedavg,none,2,6,rsna_06,False,19.327390670776367
fedavg,none,2,6,kerm_07,False,19.30469512939453
fedavg,none,2,6,kerm_02,False,16.743608474731445
fedavg,none,2,6,rsna_12,False,18.53986167907715
fedavg,none,2,6,rsna_10,False,18.954570770263672
fedavg,none,2,6,rsna_05,False,20.122711181640625
fedavg,none,2,6,rsna_11,False,20.68684196472168
fedavg,none,2,6,rsna_04,False,20.507373809814453
fedavg,none,2,6,kerm_08,False,24.1149845123291
fedavg,none,2,6,rsna_07,False,18.468936920166016
fedavg,none,2,6,kerm_03,False,17.943527221679688
fedavg,none,2,6,rsna_01,False,23.40966796875
fedavg,none,2,6,kerm_04,False,23.520198822021484
fedavg,none,2,6,kerm_05,False,21.290668487548828
fedavg,none,2,6,kerm_01,False,19.376495361328125
fedavg,none,2,7,rsna_06,False,21.03040313720703
fedavg,none,2,7,kerm_05,False,20.52968978881836
fedavg,none,2,7,rsna_10,False,20.105993270874023
fedavg,none,2,7,kerm_01,False,17.337697982788086
fedavg,none,2,7,rsna_05,False,19.694360733032227
fedavg,none,2,7,rsna_08,False,19.244163513183594
fedavg,none,2,7,kerm_06,False,18.854129791259766
fedavg,none,2,7,rsna_09,False,20.0106258392334
fedavg,none,2,7,kerm_04,False,21.222637176513672
fedavg,none,2,7,kerm_07,False,19.179244995117188
fedavg,none,2,7,rsna_12,False,18.842981338500977
fedavg,none,2,7,rsna_07,False,19.213422775268555
fedavg,none,2,7,rsna_01,False,23.292407989501953
fedavg,none,2,7,rsna_11,False,18.782447814941406
fedavg,none,2,7,rsna_03,False,22.992456436157227
fedavg,none,2,8,rsna_03,False,23.332454681396484
fedavg,none,2,8,rsna_11,False,18.072052001953125
fedavg,none,2,8,kerm_05,False,21.428058624267578
fedavg,none,2,8,rsna_05,False,20.51893424987793
fedavg,none,2,8,kerm_08,False,22.127714157104492
fedavg,none,2,8,kerm_03,False,19.589622497558594
fedavg,none,2,8,kerm_04,False,18.952754974365234
fedavg,none,2,8,kerm_01,False,19.02029800415039
fedavg,none,2,8,rsna_04,False,21.65546989440918
fedavg,none,2,8,kerm_07,False,27.77047348022461
fedavg,none,2,8,rsna_07,False,17.414438247680664
fedavg,none,2,8,kerm_02,False,18.545991897583008
fedavg,none,2,8,rsna_06,False,20.476003646850586
fedavg,none,2,8,rsna_08,False,18.62120246887207
fedavg,none,2,8,rsna_12,False,18.344200134277344
fedavg,none,2,9,kerm_02,False,16.47808265686035
fedavg,none,2,9,kerm_03,False,19.11581802368164
fedavg,none,2,9,kerm_08,False,19.99997901916504
fedavg,none,2,9,kerm_06,False,20.86833953857422
fedavg,none,2,9,rsna_10,False,18.866138458251953
fedavg,none,2,9,rsna_07,False,21.04012107849121
fedavg,none,2,9,kerm_01,False,19.566390991210938
fedavg,none,2,9,rsna_02,False,24.62069320678711
fedavg,none,2,9,kerm_05,False,19.147737503051758
fedavg,none,2,9,rsna_08,False,19.74633026123047
fedavg,none,2,9,rsna_06,False,20.653179168701172
fedavg,none,2,9,rsna_04,False,23.44467544555664
fedavg,none,2,9,rsna_12,False,17.882732391357422
fedavg,none,2,9,rsna_05,False,19.56403350830078
fedavg,none,2,9,rsna_03,False,22.317975997924805
fedavg,none,2,10,kerm_02,False,16.091508865356445
fedavg,none,2,10,rsna_04,False,20.592262268066406
fedavg,none,2,10,rsna_07,False,17.463428497314453
fedavg,none,2,10,kerm_05,False,21.551300048828125
fedavg,none,2,10,rsna_02,False,23.059844970703125
fedavg,none,2,10,rsna_06,False,18.924589157104492
fedavg,none,2,10,rsna_10,False,18.939674377441406
fedavg,none,2,10,kerm_06,False,18.932912826538086
fedavg,none,2,10,rsna_08,False,18.532630920410156
fedavg,none,2,10,kerm_03,False,18.8826961517334
fedavg,none,2,10,rsna_01,False,25.252769470214844
fedavg,none,2,10,kerm_01,False,18.36395263671875
fedavg,none,2,10,rsna_11,False,19.04081916809082
fedavg,none,2,10,kerm_04,False,18.914758682250977
fedavg,none,2,10,rsna_05,False,20.04850959777832
fedavg,none,2,11,rsna_01,False,23.264066696166992
fedavg,none,2,11,rsna_11,False,19.21841812133789
fedavg,none,2,11,kerm_02,False,18.265609741210938
fedavg,none,2,11,rsna_09,False,19.502592086791992
fedavg,none,2,11,kerm_08,False,29.97740936279297
fedavg,none,2,11,rsna_08,False,19.673585891723633
fedavg,none,2,11,kerm_05,False,30.49549674987793
fedavg,none,2,11,rsna_02,False,23.410152435302734
fedavg,none,2,11,kerm_03,False,20.770166397094727
fedavg,none,2,11,kerm_07,False,20.300220489501953
fedavg,none,2,11,rsna_05,False,19.00809669494629
fedavg,none,2,11,rsna_04,False,20.070585250854492
fedavg,none,2,11,kerm_06,False,20.780149459838867
fedavg,none,2,11,rsna_06,False,18.425399780273438
fedavg,none,2,11,rsna_07,False,19.982133865356445
fedavg,none,2,12,kerm_05,False,18.942699432373047
fedavg,none,2,12,kerm_07,False,20.390254974365234
fedavg,none,2,12,kerm_02,False,17.746532440185547
fedavg,none,2,12,rsna_09,False,18.01015281677246
fedavg,none,2,12,rsna_03,False,26.49049949645996
fedavg,none,2,12,rsna_04,False,23.392948150634766
fedavg,none,2,12,rsna_10,False,22.190021514892578
fedavg,none,2,12,rsna_07,False,18.814205169677734
fedavg,none,2,12,rsna_12,False,18.16658592224121
fedavg,none,2,12,kerm_08,False,20.382211685180664
fedavg,none,2,12,kerm_06,False,27.11192512512207
fedavg,none,2,12,kerm_01,False,24.819917678833008
fedavg,none,2,12,rsna_02,False,30.062522888183594
fedavg,none,2,12,rsna_08,False,18.545766830444336
fedavg,none,2,12,kerm_03,False,17.972341537475586
fedavg,none,2,13,rsna_01,False,27.742870330810547
fedavg,none,2,13,rsna_07,False,20.11656951904297
fedavg,none,2,13,rsna_06,False,22.053653717041016
fedavg,none,2,13,rsna_12,False,19.731412887573242
fedavg,none,2,13,rsna_02,False,22.106245040893555
fedavg,none,2,13,rsna_08,False,18.45904541015625
fedavg,none,2,13,kerm_06,False,19.27813720703125
fedavg,none,2,13,rsna_04,False,22.472278594970703
fedavg,none,2,13,kerm_01,False,21.01522445678711
fedavg,none,2,13,kerm_05,False,18.992483139038086
fedavg,none,2,13,kerm_08,False,21.698476791381836
fedavg,none,2,13,kerm_02,False,19.740591049194336
fedavg,none,2,13,kerm_07,False,19.84285545349121
fedavg,none,2,13,rsna_09,False,19.399354934692383
fedavg,none,2,13,rsna_11,False,19.113039016723633
fedavg,none,2,14,kerm_04,False,19.995515823364258
fedavg,none,2,14,rsna_05,False,20.94556427001953
fedavg,none,2,14,kerm_02,False,17.72779655456543
fedavg,none,2,14,kerm_03,False,18.28499984741211
fedavg,none,2,14,rsna_02,False,26.977113723754883
fedavg,none,2,14,rsna_08,False,20.53173828125
fedavg,none,2,14,rsna_09,False,19.14051055908203
fedavg,none,2,14,rsna_01,False,25.7864990234375
fedavg,none,2,14,kerm_07,False,20.233232498168945
fedavg,none,2,14,kerm_06,False,19.558692932128906
fedavg,none,2,14,rsna_03,False,20.917299270629883
fedavg,none,2,14,rsna_06,False,18.962278366088867
fedavg,none,2,14,rsna_12,False,20.81015968322754
fedavg,none,2,14,kerm_05,False,23.19599723815918
fedavg,none,2,14,rsna_07,False,18.264249801635742
fedavg,none,2,15,rsna_03,False,25.47696876525879
fedavg,none,2,15,kerm_02,False,18.230440139770508
fedavg,none,2,15,kerm_08,False,23.21192169189453
fedavg,none,2,15,rsna_10,False,19.0156192779541
fedavg,none,2,15,kerm_06,False,20.519996643066406
fedavg,none,2,15,rsna_09,False,18.308732986450195
fedavg,none,2,15,kerm_03,False,20.651187896728516
fedavg,none,2,15,rsna_06,False,20.801246643066406
fedavg,none,2,15,rsna_04,False,29.221689224243164
fedavg,none,2,15,rsna_07,False,17.982532501220703
fedavg,none,2,15,rsna_05,False,22.648387908935547
fedavg,none,2,15,rsna_11,False,24.33572769165039
fedavg,none,2,15,rsna_02,False,24.062950134277344
fedavg,none,2,15,kerm_04,False,19.67567253112793
fedavg,none,2,15,kerm_05,False,20.372318267822266
fedavg,none,2,16,rsna_07,False,18.43924903869629
fedavg,none,2,16,kerm_02,False,21.2883358001709
fedavg,none,2,16,rsna_01,False,23.50923728942871
fedavg,none,2,16,rsna_05,False,19.324758529663086
fedavg,none,2,16,rsna_12,False,19.110708236694336
fedavg,none,2,16,rsna_10,False,24.876619338989258
fedavg,none,2,16,kerm_06,False,24.771223068237305
fedavg,none,2,16,kerm_01,False,22.19751739501953
fedavg,none,2,16,rsna_11,False,20.437440872192383
fedavg,none,2,16,rsna_02,False,22.18198585510254
fedavg,none,2,16,rsna_04,False,20.990549087524414
fedavg,none,2,16,kerm_04,False,23.393949508666992
fedavg,none,2,16,rsna_08,False,19.2442569732666
fedavg,none,2,16,kerm_03,False,18.82143211364746
fedavg,none,2,16,kerm_07,False,21.40962791442871
fedavg,none,2,17,rsna_03,False,26.013500213623047
fedavg,none,2,17,rsna_11,False,22.819110870361328
fedavg,none,2,17,kerm_08,False,23.280038833618164
fedavg,none,2,17,rsna_05,False,20.87723731994629
fedavg,none,2,17,kerm_01,False,24.909605026245117
fedavg,none,2,17,kerm_05,False,19.168075561523438
fedavg,none,2,17,kerm_06,False,21.801959991455078
fedavg,none,2,17,rsna_12,False,19.987628936767578
fedavg,none,2,17,rsna_01,False,23.22865867614746
fedavg,none,2,17,kerm_02,False,20.520097732543945
fedavg,none,2,17,rsna_09,False,17.566484451293945
fedavg,none,2,17,kerm_03,False,19.657377243041992
fedavg,none,2,17,kerm_04,False,23.09896469116211
fedavg,none,2,17,rsna_02,False,29.157703399658203
fedavg,none,2,17,rsna_04,False,25.00520133972168
fedavg,none,2,18,rsna_04,False,35.05913543701172
fedavg,none,2,18,rsna_07,False,20.697755813598633
fedavg,none,2,18,rsna_10,False,29.696313858032227
fedavg,none,2,18,rsna_06,False,23.644651412963867
fedavg,none,2,18,kerm_03,False,19.92386245727539
fedavg,none,2,18,kerm_04,False,33.37017822265625
fedavg,none,2,18,rsna_02,False,23.988168716430664
fedavg,none,2,18,rsna_09,False,17.71651840209961
fedavg,none,2,18,kerm_06,False,32.930625915527344
fedavg,none,2,18,kerm_02,False,17.4658203125
fedavg,none,2,18,kerm_07,False,23.303482055664062
fedavg,none,2,18,rsna_03,False,24.180728912353516
fedavg,none,2,18,rsna_05,False,26.942119598388672
fedavg,none,2,18,rsna_01,False,22.74678611755371
fedavg,none,2,18,kerm_05,False,19.98955535888672
fedavg,none,2,19,rsna_01,False,22.656238555908203
fedavg,none,2,19,rsna_08,False,19.442319869995117
fedavg,none,2,19,rsna_11,False,25.230344772338867
fedavg,none,2,19,kerm_04,False,20.452255249023438
fedavg,none,2,19,rsna_12,False,24.242040634155273
fedavg,none,2,19,kerm_07,False,23.243778228759766
fedavg,none,2,19,rsna_03,False,22.02408790588379
fedavg,none,2,19,kerm_05,False,19.61359405517578
fedavg,none,2,19,rsna_10,False,21.719289779663086
fedavg,none,2,19,rsna_05,False,22.75843048095703
fedavg,none,2,19,kerm_02,False,18.972915649414062
fedavg,none,2,19,kerm_06,False,23.269712448120117
fedavg,none,2,19,kerm_08,False,27.846050262451172
fedavg,none,2,19,rsna_04,False,21.172391891479492
fedavg,none,2,19,kerm_01,False,24.66194725036621
fedavg,none,2,20,rsna_05,False,21.970064163208008
fedavg,none,2,20,kerm_08,False,22.471477508544922
fedavg,none,2,20,kerm_05,False,21.24238395690918
fedavg,none,2,20,rsna_10,False,22.145959854125977
fedavg,none,2,20,kerm_07,False,23.001096725463867
fedavg,none,2,20,kerm_04,False,24.65977668762207
fedavg,none,2,20,rsna_07,False,22.4167423248291
fedavg,none,2,20,kerm_02,False,22.581037521362305
fedavg,none,2,20,kerm_06,False,19.40679931640625
fedavg,none,2,20,rsna_02,False,28.72343635559082
fedavg,none,2,20,rsna_12,False,20.316959381103516
fedavg,none,2,20,kerm_01,False,24.72476577758789
fedavg,none,2,20,rsna_08,False,18.18056869506836
fedavg,none,2,20,rsna_11,False,22.641162872314453
fedavg,none,2,20,rsna_09,False,18.11365509033203
fedavg,none,2,21,rsna_07,False,20.627853393554688
fedavg,none,2,21,rsna_11,False,19.182504653930664
fedavg,none,2,21,rsna_10,False,28.438243865966797
fedavg,none,2,21,kerm_05,False,18.344005584716797
fedavg,none,2,21,kerm_06,False,20.541213989257812
fedavg,none,2,21,kerm_04,False,22.213706970214844
fedavg,none,2,21,kerm_08,False,23.084579467773438
fedavg,none,2,21,rsna_12,False,24.248769760131836
fedavg,none,2,21,kerm_03,False,23.374311447143555
fedavg,none,2,21,kerm_01,False,32.587886810302734
fedavg,none,2,21,kerm_02,False,18.79349708557129
fedavg,none,2,21,rsna_03,False,26.951845169067383
fedavg,none,2,21,rsna_08,False,21.493444442749023
fedavg,none,2,21,rsna_04,False,24.10892105102539
fedavg,none,2,21,kerm_07,False,24.016069412231445
fedavg,none,2,22,rsna_04,False,28.45303726196289
fedavg,none,2,22,rsna_07,False,23.20921516418457
fedavg,none,2,22,kerm_07,False,20.829753875732422
fedavg,none,2,22,kerm_06,False,23.353010177612305
fedavg,none,2,22,rsna_01,False,32.05950164794922
fedavg,none,2,22,kerm_01,False,26.810012817382812
fedavg,none,2,22,kerm_04,False,17.250438690185547
fedavg,none,2,22,rsna_08,False,21.155364990234375
fedavg,none,2,22,kerm_08,False,21.783586502075195
fedavg,none,2,22,kerm_05,False,17.332847595214844
fedavg,none,2,22,rsna_09,False,18.134851455688477
fedavg,none,2,22,rsna_11,False,20.80048370361328
fedavg,none,2,22,rsna_06,False,26.59603500366211
fedavg,none,2,22,rsna_05,False,22.83819007873535
fedavg,none,2,22,rsna_10,False,22.841093063354492
fedavg,none,2,23,kerm_06,False,23.293621063232422
fedavg,none,2,23,rsna_12,False,19.856966018676758
fedavg,none,2,23,rsna_01,False,33.03367614746094
fedavg,none,2,23,kerm_04,False,22.749452590942383
fedavg,none,2,23,kerm_07,False,23.15883445739746
fedavg,none,2,23,kerm_08,False,24.135963439941406
fedavg,none,2,23,rsna_11,False,19.514198303222656
fedavg,none,2,23,kerm_02,False,18.840757369995117
fedavg,none,2,23,rsna_05,False,26.045141220092773
fedavg,none,2,23,kerm_01,False,22.78961753845215
fedavg,none,2,23,kerm_05,False,19.368650436401367
fedavg,none,2,23,rsna_04,False,24.857324600219727
fedavg,none,2,23,rsna_07,False,25.124895095825195
fedavg,none,2,23,rsna_02,False,28.61359214782715
fedavg,none,2,23,kerm_03,False,27.159988403320312
fedavg,none,2,24,kerm_07,False,22.63814353942871
fedavg,none,2,24,kerm_02,False,20.870929718017578
fedavg,none,2,24,kerm_06,False,24.996261596679688
fedavg,none,2,24,rsna_01,False,30.030454635620117
fedavg,none,2,24,kerm_04,False,20.177038192749023
fedavg,none,2,24,rsna_06,False,32.503814697265625
fedavg,none,2,24,rsna_05,False,22.523670196533203
fedavg,none,2,24,rsna_11,False,19.381820678710938
fedavg,none,2,24,rsna_09,False,20.28150749206543
fedavg,none,2,24,rsna_03,False,24.78780746459961
fedavg,none,2,24,rsna_07,False,23.30571174621582
fedavg,none,2,24,kerm_03,False,22.696517944335938
fedavg,none,2,24,kerm_08,False,26.379302978515625
fedavg,none,2,24,rsna_08,False,21.1811466217041
fedavg,none,2,24,rsna_10,False,19.170454025268555
fedavg,none,2,25,kerm_03,False,22.71758460998535
fedavg,none,2,25,rsna_10,False,28.483562469482422
fedavg,none,2,25,kerm_01,False,23.45738410949707
fedavg,none,2,25,rsna_09,False,25.666982650756836
fedavg,none,2,25,kerm_07,False,25.095075607299805
fedavg,none,2,25,rsna_07,False,23.23404312133789
fedavg,none,2,25,kerm_04,False,25.390941619873047
fedavg,none,2,25,rsna_11,False,19.12134552001953
fedavg,none,2,25,rsna_02,False,27.538358688354492
fedavg,none,2,25,rsna_06,False,24.01969337463379
fedavg,none,2,25,kerm_02,False,19.704166412353516
fedavg,none,2,25,rsna_04,False,26.844009399414062
fedavg,none,2,25,rsna_01,False,26.6124267578125
fedavg,none,2,25,rsna_08,False,19.76770782470703
fedavg,none,2,25,kerm_08,False,30.622209548950195
fedavg,none,2,26,kerm_05,False,23.37738609313965
fedavg,none,2,26,rsna_10,False,21.037372589111328
fedavg,none,2,26,rsna_01,False,27.77529525756836
fedavg,none,2,26,kerm_01,False,21.06985092163086
fedavg,none,2,26,rsna_03,False,28.758487701416016
fedavg,none,2,26,kerm_07,False,26.18236541748047
fedavg,none,2,26,rsna_05,False,29.795578002929688
fedavg,none,2,26,rsna_09,False,21.600921630859375
fedavg,none,2,26,kerm_06,False,22.727251052856445
fedavg,none,2,26,rsna_12,False,25.35588836669922
fedavg,none,2,26,rsna_06,False,24.376163482666016
fedavg,none,2,26,rsna_08,False,18.272340774536133
fedavg,none,2,26,rsna_07,False,23.032455444335938
fedavg,none,2,26,kerm_08,False,25.02259063720703
fedavg,none,2,26,rsna_11,False,26.889707565307617
fedavg,none,2,27,rsna_11,False,23.4285888671875
fedavg,none,2,27,rsna_03,False,25.943872451782227
fedavg,none,2,27,rsna_02,False,34.59080123901367
fedavg,none,2,27,rsna_12,False,24.397912979125977
fedavg,none,2,27,rsna_06,False,21.79897117614746
fedavg,none,2,27,rsna_08,False,27.615524291992188
fedavg,none,2,27,rsna_07,False,18.260086059570312
fedavg,none,2,27,kerm_02,False,25.859004974365234
fedavg,none,2,27,rsna_10,False,22.658655166625977
fedavg,none,2,27,kerm_03,False,23.878490447998047
fedavg,none,2,27,kerm_06,False,22.810270309448242
fedavg,none,2,27,kerm_07,False,23.949831008911133
fedavg,none,2,27,kerm_01,False,23.590063095092773
fedavg,none,2,27,rsna_01,False,37.539066314697266
fedavg,none,2,27,kerm_04,False,24.491775512695312
fedavg,none,2,28,rsna_08,False,18.986906051635742
fedavg,none,2,28,kerm_05,False,23.356216430664062
fedavg,none,2,28,rsna_05,False,25.84334373474121
fedavg,none,2,28,kerm_07,False,29.643661499023438
fedavg,none,2,28,rsna_12,False,24.085182189941406
fedavg,none,2,28,kerm_06,False,26.970762252807617
fedavg,none,2,28,kerm_08,False,34.45016860961914
fedavg,none,2,28,rsna_10,False,20.40932273864746
fedavg,none,2,28,rsna_01,False,24.085697174072266
fedavg,none,2,28,rsna_04,False,28.123132705688477
fedavg,none,2,28,rsna_09,False,27.183137893676758
fedavg,none,2,28,rsna_06,False,25.6727237701416
fedavg,none,2,28,rsna_03,False,35.32097625732422
fedavg,none,2,28,kerm_03,False,20.7830867767334
fedavg,none,2,28,rsna_07,False,20.777053833007812
fedavg,none,2,29,kerm_08,False,26.08914566040039
fedavg,none,2,29,rsna_12,False,21.547075271606445
fedavg,none,2,29,rsna_06,False,33.08573532104492
fedavg,none,2,29,kerm_05,False,28.450103759765625
fedavg,none,2,29,rsna_10,False,21.68662452697754
fedavg,none,2,29,rsna_01,False,24.795156478881836
fedavg,none,2,29,kerm_04,False,18.661314010620117
fedavg,none,2,29,rsna_08,False,16.70118522644043
fedavg,none,2,29,rsna_11,False,20.869735717773438
fedavg,none,2,29,kerm_02,False,21.577720642089844
fedavg,none,2,29,kerm_06,False,28.22490882873535
fedavg,none,2,29,kerm_07,False,23.87006378173828
fedavg,none,2,29,rsna_09,False,22.345108032226562
fedavg,none,2,29,kerm_01,False,29.745506286621094
fedavg,none,2,29,rsna_04,False,26.056045532226562
fedavg,none,2,30,kerm_04,False,20.975873947143555
fedavg,none,2,30,rsna_12,False,19.068462371826172
fedavg,none,2,30,kerm_07,False,23.48175811767578
fedavg,none,2,30,kerm_01,False,28.50802993774414
fedavg,none,2,30,rsna_02,False,43.40510559082031
fedavg,none,2,30,rsna_08,False,17.818641662597656
fedavg,none,2,30,rsna_09,False,19.813438415527344
fedavg,none,2,30,rsna_11,False,19.01038932800293
fedavg,none,2,30,rsna_06,False,21.136892318725586
fedavg,none,2,30,kerm_02,False,22.24329376220703
fedavg,none,2,30,rsna_04,False,26.328960418701172
fedavg,none,2,30,rsna_01,False,31.47859001159668
fedavg,none,2,30,rsna_10,False,18.777780532836914
fedavg,none,2,30,rsna_03,False,33.77467346191406
fedavg,none,2,30,kerm_06,False,24.699270248413086
fedavg,none,3,1,rsna_03,False,22.906429290771484
fedavg,none,3,1,rsna_09,False,23.292144775390625
fedavg,none,3,1,kerm_06,False,22.58348846435547
fedavg,none,3,1,rsna_04,False,22.928585052490234
fedavg,none,3,1,rsna_01,False,23.00800132751465
fedavg,none,3,1,rsna_12,False,22.734994888305664
fedavg,none,3,1,rsna_06,False,22.758708953857422
fedavg,none,3,1,kerm_08,False,22.345643997192383
fedavg,none,3,1,kerm_03,False,22.56019401550293
fedavg,none,3,1,rsna_02,False,23.262901306152344
fedavg,none,3,1,kerm_01,False,22.84163475036621
fedavg,none,3,1,kerm_05,False,22.20652198791504
fedavg,none,3,1,rsna_11,False,22.831214904785156
fedavg,none,3,1,rsna_07,False,22.683504104614258
fedavg,none,3,1,kerm_02,False,22.64385223388672
fedavg,none,3,2,rsna_06,False,18.040233612060547
fedavg,none,3,2,rsna_05,False,18.511850357055664
fedavg,none,3,2,rsna_04,False,18.3933162689209
fedavg,none,3,2,rsna_09,False,18.219331741333008
fedavg,none,3,2,rsna_08,False,19.091142654418945
fedavg,none,3,2,kerm_08,False,17.40415382385254
fedavg,none,3,2,kerm_01,False,16.924114227294922
fedavg,none,3,2,kerm_02,False,17.00948715209961
fedavg,none,3,2,kerm_04,False,17.594196319580078
fedavg,none,3,2,rsna_02,False,18.363269805908203
fedavg,none,3,2,kerm_05,False,17.64800262451172
fedavg,none,3,2,rsna_01,False,19.37720489501953
fedavg,none,3,2,kerm_06,False,17.110939025878906
fedavg,none,3,2,kerm_03,False,16.922983169555664
fedavg,none,3,2,rsna_12,False,17.44318962097168
fedavg,none,3,3,rsna_06,False,19.13302230834961
fedavg,none,3,3,rsna_12,False,18.570472717285156
fedavg,none,3,3,kerm_08,False,18.67485809326172
fedavg,none,3,3,kerm_02,False,17.32883644104004
fedavg,none,3,3,rsna_08,False,18.476518630981445
fedavg,none,3,3,rsna_03,False,19.215425491333008
fedavg,none,3,3,kerm_01,False,17.3123836517334
fedavg,none,3,3,rsna_09,False,19.67236328125
fedavg,none,3,3,kerm_05,False,19.878774642944336
fedavg,none,3,3,rsna_11,False,20.453786849975586
fedavg,none,3,3,rsna_01,False,19.594314575195312
fedavg,none,3,3,kerm_04,False,18.73216438293457
fedavg,none,3,3,rsna_07,False,18.987695693969727
fedavg,none,3,3,rsna_04,False,19.41303253173828
fedavg,none,3,3,kerm_03,False,18.09416389465332
fedavg,none,3,4,rsna_01,False,21.870651245117188
fedavg,none,3,4,kerm_05,False,20.98192596435547
fedavg,none,3,4,rsna_06,False,19.950511932373047
fedavg,none,3,4,kerm_08,False,19.612995147705078
fedavg,none,3,4,rsna_07,False,20.390527725219727
fedavg,none,3,4,rsna_05,False,19.892763137817383
fedavg,none,3,4,kerm_07,False,23.27699851989746
fedavg,none,3,4,rsna_04,False,20.75853729248047
fedavg,none,3,4,rsna_02,False,20.176780700683594
fedavg,none,3,4,rsna_10,False,19.774757385253906
fedavg,none,3,4,rsna_09,False,19.446321487426758
fedavg,none,3,4,kerm_02,False,18.561264038085938
fedavg,none,3,4,rsna_11,False,20.186800003051758
fedavg,none,3,4,kerm_04,False,22.49932861328125
fedavg,none,3,4,rsna_03,False,21.407747268676758
fedavg,none,3,5,kerm_01,False,17.83623695373535
fedavg,none,3,5,kerm_06,False,27.34784507751465
fedavg,none,3,5,rsna_04,False,18.73699951171875
fedavg,none,3,5,kerm_08,False,25.444799423217773
fedavg,none,3,5,rsna_11,False,19.982566833496094
fedavg,none,3,5,rsna_03,False,19.293901443481445
fedavg,none,3,5,rsna_02,False,20.212491989135742
fedavg,none,3,5,rsna_10,False,19.860942840576172
fedavg,none,3,5,rsna_07,False,18.463600158691406
fedavg,none,3,5,kerm_03,False,18.381101608276367
fedavg,none,3,5,kerm_05,False,25.427734375
fedavg,none,3,5,rsna_05,False,18.38534164428711
fedavg,none,3,5,rsna_09,False,18.4835205078125
fedavg,none,3,5,rsna_12,False,24.16522216796875
fedavg,none,3,5,kerm_02,False,17.302112579345703
fedavg,none,3,6,rsna_11,False,18.771892547607422
fedavg,none,3,6,rsna_12,False,19.48834228515625
fedavg,none,3,6,rsna_10,False,18.984790802001953
fedavg,none,3,6,kerm_02,False,17.354087829589844
fedavg,none,3,6,rsna_07,False,18.81968879699707
fedavg,none,3,6,kerm_06,False,20.070993423461914
fedavg,none,3,6,rsna_09,False,19.11634063720703
fedavg,none,3,6,rsna_04,False,22.083683013916016
fedavg,none,3,6,kerm_07,False,19.426593780517578
fedavg,none,3,6,kerm_04,False,20.59836196899414
fedavg,none,3,6,kerm_01,False,18.980377197265625
fedavg,none,3,6,rsna_01,False,22.416580200195312
fedavg,none,3,6,kerm_05,False,23.969444274902344
fedavg,none,3,6,kerm_03,False,17.830636978149414
fedavg,none,3,6,rsna_05,False,19.88299560546875
fedavg,none,3,7,rsna_01,False,24.813962936401367
fedavg,none,3,7,kerm_08,False,20.307880401611328
fedavg,none,3,7,rsna_06,False,21.497188568115234
fedavg,none,3,7,kerm_01,False,21.460046768188477
fedavg,none,3,7,rsna_05,False,20.286130905151367
fedavg,none,3,7,kerm_06,False,22.103910446166992
fedavg,none,3,7,rsna_03,False,23.649580001831055
fedavg,none,3,7,rsna_11,False,18.972240447998047
fedavg,none,3,7,kerm_04,False,16.61911392211914
fedavg,none,3,7,rsna_09,False,18.85578155517578
fedavg,none,3,7,kerm_02,False,18.30400276184082
fedavg,none,3,7,kerm_07,False,22.13614845275879
fedavg,none,3,7,rsna_04,False,22.54052734375
fedavg,none,3,7,kerm_05,False,22.89068031311035
fedavg,none,3,7,kerm_03,False,18.0582275390625
fedavg,none,3,8,kerm_03,False,16.61138343811035
fedavg,none,3,8,rsna_02,False,22.827594757080078
fedavg,none,3,8,rsna_06,False,19.244176864624023
fedavg,none,3,8,kerm_06,False,18.799705505371094
fedavg,none,3,8,kerm_01,False,18.226545333862305
fedavg,none,3,8,rsna_01,False,23.86284065246582
fedavg,none,3,8,rsna_11,False,18.42047691345215
fedavg,none,3,8,kerm_07,False,30.0728702545166
fedavg,none,3,8,rsna_09,False,18.686201095581055
fedavg,none,3,8,rsna_10,False,19.82636833190918
fedavg,none,3,8,kerm_04,False,21.354209899902344
fedavg,none,3,8,rsna_08,False,19.64490509033203
fedavg,none,3,8,kerm_05,False,24.093948364257812
fedavg,none,3,8,kerm_08,False,21.00387954711914
fedavg,none,3,8,rsna_12,False,19.36904525756836
fedavg,none,3,9,rsna_07,False,20.347248077392578
fedavg,none,3,9,kerm_02,False,20.16748046875
fedavg,none,3,9,rsna_01,False,31.282203674316406
fedavg,none,3,9,rsna_09,False,19.66682243347168
fedavg,none,3,9,kerm_04,False,17.878448486328125
fedavg,none,3,9,rsna_05,False,23.469118118286133
fedavg,none,3,9,kerm_03,False,17.56085777282715
fedavg,none,3,9,rsna_04,False,23.532808303833008
fedavg,none,3,9,rsna_02,False,29.2237548828125
fedavg,none,3,9,kerm_07,False,18.774269104003906
fedavg,none,3,9,kerm_01,False,21.465486526489258
fedavg,none,3,9,rsna_06,False,22.416982650756836
fedavg,none,3,9,rsna_08,False,20.051013946533203
fedavg,none,3,9,rsna_11,False,17.857446670532227
fedavg,none,3,9,rsna_10,False,19.318984985351562
fedavg,none,3,10,rsna_01,False,25.107343673706055
fedavg,none,3,10,kerm_07,False,22.57485008239746
fedavg,none,3,10,rsna_11,False,19.900163650512695
fedavg,none,3,10,rsna_06,False,17.983217239379883
fedavg,none,3,10,kerm_02,False,18.645362854003906
fedavg,none,3,10,rsna_08,False,21.372631072998047
fedavg,none,3,10,rsna_12,False,22.98811912536621
fedavg,none,3,10,kerm_08,False,22.022180557250977
fedavg,none,3,10,rsna_05,False,19.742164611816406
fedavg,none,3,10,rsna_10,False,19.544757843017578
fedavg,none,3,10,rsna_09,False,18.853900909423828
fedavg,none,3,10,rsna_04,False,21.788875579833984
fedavg,none,3,10,kerm_06,False,29.4218807220459
fedavg,none,3,10,kerm_05,False,30.450965881347656
fedavg,none,3,10,kerm_04,False,18.98189926147461
fedavg,none,3,11,rsna_01,False,28.09284210205078
fedavg,none,3,11,rsna_02,False,29.918073654174805
fedavg,none,3,11,rsna_11,False,18.737855911254883
fedavg,none,3,11,kerm_07,False,23.47657585144043
fedavg,none,3,11,rsna_04,False,24.552309036254883
fedavg,none,3,11,rsna_10,False,21.668664932250977
fedavg,none,3,11,kerm_05,False,21.46142578125
fedavg,none,3,11,rsna_06,False,21.906007766723633
fedavg,none,3,11,rsna_03,False,27.139617919921875
fedavg,none,3,11,kerm_03,False,16.845943450927734
fedavg,none,3,11,rsna_05,False,24.326623916625977
fedavg,none,3,11,rsna_07,False,20.127307891845703
fedavg,none,3,11,kerm_04,False,18.171283721923828
fedavg,none,3,11,rsna_09,False,20.649736404418945
fedavg,none,3,11,kerm_02,False,19.758865356445312
fedavg,none,3,12,rsna_07,False,21.84190559387207
fedavg,none,3,12,kerm_01,False,20.10860252380371
fedavg,none,3,12,kerm_03,False,20.010541915893555
fedavg,none,3,12,rsna_04,False,21.26726531982422
fedavg,none,3,12,rsna_12,False,20.405176162719727
fedavg,none,3,12,rsna_09,False,19.044710159301758
fedavg,none,3,12,rsna_11,False,21.152877807617188
fedavg,none,3,12,rsna_10,False,20.79886817932129
fedavg,none,3,12,rsna_03,False,20.55840492248535
fedavg,none,3,12,rsna_06,False,19.777753829956055
fedavg,none,3,12,rsna_08,False,17.93865394592285
fedavg,none,3,12,rsna_02,False,24.262897491455078
fedavg,none,3,12,kerm_02,False,17.529029846191406
fedavg,none,3,12,kerm_06,False,29.676042556762695
fedavg,none,3,12,kerm_08,False,22.939987182617188
fedavg,none,3,13,rsna_06,False,19.09271240234375
fedavg,none,3,13,rsna_01,False,22.31464385986328
fedavg,none,3,13,kerm_01,False,20.374061584472656
fedavg,none,3,13,rsna_02,False,22.513906478881836
fedavg,none,3,13,kerm_06,False,23.659719467163086
fedavg,none,3,13,rsna_12,False,20.85843849182129
fedavg,none,3,13,rsna_04,False,21.631460189819336
fedavg,none,3,13,rsna_09,False,19.64061737060547
fedavg,none,3,13,rsna_10,False,18.391952514648438
fedavg,none,3,13,rsna_11,False,18.28045082092285
fedavg,none,3,13,rsna_07,False,19.864490509033203
fedavg,none,3,13,kerm_05,False,26.46347427368164
fedavg,none,3,13,rsna_03,False,24.795522689819336
fedavg,none,3,13,kerm_03,False,21.219118118286133
fedavg,none,3,13,kerm_08,False,21.09981918334961
fedavg,none,3,14,rsna_09,False,19.39145851135254
fedavg,none,3,14,rsna_08,False,19.45807647705078
fedavg,none,3,14,kerm_05,False,36.89671325683594
fedavg,none,3,14,rsna_06,False,21.477602005004883
fedavg,none,3,14,kerm_04,False,29.754432678222656
fedavg,none,3,14,rsna_04,False,21.661596298217773
fedavg,none,3,14,kerm_06,False,28.018693923950195
fedavg,none,3,14,rsna_02,False,29.76285171508789
fedavg,none,3,14,kerm_07,False,21.161394119262695
fedavg,none,3,14,rsna_10,False,21.187013626098633
fedavg,none,3,14,rsna_03,False,28.104387283325195
fedavg,none,3,14,kerm_02,False,18.40212631225586
fedavg,none,3,14,kerm_08,False,21.20143699645996
fedavg,none,3,14,rsna_07,False,21.94187355041504
fedavg,none,3,14,rsna_05,False,19.850418090820312
fedavg,none,3,15,rsna_10,False,19.406999588012695
fedavg,none,3,15,rsna_05,False,30.05048179626465
fedavg,none,3,15,kerm_08,False,21.68068504333496
fedavg,none,3,15,rsna_03,False,26.59967803955078
fedavg,none,3,15,kerm_05,False,24.31717872619629
fedavg,none,3,15,rsna_11,False,18.495159149169922
fedavg,none,3,15,kerm_02,False,21.32110595703125
fedavg,none,3,15,rsna_01,False,28.760761260986328
fedavg,none,3,15,rsna_06,False,22.74312973022461
fedavg,none,3,15,rsna_12,False,19.894145965576172
fedavg,none,3,15,kerm_06,False,25.67013168334961
fedavg,none,3,15,kerm_03,False,19.77790641784668
fedavg,none,3,15,kerm_07,False,21.009313583374023
fedavg,none,3,15,rsna_02,False,24.043975830078125
fedavg,none,3,15,kerm_04,False,20.729244232177734
fedavg,none,3,16,rsna_09,False,24.33123016357422
fedavg,none,3,16,rsna_10,False,20.981407165527344
fedavg,none,3,16,kerm_02,False,19.194223403930664
fedavg,none,3,16,kerm_07,False,23.87640380859375
fedavg,none,3,16,kerm_08,False,22.868499755859375
fedavg,none,3,16,rsna_04,False,24.755090713500977
fedavg,none,3,16,rsna_05,False,21.56978416442871
fedavg,none,3,16,rsna_08,False,21.152849197387695
fedavg,none,3,16,rsna_03,False,22.761014938354492
fedavg,none,3,16,kerm_04,False,18.192768096923828
fedavg,none,3,16,rsna_01,False,26.471477508544922
fedavg,none,3,16,rsna_07,False,27.036561965942383
fedavg,none,3,16,rsna_12,False,19.814620971679688
fedavg,none,3,16,kerm_03,False,18.422077178955078
fedavg,none,3,16,rsna_06,False,25.59765625
fedavg,none,3,17,rsna_08,False,18.953563690185547
fedavg,none,3,17,kerm_03,False,18.907052993774414
fedavg,none,3,17,rsna_04,False,29.458637237548828
fedavg,none,3,17,kerm_02,False,22.733495712280273
fedavg,none,3,17,rsna_03,False,23.539905548095703
fedavg,none,3,17,rsna_06,False,23.44782257080078
fedavg,none,3,17,rsna_01,False,25.296236038208008
fedavg,none,3,17,kerm_04,False,24.4702205657959
fedavg,none,3,17,kerm_05,False,24.952598571777344
fedavg,none,3,17,kerm_01,False,29.725854873657227
fedavg,none,3,17,rsna_11,False,21.65373992919922
fedavg,none,3,17,rsna_10,False,19.01885414123535
fedavg,none,3,17,rsna_09,False,19.227752685546875
fedavg,none,3,17,kerm_08,False,28.73126983642578
fedavg,none,3,17,rsna_07,False,33.769989013671875
fedavg,none,3,18,kerm_06,False,23.11277961730957
fedavg,none,3,18,rsna_02,False,24.64600372314453
fedavg,none,3,18,rsna_03,False,27.76121711730957
fedavg,none,3,18,rsna_06,False,24.169225692749023
fedavg,none,3,18,rsna_11,False,19.710012435913086
fedavg,none,3,18,kerm_04,False,36.18514633178711
fedavg,none,3,18,rsna_12,False,21.350385665893555
fedavg,none,3,18,rsna_07,False,22.648576736450195
fedavg,none,3,18,rsna_10,False,20.318309783935547
fedavg,none,3,18,kerm_03,False,21.179569244384766
fedavg,none,3,18,rsna_04,False,29.067935943603516
fedavg,none,3,18,kerm_07,False,24.07610321044922
fedavg,none,3,18,rsna_01,False,25.30619239807129
fedavg,none,3,18,kerm_08,False,26.000112533569336
fedavg,none,3,18,rsna_05,False,22.21872329711914
fedavg,none,3,19,rsna_03,False,25.665807723999023
fedavg,none,3,19,kerm_05,False,24.42790412902832
fedavg,none,3,19,kerm_03,False,18.3762149810791
fedavg,none,3,19,kerm_02,False,18.92267417907715
fedavg,none,3,19,rsna_01,False,23.798830032348633
fedavg,none,3,19,kerm_06,False,22.276155471801758
fedavg,none,3,19,rsna_10,False,19.740203857421875
fedavg,none,3,19,kerm_01,False,24.31611442565918
fedavg,none,3,19,rsna_07,False,25.117456436157227
fedavg,none,3,19,rsna_09,False,19.048723220825195
fedavg,none,3,19,rsna_06,False,21.24889373779297
fedavg,none,3,19,rsna_12,False,21.281105041503906
fedavg,none,3,19,kerm_08,False,25.997879028320312
fedavg,none,3,19,rsna_05,False,28.881101608276367
fedavg,none,3,19,kerm_04,False,30.370450973510742
fedavg,none,3,20,rsna_06,False,24.801681518554688
fedavg,none,3,20,rsna_04,False,22.948999404907227
fedavg,none,3,20,kerm_02,False,27.81863021850586
fedavg,none,3,20,kerm_07,False,23.40254783630371
fedavg,none,3,20,kerm_03,False,21.174381256103516
fedavg,none,3,20,kerm_05,False,30.350488662719727
fedavg,none,3,20,rsna_08,False,26.114774703979492
fedavg,none,3,20,rsna_02,False,24.743648529052734
fedavg,none,3,20,kerm_04,False,21.358675003051758
fedavg,none,3,20,rsna_05,False,26.284738540649414
fedavg,none,3,20,kerm_06,False,22.228818893432617
fedavg,none,3,20,rsna_11,False,23.67826271057129
fedavg,none,3,20,rsna_12,False,21.314556121826172
fedavg,none,3,20,kerm_01,False,21.793500900268555
fedavg,none,3,20,rsna_10,False,19.245752334594727
fedavg,none,3,21,kerm_02,False,18.576324462890625
fedavg,none,3,21,rsna_04,False,28.48448944091797
fedavg,none,3,21,rsna_01,False,25.03377914428711
fedavg,none,3,21,rsna_06,False,24.11996078491211
fedavg,none,3,21,kerm_01,False,20.664146423339844
fedavg,none,3,21,kerm_03,False,20.90370750427246
fedavg,none,3,21,rsna_07,False,21.770177841186523
fedavg,none,3,21,rsna_05,False,26.72066307067871
fedavg,none,3,21,kerm_08,False,24.894943237304688
fedavg,none,3,21,kerm_07,False,23.921958923339844
fedavg,none,3,21,rsna_10,False,18.200822830200195
fedavg,none,3,21,kerm_06,False,22.69875144958496
fedavg,none,3,21,kerm_05,False,19.434995651245117
fedavg,none,3,21,rsna_03,False,24.49176597595215
fedavg,none,3,21,rsna_09,False,20.58573341369629
fedavg,none,3,22,rsna_10,False,20.05524444580078
fedavg,none,3,22,rsna_11,False,19.91451072692871
fedavg,none,3,22,rsna_02,False,24.944849014282227
fedavg,none,3,22,kerm_03,False,19.825162887573242
fedavg,none,3,22,rsna_01,False,32.21189498901367
fedavg,none,3,22,kerm_01,False,25.21686363220215
fedavg,none,3,22,rsna_06,False,21.129362106323242
fedavg,none,3,22,rsna_05,False,20.485788345336914
fedavg,none,3,22,kerm_02,False,18.257102966308594
fedavg,none,3,22,kerm_07,False,24.649341583251953
fedavg,none,3,22,kerm_05,False,20.46074867248535
fedavg,none,3,22,rsna_09,False,25.802776336669922
fedavg,none,3,22,kerm_06,False,26.40203285217285
fedavg,none,3,22,rsna_03,False,22.7356014251709
fedavg,none,3,22,rsna_07,False,25.065767288208008
fedavg,none,3,23,rsna_01,False,26.02790069580078
fedavg,none,3,23,rsna_12,False,23.48842430114746
fedavg,none,3,23,rsna_08,False,20.90357780456543
fedavg,none,3,23,kerm_03,False,23.283077239990234
fedavg,none,3,23,kerm_06,False,25.002500534057617
fedavg,none,3,23,rsna_07,False,29.325546264648438
fedavg,none,3,23,kerm_01,False,31.52447509765625
fedavg,none,3,23,kerm_05,False,24.770029067993164
fedavg,none,3,23,kerm_07,False,26.658924102783203
fedavg,none,3,23,rsna_02,False,24.585874557495117
fedavg,none,3,23,rsna_09,False,19.483135223388672
fedavg,none,3,23,kerm_02,False,24.08445167541504
fedavg,none,3,23,rsna_05,False,27.936880111694336
fedavg,none,3,23,rsna_06,False,21.705881118774414
fedavg,none,3,23,rsna_04,False,31.944150924682617
fedavg,none,3,24,rsna_08,False,29.21379280090332
fedavg,none,3,24,rsna_04,False,27.244474411010742
fedavg,none,3,24,kerm_05,False,23.124393463134766
fedavg,none,3,24,rsna_11,False,23.754682540893555
fedavg,none,3,24,rsna_05,False,27.55413055419922
fedavg,none,3,24,kerm_02,False,18.313297271728516
fedavg,none,3,24,rsna_01,False,26.742706298828125
fedavg,none,3,24,kerm_04,False,18.557571411132812
fedavg,none,3,24,kerm_01,False,20.098339080810547
fedavg,none,3,24,kerm_08,False,26.634750366210938
fedavg,none,3,24,kerm_03,False,19.107589721679688
fedavg,none,3,24,kerm_07,False,29.261585235595703
fedavg,none,3,24,rsna_03,False,24.129148483276367
fedavg,none,3,24,rsna_07,False,18.903207778930664
fedavg,none,3,24,rsna_06,False,18.61857032775879
fedavg,none,3,25,rsna_06,False,19.226024627685547
fedavg,none,3,25,kerm_03,False,24.874826431274414
fedavg,none,3,25,kerm_04,False,21.221044540405273
fedavg,none,3,25,kerm_06,False,26.971609115600586
fedavg,none,3,25,kerm_08,False,29.68362808227539
fedavg,none,3,25,rsna_07,False,30.39631462097168
fedavg,none,3,25,rsna_11,False,29.941234588623047
fedavg,none,3,25,rsna_02,False,22.529890060424805
fedavg,none,3,25,rsna_08,False,22.348552703857422
fedavg,none,3,25,rsna_10,False,24.22566032409668
fedavg,none,3,25,rsna_09,False,19.757280349731445
fedavg,none,3,25,rsna_04,False,21.863208770751953
fedavg,none,3,25,rsna_01,False,29.69083023071289
fedavg,none,3,25,kerm_02,False,18.276355743408203
fedavg,none,3,25,rsna_05,False,20.89082145690918
fedavg,none,3,26,kerm_08,False,28.10440444946289
fedavg,none,3,26,rsna_08,False,22.296924591064453
fedavg,none,3,26,rsna_02,False,25.517942428588867
fedavg,none,3,26,rsna_11,False,19.8679256439209
fedavg,none,3,26,rsna_09,False,26.633848190307617
fedavg,none,3,26,kerm_06,False,28.71232032775879
fedavg,none,3,26,kerm_05,False,31.57895851135254
fedavg,none,3,26,kerm_03,False,20.865644454956055
fedavg,none,3,26,rsna_03,False,27.308231353759766
fedavg,none,3,26,rsna_06,False,22.280078887939453
fedavg,none,3,26,rsna_05,False,28.33953094482422
fedavg,none,3,26,rsna_12,False,21.86826515197754
fedavg,none,3,26,rsna_01,False,27.701953887939453
fedavg,none,3,26,rsna_07,False,25.27747917175293
fedavg,none,3,26,kerm_04,False,21.387046813964844
fedavg,none,3,27,rsna_01,False,33.82632064819336
fedavg,none,3,27,rsna_04,False,26.321170806884766
fedavg,none,3,27,kerm_05,False,24.502656936645508
fedavg,none,3,27,rsna_09,False,40.14345169067383
fedavg,none,3,27,rsna_10,False,22.123153686523438
fedavg,none,3,27,rsna_12,False,23.932941436767578
fedavg,none,3,27,rsna_02,False,27.59487533569336
fedavg,none,3,27,kerm_01,False,29.12200927734375
fedavg,none,3,27,rsna_05,False,25.75481414794922
fedavg,none,3,27,rsna_08,False,17.837291717529297
fedavg,none,3,27,rsna_11,False,25.796327590942383
fedavg,none,3,27,kerm_03,False,27.287307739257812
fedavg,none,3,27,kerm_07,False,31.54657554626465
fedavg,none,3,27,rsna_07,False,24.701326370239258
fedavg,none,3,27,rsna_03,False,24.9081974029541
fedavg,none,3,28,rsna_08,False,18.574787139892578
fedavg,none,3,28,rsna_10,False,23.05253791809082
fedavg,none,3,28,rsna_01,False,27.911663055419922
fedavg,none,3,28,kerm_02,False,25.153850555419922
fedavg,none,3,28,kerm_06,False,34.79739761352539
fedavg,none,3,28,rsna_04,False,26.203126907348633
fedavg,none,3,28,kerm_07,False,33.551597595214844
fedavg,none,3,28,rsna_07,False,23.13979721069336
fedavg,none,3,28,kerm_08,False,32.22045135498047
fedavg,none,3,28,kerm_05,False,25.405118942260742
fedavg,none,3,28,rsna_12,False,22.80738639831543
fedavg,none,3,28,rsna_11,False,23.60042381286621
fedavg,none,3,28,rsna_05,False,19.543209075927734
fedavg,none,3,28,kerm_01,False,28.350801467895508
fedavg,none,3,28,rsna_03,False,24.170772552490234
fedavg,none,3,29,kerm_02,False,19.336339950561523
fedavg,none,3,29,kerm_03,False,22.09499740600586
fedavg,none,3,29,kerm_05,False,51.226497650146484
fedavg,none,3,29,rsna_05,False,20.040884017944336
fedavg,none,3,29,kerm_01,False,24.191238403320312
fedavg,none,3,29,rsna_12,False,23.596004486083984
fedavg,none,3,29,rsna_08,False,29.267946243286133
fedavg,none,3,29,rsna_03,False,26.353864669799805
fedavg,none,3,29,rsna_11,False,21.58037567138672
fedavg,none,3,29,kerm_04,False,19.52118682861328
fedavg,none,3,29,rsna_09,False,28.16853904724121
fedavg,none,3,29,rsna_07,False,25.879980087280273
fedavg,none,3,29,rsna_04,False,39.467411041259766
fedavg,none,3,29,kerm_07,False,34.469078063964844
fedavg,none,3,29,kerm_06,False,24.544591903686523
fedavg,none,3,30,rsna_09,False,31.289894104003906
fedavg,none,3,30,rsna_06,False,27.64813804626465
fedavg,none,3,30,rsna_07,False,20.195755004882812
fedavg,none,3,30,rsna_12,False,23.23418426513672
fedavg,none,3,30,kerm_08,False,29.74043846130371
fedavg,none,3,30,kerm_03,False,20.830965042114258
fedavg,none,3,30,rsna_05,False,26.44761085510254
fedavg,none,3,30,kerm_02,False,28.667442321777344
fedavg,none,3,30,rsna_01,False,35.646888732910156
fedavg,none,3,30,kerm_06,False,26.135229110717773
fedavg,none,3,30,rsna_10,False,23.03860092163086
fedavg,none,3,30,rsna_02,False,27.107192993164062
fedavg,none,3,30,kerm_01,False,22.030439376831055
fedavg,none,3,30,rsna_04,False,33.36921310424805
fedavg,none,3,30,rsna_08,False,28.81907081604004
fedavg,none,4,1,rsna_04,False,22.957237243652344
fedavg,none,4,1,kerm_07,False,22.17970848083496
fedavg,none,4,1,rsna_02,False,23.48787498474121
fedavg,none,4,1,kerm_02,False,22.726097106933594
fedavg,none,4,1,rsna_10,False,22.286991119384766
fedavg,none,4,1,rsna_08,False,22.5449161529541
fedavg,none,4,1,rsna_11,False,22.41556167602539
fedavg,none,4,1,kerm_05,False,22.19849967956543
fedavg,none,4,1,rsna_06,False,22.755386352539062
fedavg,none,4,1,rsna_01,False,23.095054626464844
fedavg,none,4,1,rsna_03,False,23.69988250732422
fedavg,none,4,1,rsna_12,False,22.275623321533203
fedavg,none,4,1,rsna_09,False,22.859216690063477
fedavg,none,4,1,rsna_07,False,23.157800674438477
fedavg,none,4,1,kerm_08,False,22.37786865234375
fedavg,none,4,2,rsna_06,False,18.9190616607666
fedavg,none,4,2,kerm_06,False,17.829389572143555
fedavg,none,4,2,kerm_03,False,17.073007583618164
fedavg,none,4,2,rsna_04,False,18.795429229736328
fedavg,none,4,2,rsna_09,False,17.881385803222656
fedavg,none,4,2,kerm_08,False,17.09212875366211
fedavg,none,4,2,rsna_08,False,17.87095069885254
fedavg,none,4,2,rsna_12,False,17.667966842651367
fedavg,none,4,2,rsna_11,False,18.167098999023438
fedavg,none,4,2,rsna_02,False,19.34934425354004
fedavg,none,4,2,rsna_03,False,18.91985511779785
fedavg,none,4,2,rsna_05,False,19.637409210205078
fedavg,none,4,2,kerm_07,False,17.996849060058594
fedavg,none,4,2,rsna_07,False,18.11725425720215
fedavg,none,4,2,rsna_01,False,19.607891082763672
fedavg,none,4,3,kerm_01,False,17.683040618896484
fedavg,none,4,3,rsna_08,False,18.619203567504883
fedavg,none,4,3,kerm_02,False,18.628671646118164
fedavg,none,4,3,kerm_08,False,20.254037857055664
fedavg,none,4,3,rsna_01,False,21.93145751953125
fedavg,none,4,3,rsna_10,False,20.295495986938477
fedavg,none,4,3,kerm_06,False,20.50885772705078
fedavg,none,4,3,rsna_11,False,18.723655700683594
fedavg,none,4,3,rsna_09,False,18.968786239624023
fedavg,none,4,3,kerm_05,False,18.498659133911133
fedavg,none,4,3,rsna_03,False,21.18761444091797
fedavg,none,4,3,kerm_07,False,19.445411682128906
fedavg,none,4,3,rsna_06,False,18.4936466217041
fedavg,none,4,3,rsna_04,False,19.26392364501953
fedavg,none,4,3,rsna_05,False,18.579805374145508
fedavg,none,4,4,kerm_01,False,17.411149978637695
fedavg,none,4,4,rsna_12,False,19.274343490600586
fedavg,none,4,4,rsna_06,False,20.33511734008789
fedavg,none,4,4,rsna_07,False,19.39649772644043
fedavg,none,4,4,kerm_02,False,17.710969924926758
fedavg,none,4,4,kerm_04,False,17.716487884521484
fedavg,none,4,4,rsna_05,False,19.622434616088867
fedavg,none,4,4,rsna_04,False,18.809301376342773
fedavg,none,4,4,rsna_11,False,18.37270164489746
fedavg,none,4,4,rsna_03,False,21.368974685668945
fedavg,none,4,4,kerm_07,False,18.96944808959961
fedavg,none,4,4,rsna_08,False,18.740867614746094
fedavg,none,4,4,rsna_01,False,24.128721237182617
fedavg,none,4,4,kerm_03,False,17.687162399291992
fedavg,none,4,4,kerm_08,False,20.092178344726562
fedavg,none,4,5,rsna_11,False,18.73602867126465
fedavg,none,4,5,rsna_09,False,18.966901779174805
fedavg,none,4,5,kerm_01,False,17.520912170410156
fedavg,none,4,5,kerm_04,False,18.597232818603516
fedavg,none,4,5,kerm_06,False,19.688941955566406
fedavg,none,4,5,rsna_06,False,19.4246883392334
fedavg,none,4,5,kerm_02,False,18.775724411010742
fedavg,none,4,5,rsna_12,False,18.90454864501953
fedavg,none,4,5,rsna_05,False,19.22333526611328
fedavg,none,4,5,rsna_07,False,18.49982261657715
fedavg,none,4,5,rsna_02,False,23.33472442626953
fedavg,none,4,5,kerm_08,False,20.661808013916016
fedavg,none,4,5,kerm_07,False,19.96609878540039
fedavg,none,4,5,kerm_03,False,16.891389846801758
fedavg,none,4,5,rsna_10,False,18.68630027770996
fedavg,none,4,6,rsna_02,False,22.96721076965332
fedavg,none,4,6,rsna_11,False,18.54400634765625
fedavg,none,4,6,rsna_04,False,23.05143165588379
fedavg,none,4,6,rsna_12,False,18.118898391723633
fedavg,none,4,6,kerm_07,False,19.479238510131836
fedavg,none,4,6,kerm_08,False,20.37769317626953
fedavg,none,4,6,rsna_03,False,24.57080841064453
fedavg,none,4,6,rsna_07,False,19.266799926757812
fedavg,none,4,6,kerm_03,False,18.441076278686523
fedavg,none,4,6,kerm_04,False,17.591922760009766
fedavg,none,4,6,kerm_06,False,18.338327407836914
fedavg,none,4,6,rsna_05,False,22.4720458984375
fedavg,none,4,6,kerm_05,False,16.649150848388672
fedavg,none,4,6,kerm_02,False,19.015575408935547
fedavg,none,4,6,kerm_01,False,19.254209518432617
fedavg,none,4,7,rsna_02,False,23.722978591918945
fedavg,none,4,7,kerm_05,False,20.698427200317383
fedavg,none,4,7,rsna_05,False,20.783966064453125
fedavg,none,4,7,rsna_06,False,20.54580307006836
fedavg,none,4,7,kerm_01,False,19.333538055419922
fedavg,none,4,7,rsna_01,False,28.49094581604004
fedavg,none,4,7,rsna_09,False,20.1723575592041
fedavg,none,4,7,kerm_04,False,18.62594223022461
fedavg,none,4,7,kerm_06,False,19.32097053527832
fedavg,none,4,7,rsna_11,False,18.756084442138672
fedavg,none,4,7,kerm_03,False,19.038253784179688
fedavg,none,4,7,rsna_10,False,19.860931396484375
fedavg,none,4,7,rsna_04,False,22.355138778686523
fedavg,none,4,7,rsna_12,False,19.9424991607666
fedavg,none,4,7,rsna_08,False,19.523122787475586
fedavg,none,4,8,kerm_01,False,19.559659957885742
fedavg,none,4,8,kerm_04,False,19.2152042388916
fedavg,none,4,8,kerm_07,False,21.70802116394043
fedavg,none,4,8,rsna_04,False,19.577884674072266
fedavg,none,4,8,rsna_08,False,19.831153869628906
fedavg,none,4,8,kerm_08,False,22.127687454223633
fedavg,none,4,8,rsna_09,False,21.276851654052734
fedavg,none,4,8,rsna_05,False,19.294599533081055
fedavg,none,4,8,rsna_07,False,20.113704681396484
fedavg,none,4,8,rsna_12,False,23.415979385375977
fedavg,none,4,8,kerm_06,False,22.826261520385742
fedavg,none,4,8,rsna_11,False,19.978591918945312
fedavg,none,4,8,rsna_02,False,22.550722122192383
fedavg,none,4,8,kerm_02,False,19.649934768676758
fedavg,none,4,8,rsna_06,False,20.794172286987305
fedavg,none,4,9,kerm_07,False,20.580623626708984
fedavg,none,4,9,rsna_05,False,22.197725296020508
fedavg,none,4,9,kerm_05,False,18.161109924316406
fedavg,none,4,9,kerm_01,False,24.785978317260742
fedavg,none,4,9,rsna_09,False,18.786359786987305
fedavg,none,4,9,kerm_03,False,21.947128295898438
fedavg,none,4,9,rsna_02,False,22.771697998046875
fedavg,none,4,9,kerm_02,False,22.14702606201172
fedavg,none,4,9,kerm_08,False,20.063135147094727
fedavg,none,4,9,rsna_06,False,19.95359992980957
fedavg,none,4,9,rsna_04,False,23.61538314819336
fedavg,none,4,9,rsna_10,False,21.566421508789062
fedavg,none,4,9,rsna_07,False,24.31223487854004
fedavg,none,4,9,kerm_06,False,19.697263717651367
fedavg,none,4,9,rsna_03,False,23.95419692993164
fedavg,none,4,10,kerm_06,False,21.63433837890625
fedavg,none,4,10,rsna_02,False,22.66257095336914
fedavg,none,4,10,rsna_01,False,23.1544246673584
fedavg,none,4,10,rsna_07,False,22.106983184814453
fedavg,none,4,10,kerm_05,False,19.183622360229492
fedavg,none,4,10,kerm_04,False,19.780832290649414
fedavg,none,4,10,rsna_08,False,21.837120056152344
fedavg,none,4,10,kerm_01,False,19.977018356323242
fedavg,none,4,10,kerm_02,False,19.430131912231445
fedavg,none,4,10,kerm_08,False,22.583349227905273
fedavg,none,4,10,rsna_05,False,19.26082420349121
fedavg,none,4,10,rsna_04,False,20.79627227783203
fedavg,none,4,10,rsna_06,False,20.87441062927246
fedavg,none,4,10,kerm_03,False,18.846994400024414
fedavg,none,4,10,rsna_03,False,25.935373306274414
fedavg,none,4,11,kerm_06,False,20.253002166748047
fedavg,none,4,11,kerm_07,False,22.79781150817871
fedavg,none,4,11,rsna_12,False,21.214879989624023
fedavg,none,4,11,kerm_05,False,21.404029846191406
fedavg,none,4,11,rsna_10,False,23.66148567199707
fedavg,none,4,11,rsna_08,False,24.21270179748535
fedavg,none,4,11,rsna_04,False,25.313674926757812
fedavg,none,4,11,kerm_08,False,23.17415428161621
fedavg,none,4,11,rsna_07,False,20.480154037475586
fedavg,none,4,11,kerm_01,False,21.049816131591797
fedavg,none,4,11,rsna_06,False,21.072174072265625
fedavg,none,4,11,rsna_02,False,22.608959197998047
fedavg,none,4,11,kerm_04,False,20.76112937927246
fedavg,none,4,11,rsna_01,False,25.650123596191406
fedavg,none,4,11,rsna_09,False,20.301504135131836
fedavg,none,4,12,rsna_05,False,24.361167907714844
fedavg,none,4,12,rsna_09,False,18.157440185546875
fedavg,none,4,12,rsna_10,False,21.98457908630371
fedavg,none,4,12,rsna_08,False,26.368595123291016
fedavg,none,4,12,kerm_08,False,22.120712280273438
fedavg,none,4,12,rsna_02,False,23.526643753051758
fedavg,none,4,12,kerm_07,False,20.980382919311523
fedavg,none,4,12,rsna_01,False,25.974258422851562
fedavg,none,4,12,rsna_11,False,21.882200241088867
fedavg,none,4,12,kerm_06,False,21.019760131835938
fedavg,none,4,12,kerm_03,False,18.736095428466797
fedavg,none,4,12,rsna_12,False,19.406057357788086
fedavg,none,4,12,kerm_04,False,19.857446670532227
fedavg,none,4,12,rsna_03,False,24.189224243164062
fedavg,none,4,12,rsna_07,False,20.0013427734375
fedavg,none,4,13,rsna_01,False,26.101255416870117
fedavg,none,4,13,rsna_04,False,23.739055633544922
fedavg,none,4,13,rsna_03,False,24.269968032836914
fedavg,none,4,13,kerm_03,False,27.626264572143555
fedavg,none,4,13,rsna_08,False,20.548789978027344
fedavg,none,4,13,rsna_09,False,19.455678939819336
fedavg,none,4,13,kerm_07,False,20.578514099121094
fedavg,none,4,13,rsna_10,False,19.86024284362793
fedavg,none,4,13,rsna_05,False,20.69647979736328
fedavg,none,4,13,kerm_06,False,20.75395393371582
fedavg,none,4,13,kerm_01,False,22.382183074951172
fedavg,none,4,13,rsna_12,False,20.24234962463379
fedavg,none,4,13,rsna_06,False,20.544408798217773
fedavg,none,4,13,rsna_07,False,18.53312873840332
fedavg,none,4,13,kerm_02,False,22.993730545043945
fedavg,none,4,14,kerm_01,False,22.455055236816406
fedavg,none,4,14,rsna_09,False,24.807636260986328
fedavg,none,4,14,rsna_05,False,28.722684860229492
fedavg,none,4,14,kerm_02,False,22.747379302978516
fedavg,none,4,14,rsna_01,False,24.050161361694336
fedavg,none,4,14,rsna_10,False,21.880722045898438
fedavg,none,4,14,kerm_08,False,23.38190460205078
fedavg,none,4,14,rsna_04,False,20.727214813232422
fedavg,none,4,14,rsna_11,False,22.43144989013672
fedavg,none,4,14,rsna_03,False,25.78325080871582
fedavg,none,4,14,kerm_03,False,23.065637588500977
fedavg,none,4,14,kerm_05,False,20.236000061035156
fedavg,none,4,14,rsna_02,False,27.938888549804688
fedavg,none,4,14,rsna_06,False,19.839263916015625
fedavg,none,4,14,kerm_07,False,25.24610710144043
fedavg,none,4,15,rsna_04,False,19.834566116333008
fedavg,none,4,15,rsna_02,False,25.01767349243164
fedavg,none,4,15,kerm_04,False,24.089664459228516
fedavg,none,4,15,kerm_06,False,22.62738609313965
fedavg,none,4,15,kerm_03,False,21.99767303466797
fedavg,none,4,15,rsna_06,False,21.48577308654785
fedavg,none,4,15,rsna_03,False,27.620075225830078
fedavg,none,4,15,kerm_02,False,20.700157165527344
fedavg,none,4,15,rsna_05,False,22.022628784179688
fedavg,none,4,15,rsna_10,False,29.031034469604492
fedavg,none,4,15,rsna_01,False,25.83184242248535
fedavg,none,4,15,rsna_08,False,25.793777465820312
fedavg,none,4,15,rsna_11,False,19.15062713623047
fedavg,none,4,15,rsna_09,False,20.361431121826172
fedavg,none,4,15,kerm_07,False,25.776674270629883
fedavg,none,4,16,rsna_02,False,23.011070251464844
fedavg,none,4,16,kerm_07,False,23.84726333618164
fedavg,none,4,16,rsna_10,False,23.74361801147461
fedavg,none,4,16,rsna_11,False,33.960594177246094
fedavg,none,4,16,kerm_06,False,22.023569107055664
fedavg,none,4,16,rsna_01,False,24.332548141479492
fedavg,none,4,16,kerm_08,False,27.49059295654297
fedavg,none,4,16,kerm_03,False,20.774282455444336
fedavg,none,4,16,kerm_05,False,21.05559730529785
fedavg,none,4,16,rsna_12,False,23.557117462158203
fedavg,none,4,16,kerm_04,False,20.86583709716797
fedavg,none,4,16,rsna_09,False,20.50822639465332
fedavg,none,4,16,rsna_04,False,21.003055572509766
fedavg,none,4,16,rsna_07,False,19.681957244873047
fedavg,none,4,16,rsna_05,False,18.688955307006836
fedavg,none,4,17,rsna_03,False,28.009183883666992
fedavg,none,4,17,rsna_07,False,25.297395706176758
fedavg,none,4,17,rsna_11,False,24.616853713989258
fedavg,none,4,17,rsna_02,False,29.18360137939453
fedavg,none,4,17,rsna_04,False,23.228954315185547
fedavg,none,4,17,kerm_02,False,33.46232986450195
fedavg,none,4,17,kerm_03,False,26.717323303222656
fedavg,none,4,17,rsna_09,False,22.157934188842773
fedavg,none,4,17,kerm_01,False,31.13962745666504
fedavg,none,4,17,kerm_06,False,23.57259178161621
fedavg,none,4,17,kerm_07,False,23.70633316040039
fedavg,none,4,17,rsna_06,False,27.565946578979492
fedavg,none,4,17,rsna_01,False,28.734155654907227
fedavg,none,4,17,rsna_05,False,31.736860275268555
fedavg,none,4,17,kerm_04,False,22.37920570373535
fedavg,none,4,18,kerm_07,False,27.01003074645996
fedavg,none,4,18,rsna_01,False,30.738920211791992
fedavg,none,4,18,kerm_03,False,19.549951553344727
fedavg,none,4,18,rsna_11,False,23.692646026611328
fedavg,none,4,18,rsna_05,False,25.06601333618164
fedavg,none,4,18,rsna_10,False,34.51835250854492
fedavg,none,4,18,rsna_04,False,20.400283813476562
fedavg,none,4,18,rsna_03,False,23.00493049621582
fedavg,none,4,18,kerm_06,False,27.367813110351562
fedavg,none,4,18,rsna_06,False,22.74101448059082
fedavg,none,4,18,rsna_08,False,38.496490478515625
fedavg,none,4,18,rsna_02,False,25.311702728271484
fedavg,none,4,18,kerm_05,False,23.354736328125
fedavg,none,4,18,kerm_02,False,20.249526977539062
fedavg,none,4,18,rsna_12,False,22.92915153503418
fedavg,none,4,19,rsna_05,False,24.00006103515625
fedavg,none,4,19,kerm_04,False,21.55255699157715
fedavg,none,4,19,rsna_10,False,32.80329132080078
fedavg,none,4,19,kerm_02,False,33.96308517456055
fedavg,none,4,19,rsna_04,False,30.106603622436523
fedavg,none,4,19,rsna_02,False,23.63813018798828
fedavg,none,4,19,rsna_03,False,24.149921417236328
fedavg,none,4,19,rsna_11,False,21.99063491821289
fedavg,none,4,19,rsna_06,False,23.054534912109375
fedavg,none,4,19,rsna_01,False,33.169090270996094
fedavg,none,4,19,rsna_07,False,20.78904914855957
fedavg,none,4,19,rsna_08,False,26.521869659423828
fedavg,none,4,19,kerm_07,False,24.158327102661133
fedavg,none,4,19,kerm_03,False,21.762535095214844
fedavg,none,4,19,kerm_08,False,26.969879150390625
fedavg,none,4,20,kerm_08,False,27.97755241394043
fedavg,none,4,20,rsna_07,False,19.97406768798828
fedavg,none,4,20,rsna_08,False,26.514556884765625
fedavg,none,4,20,rsna_06,False,19.558528900146484
fedavg,none,4,20,rsna_01,False,43.74767303466797
fedavg,none,4,20,rsna_02,False,37.66310119628906
fedavg,none,4,20,rsna_09,False,23.399503707885742
fedavg,none,4,20,rsna_10,False,19.384313583374023
fedavg,none,4,20,rsna_03,False,24.79133415222168
fedavg,none,4,20,kerm_04,False,20.915742874145508
fedavg,none,4,20,kerm_05,False,24.812604904174805
fedavg,none,4,20,kerm_07,False,24.506078720092773
fedavg,none,4,20,rsna_05,False,20.332128524780273
fedavg,none,4,20,kerm_06,False,24.454729080200195
fedavg,none,4,20,kerm_03,False,20.864789962768555
fedavg,none,4,21,kerm_06,False,21.79910659790039
fedavg,none,4,21,rsna_11,False,21.407922744750977
fedavg,none,4,21,rsna_10,False,29.128721237182617
fedavg,none,4,21,rsna_08,False,28.626632690429688
fedavg,none,4,21,kerm_08,False,24.377626419067383
fedavg,none,4,21,rsna_05,False,23.35995101928711
fedavg,none,4,21,kerm_01,False,30.228347778320312
fedavg,none,4,21,rsna_07,False,24.301921844482422
fedavg,none,4,21,rsna_02,False,24.90874671936035
fedavg,none,4,21,rsna_06,False,22.459096908569336
fedavg,none,4,21,rsna_09,False,23.727256774902344
fedavg,none,4,21,kerm_03,False,23.600284576416016
fedavg,none,4,21,rsna_01,False,27.12452507019043
fedavg,none,4,21,kerm_07,False,26.009632110595703
fedavg,none,4,21,rsna_12,False,22.552614212036133
fedavg,none,4,22,rsna_06,False,37.83025360107422
fedavg,none,4,22,rsna_08,False,31.052011489868164
fedavg,none,4,22,rsna_09,False,19.688997268676758
fedavg,none,4,22,rsna_12,False,21.672719955444336
fedavg,none,4,22,rsna_03,False,27.15471839904785
fedavg,none,4,22,kerm_03,False,24.675325393676758
fedavg,none,4,22,rsna_07,False,22.644723892211914
fedavg,none,4,22,kerm_07,False,22.189802169799805
fedavg,none,4,22,kerm_04,False,25.40094566345215
fedavg,none,4,22,kerm_01,False,29.246458053588867
fedavg,none,4,22,rsna_02,False,34.259300231933594
fedavg,none,4,22,kerm_06,False,23.57469940185547
fedavg,none,4,22,rsna_05,False,21.895057678222656
fedavg,none,4,22,kerm_08,False,29.909286499023438
fedavg,none,4,22,kerm_05,False,22.241823196411133
fedavg,none,4,23,rsna_08,False,23.101375579833984
fedavg,none,4,23,rsna_11,False,21.391950607299805
fedavg,none,4,23,rsna_05,False,28.852920532226562
fedavg,none,4,23,kerm_07,False,28.221080780029297
fedavg,none,4,23,kerm_03,False,29.262409210205078
fedavg,none,4,23,rsna_09,False,19.835742950439453
fedavg,none,4,23,kerm_06,False,22.675424575805664
fedavg,none,4,23,rsna_07,False,26.25504493713379
fedavg,none,4,23,rsna_10,False,25.44347381591797
fedavg,none,4,23,rsna_12,False,27.455957412719727
fedavg,none,4,23,rsna_04,False,25.404930114746094
fedavg,none,4,23,rsna_01,False,32.5556640625
fedavg,none,4,23,rsna_02,False,27.797969818115234
fedavg,none,4,23,rsna_03,False,28.005985260009766
fedavg,none,4,23,kerm_08,False,26.212757110595703
fedavg,none,4,24,kerm_08,False,28.348421096801758
fedavg,none,4,24,rsna_02,False,30.39897918701172
fedavg,none,4,24,kerm_05,False,23.068431854248047
fedavg,none,4,24,rsna_08,False,26.35405731201172
fedavg,none,4,24,rsna_07,False,31.942819595336914
fedavg,none,4,24,rsna_09,False,23.653907775878906
fedavg,none,4,24,kerm_01,False,43.85365676879883
fedavg,none,4,24,kerm_02,False,33.03361892700195
fedavg,none,4,24,rsna_12,False,28.609533309936523
fedavg,none,4,24,rsna_01,False,45.59736251831055
fedavg,none,4,24,rsna_03,False,30.6492977142334
fedavg,none,4,24,rsna_05,False,23.982919692993164
fedavg,none,4,24,rsna_06,False,22.490232467651367
fedavg,none,4,24,rsna_04,False,25.14501953125
fedavg,none,4,24,kerm_03,False,21.761306762695312
fedavg,none,4,25,rsna_09,False,23.128665924072266
fedavg,none,4,25,rsna_10,False,39.239341735839844
fedavg,none,4,25,rsna_06,False,27.95255470275879
fedavg,none,4,25,rsna_03,False,35.31363296508789
fedavg,none,4,25,rsna_07,False,19.722740173339844
fedavg,none,4,25,kerm_01,False,28.59758949279785
fedavg,none,4,25,rsna_12,False,26.554405212402344
fedavg,none,4,25,kerm_02,False,38.92204284667969
fedavg,none,4,25,rsna_04,False,22.826013565063477
fedavg,none,4,25,rsna_01,False,31.805906295776367
fedavg,none,4,25,rsna_08,False,24.891775131225586
fedavg,none,4,25,kerm_05,False,27.904077529907227
fedavg,none,4,25,kerm_07,False,29.012325286865234
fedavg,none,4,25,kerm_06,False,34.73289108276367
fedavg,none,4,25,rsna_02,False,26.977773666381836
fedavg,none,4,26,kerm_02,False,23.519975662231445
fedavg,none,4,26,rsna_10,False,22.882965087890625
fedavg,none,4,26,rsna_06,False,25.44196319580078
fedavg,none,4,26,rsna_12,False,23.981836318969727
fedavg,none,4,26,kerm_05,False,29.922210693359375
fedavg,none,4,26,rsna_08,False,40.51134490966797
fedavg,none,4,26,rsna_07,False,31.626497268676758
fedavg,none,4,26,rsna_03,False,25.311798095703125
fedavg,none,4,26,rsna_04,False,23.823509216308594
fedavg,none,4,26,kerm_08,False,29.78394889831543
fedavg,none,4,26,kerm_01,False,24.702289581298828
fedavg,none,4,26,kerm_07,False,28.748079299926758
fedavg,none,4,26,rsna_05,False,23.996599197387695
fedavg,none,4,26,rsna_11,False,23.80241584777832
fedavg,none,4,26,rsna_09,False,20.783458709716797
fedavg,none,4,27,rsna_06,False,21.122692108154297
fedavg,none,4,27,rsna_01,False,39.786190032958984
fedavg,none,4,27,rsna_04,False,30.115280151367188
fedavg,none,4,27,kerm_08,False,28.97239875793457
fedavg,none,4,27,rsna_11,False,43.65253829956055
fedavg,none,4,27,rsna_08,False,29.664682388305664
fedavg,none,4,27,rsna_10,False,28.695972442626953
fedavg,none,4,27,rsna_02,False,38.646080017089844
fedavg,none,4,27,kerm_02,False,23.111858367919922
fedavg,none,4,27,kerm_01,False,28.799835205078125
fedavg,none,4,27,rsna_03,False,30.647794723510742
fedavg,none,4,27,kerm_06,False,40.057861328125
fedavg,none,4,27,kerm_03,False,25.434614181518555
fedavg,none,4,27,rsna_12,False,24.166019439697266
fedavg,none,4,27,rsna_05,False,26.912565231323242
fedavg,none,4,28,kerm_06,False,27.861520767211914
fedavg,none,4,28,rsna_02,False,30.449209213256836
fedavg,none,4,28,rsna_12,False,36.40428161621094
fedavg,none,4,28,rsna_06,False,22.438480377197266
fedavg,none,4,28,rsna_03,False,31.93865966796875
fedavg,none,4,28,rsna_01,False,30.49871063232422
fedavg,none,4,28,kerm_01,False,22.562580108642578
fedavg,none,4,28,rsna_04,False,26.282005310058594
fedavg,none,4,28,rsna_10,False,22.387773513793945
fedavg,none,4,28,rsna_05,False,23.087657928466797
fedavg,none,4,28,kerm_07,False,28.533390045166016
fedavg,none,4,28,kerm_08,False,34.13227081298828
fedavg,none,4,28,kerm_02,False,30.855365753173828
fedavg,none,4,28,rsna_08,False,39.67686462402344
fedavg,none,4,28,rsna_11,False,25.378467559814453
fedavg,none,4,29,kerm_01,False,31.99490737915039
fedavg,none,4,29,kerm_06,False,25.2708683013916
fedavg,none,4,29,kerm_02,False,23.529844284057617
fedavg,none,4,29,rsna_11,False,31.002073287963867
fedavg,none,4,29,rsna_10,False,24.180438995361328
fedavg,none,4,29,rsna_04,False,28.04531478881836
fedavg,none,4,29,rsna_05,False,30.733755111694336
fedavg,none,4,29,rsna_12,False,23.495059967041016
fedavg,none,4,29,kerm_03,False,35.302764892578125
fedavg,none,4,29,rsna_07,False,28.20926284790039
fedavg,none,4,29,rsna_08,False,32.54510498046875
fedavg,none,4,29,rsna_01,False,37.64009475708008
fedavg,none,4,29,rsna_06,False,40.623619079589844
fedavg,none,4,29,kerm_04,False,26.657176971435547
fedavg,none,4,29,kerm_08,False,41.71296310424805
fedavg,none,4,30,rsna_08,False,20.467891693115234
fedavg,none,4,30,rsna_10,False,24.087846755981445
fedavg,none,4,30,rsna_05,False,24.165380477905273
fedavg,none,4,30,rsna_02,False,31.820037841796875
fedavg,none,4,30,kerm_03,False,30.929372787475586
fedavg,none,4,30,rsna_04,False,60.539703369140625
fedavg,none,4,30,rsna_12,False,21.511497497558594
fedavg,none,4,30,rsna_09,False,23.112390518188477
fedavg,none,4,30,kerm_02,False,41.84931564331055
fedavg,none,4,30,kerm_01,False,26.83461570739746
fedavg,none,4,30,kerm_05,False,26.32145118713379
fedavg,none,4,30,rsna_07,False,26.237136840820312
fedavg,none,4,30,rsna_06,False,24.253826141357422
fedavg,none,4,30,rsna_03,False,34.88763427734375
fedavg,none,4,30,rsna_11,False,24.463817596435547
fedavg,stealthy,0,1,kerm_03,False,22.675161361694336
fedavg,stealthy,0,1,kerm_05,False,22.583099365234375
fedavg,stealthy,0,1,rsna_08,False,22.604673385620117
fedavg,stealthy,0,1,rsna_11,False,22.102449417114258
fedavg,stealthy,0,1,kerm_04,False,22.470598220825195
fedavg,stealthy,0,1,rsna_07,False,23.21345329284668
fedavg,stealthy,0,1,kerm_06,False,22.593978881835938
fedavg,stealthy,0,1,kerm_01,False,23.626413345336914
fedavg,stealthy,0,1,rsna_02,False,22.829036712646484
fedavg,stealthy,0,1,kerm_08,False,22.98975372314453
fedavg,stealthy,0,1,rsna_12,False,22.653488159179688
fedavg,stealthy,0,1,rsna_04,False,22.914697647094727
fedavg,stealthy,0,1,rsna_05,False,22.801252365112305
fedavg,stealthy,0,1,rsna_06,False,23.003538131713867
fedavg,stealthy,0,1,rsna_03,False,23.26244354248047
fedavg,stealthy,0,2,kerm_03,False,16.647546768188477
fedavg,stealthy,0,2,rsna_08,False,18.469104766845703
fedavg,stealthy,0,2,kerm_06,False,16.71977996826172
fedavg,stealthy,0,2,rsna_06,False,18.04671287536621
fedavg,stealthy,0,2,rsna_01,False,20.415393829345703
fedavg,stealthy,0,2,rsna_03,False,18.821027755737305
fedavg,stealthy,0,2,rsna_09,False,18.451139450073242
fedavg,stealthy,0,2,kerm_01,False,17.917449951171875
fedavg,stealthy,0,2,rsna_11,False,18.337326049804688
fedavg,stealthy,0,2,rsna_10,False,17.852479934692383
fedavg,stealthy,0,2,kerm_02,False,17.10584259033203
fedavg,stealthy,0,2,rsna_05,False,18.580360412597656
fedavg,stealthy,0,2,kerm_07,False,17.85634994506836
fedavg,stealthy,0,2,kerm_08,False,17.293766021728516
fedavg,stealthy,0,2,kerm_05,False,17.488527297973633
fedavg,stealthy,0,3,rsna_10,False,18.229787826538086
fedavg,stealthy,0,3,rsna_06,False,18.610111236572266
fedavg,stealthy,0,3,rsna_04,False,19.460233688354492
fedavg,stealthy,0,3,kerm_07,False,18.52841567993164
fedavg,stealthy,0,3,rsna_12,False,19.127086639404297
fedavg,stealthy,0,3,kerm_05,False,17.69561767578125
fedavg,stealthy,0,3,kerm_08,False,18.54096221923828
fedavg,stealthy,0,3,rsna_07,False,17.85447883605957
fedavg,stealthy,0,3,rsna_01,False,24.404403686523438
fedavg,stealthy,0,3,rsna_03,False,19.427730560302734
fedavg,stealthy,0,3,rsna_11,False,18.95423126220703
fedavg,stealthy,0,3,kerm_06,False,17.934375762939453
fedavg,stealthy,0,3,rsna_09,False,17.597524642944336
fedavg,stealthy,0,3,rsna_08,False,17.841224670410156
fedavg,stealthy,0,3,kerm_02,False,16.654752731323242
fedavg,stealthy,0,4,rsna_03,False,20.23768424987793
fedavg,stealthy,0,4,kerm_08,False,19.319490432739258
fedavg,stealthy,0,4,rsna_05,False,20.057653427124023
fedavg,stealthy,0,4,kerm_06,False,18.205684661865234
fedavg,stealthy,0,4,rsna_06,False,19.212966918945312
fedavg,stealthy,0,4,kerm_01,False,18.55979347229004
fedavg,stealthy,0,4,rsna_08,False,18.811010360717773
fedavg,stealthy,0,4,kerm_04,False,18.898250579833984
fedavg,stealthy,0,4,rsna_04,False,19.469072341918945
fedavg,stealthy,0,4,kerm_07,False,19.828439712524414
fedavg,stealthy,0,4,kerm_03,False,17.049705505371094
fedavg,stealthy,0,4,rsna_07,False,18.81116485595703
fedavg,stealthy,0,4,kerm_02,False,17.51378059387207
fedavg,stealthy,0,4,rsna_01,False,22.58278465270996
fedavg,stealthy,0,4,rsna_02,False,23.996767044067383
fedavg,stealthy,0,5,kerm_02,False,16.716350555419922
fedavg,stealthy,0,5,rsna_04,False,20.233776092529297
fedavg,stealthy,0,5,rsna_11,False,20.094329833984375
fedavg,stealthy,0,5,kerm_06,False,22.983808517456055
fedavg,stealthy,0,5,kerm_03,False,18.358646392822266
fedavg,stealthy,0,5,rsna_06,False,19.367029190063477
fedavg,stealthy,0,5,rsna_09,False,18.681716918945312
fedavg,stealthy,0,5,rsna_03,False,21.28351593017578
fedavg,stealthy,0,5,kerm_01,False,17.56013298034668
fedavg,stealthy,0,5,kerm_05,False,18.726818084716797
fedavg,stealthy,0,5,rsna_12,False,19.861719131469727
fedavg,stealthy,0,5,rsna_07,False,19.12183380126953
fedavg,stealthy,0,5,kerm_07,False,20.8710880279541
fedavg,stealthy,0,5,rsna_10,False,18.551006317138672
fedavg,stealthy,0,5,rsna_02,False,19.590648651123047
fedavg,stealthy,0,6,rsna_05,False,20.016748428344727
fedavg,stealthy,0,6,rsna_11,False,19.13114356994629
fedavg,stealthy,0,6,kerm_02,False,16.968738555908203
fedavg,stealthy,0,6,rsna_07,False,18.950902938842773
fedavg,stealthy,0,6,kerm_04,False,18.24254608154297
fedavg,stealthy,0,6,rsna_01,False,22.722000122070312
fedavg,stealthy,0,6,kerm_03,False,18.947059631347656
fedavg,stealthy,0,6,kerm_06,False,20.7742977142334
fedavg,stealthy,0,6,kerm_08,False,20.370136260986328
fedavg,stealthy,0,6,rsna_03,False,20.62358856201172
fedavg,stealthy,0,6,kerm_05,False,22.352306365966797
fedavg,stealthy,0,6,rsna_02,False,24.532363891601562
fedavg,stealthy,0,6,kerm_01,False,18.040111541748047
fedavg,stealthy,0,6,rsna_08,False,19.074970245361328
fedavg,stealthy,0,6,rsna_10,False,19.170242309570312
fedavg,stealthy,0,7,rsna_07,False,18.606224060058594
fedavg,stealthy,0,7,rsna_01,False,28.46053123474121
fedavg,stealthy,0,7,rsna_08,False,18.143770217895508
fedavg,stealthy,0,7,kerm_06,False,19.211881637573242
fedavg,stealthy,0,7,rsna_09,False,18.16372299194336
fedavg,stealthy,0,7,rsna_05,False,20.617740631103516
fedavg,stealthy,0,7,rsna_04,False,19.93585777282715
fedavg,stealthy,0,7,kerm_02,False,17.147991180419922
fedavg,stealthy,0,7,rsna_06,False,19.51533317565918
fedavg,stealthy,0,7,rsna_03,False,20.786821365356445
fedavg,stealthy,0,7,kerm_07,False,20.199661254882812
fedavg,stealthy,0,7,rsna_02,False,23.901309967041016
fedavg,stealthy,0,7,kerm_03,False,17.86577606201172
fedavg,stealthy,0,7,kerm_01,False,17.832977294921875
fedavg,stealthy,0,7,rsna_12,False,19.73110580444336
fedavg,stealthy,0,8,kerm_04,False,21.95355224609375
fedavg,stealthy,0,8,kerm_07,False,24.81210708618164
fedavg,stealthy,0,8,rsna_02,False,20.45530891418457
fedavg,stealthy,0,8,rsna_01,False,25.531633377075195
fedavg,stealthy,0,8,kerm_03,False,20.150833129882812
fedavg,stealthy,0,8,rsna_07,False,18.522733688354492
fedavg,stealthy,0,8,kerm_01,False,17.618253707885742
fedavg,stealthy,0,8,rsna_11,False,19.60907745361328
fedavg,stealthy,0,8,rsna_06,False,20.413551330566406
fedavg,stealthy,0,8,kerm_02,False,18.32695770263672
fedavg,stealthy,0,8,rsna_03,False,19.557512283325195
fedavg,stealthy,0,8,kerm_06,False,21.78285789489746
fedavg,stealthy,0,8,kerm_08,False,22.26845359802246
fedavg,stealthy,0,8,rsna_08,False,19.143211364746094
fedavg,stealthy,0,8,rsna_09,False,18.92816162109375
fedavg,stealthy,0,9,rsna_07,False,19.051462173461914
fedavg,stealthy,0,9,kerm_08,False,21.8352108001709
fedavg,stealthy,0,9,kerm_05,False,18.63611602783203
fedavg,stealthy,0,9,rsna_09,False,18.87192726135254
fedavg,stealthy,0,9,rsna_02,False,23.55254364013672
fedavg,stealthy,0,9,kerm_06,False,25.324909210205078
fedavg,stealthy,0,9,rsna_12,False,19.358867645263672
fedavg,stealthy,0,9,kerm_07,False,25.602855682373047
fedavg,stealthy,0,9,rsna_05,False,22.413333892822266
fedavg,stealthy,0,9,rsna_11,False,20.8597354888916
fedavg,stealthy,0,9,kerm_03,False,18.157819747924805
fedavg,stealthy,0,9,rsna_08,False,19.29302978515625
fedavg,stealthy,0,9,kerm_01,False,19.00089454650879
fedavg,stealthy,0,9,kerm_04,False,19.347858428955078
fedavg,stealthy,0,9,rsna_06,False,20.661884307861328
fedavg,stealthy,0,10,kerm_07,False,20.68134117126465
fedavg,stealthy,0,10,rsna_01,False,27.21331214904785
fedavg,stealthy,0,10,rsna_10,False,18.870817184448242
fedavg,stealthy,0,10,rsna_04,False,21.291006088256836
fedavg,stealthy,0,10,kerm_06,False,19.10163116455078
fedavg,stealthy,0,10,rsna_07,False,21.234500885009766
fedavg,stealthy,0,10,rsna_05,False,25.240943908691406
fedavg,stealthy,0,10,rsna_09,False,19.22812271118164
fedavg,stealthy,0,10,kerm_05,False,18.660930633544922
fedavg,stealthy,0,10,kerm_01,False,20.178600311279297
fedavg,stealthy,0,10,kerm_04,False,19.309656143188477
fedavg,stealthy,0,10,rsna_02,False,28.393142700195312
fedavg,stealthy,0,10,rsna_06,False,21.903793334960938
fedavg,stealthy,0,10,rsna_11,False,18.589994430541992
fedavg,stealthy,0,10,rsna_08,False,19.606565475463867
fedavg,stealthy,0,11,kerm_03,False,18.530662536621094
fedavg,stealthy,0,11,kerm_02,False,18.261760711669922
fedavg,stealthy,0,11,kerm_08,False,22.226099014282227
fedavg,stealthy,0,11,rsna_05,False,18.60738754272461
fedavg,stealthy,0,11,kerm_01,False,19.084657669067383
fedavg,stealthy,0,11,kerm_06,False,19.813724517822266
fedavg,stealthy,0,11,rsna_10,False,19.53074836730957
fedavg,stealthy,0,11,rsna_02,False,25.720623016357422
fedavg,stealthy,0,11,rsna_09,False,18.982112884521484
fedavg,stealthy,0,11,rsna_07,False,18.8729248046875
fedavg,stealthy,0,11,rsna_11,False,20.01563835144043
fedavg,stealthy,0,11,rsna_04,False,20.130939483642578
fedavg,stealthy,0,11,rsna_06,False,17.665298461914062
fedavg,stealthy,0,11,rsna_01,False,24.238801956176758
fedavg,stealthy,0,11,kerm_07,False,22.476335525512695
fedavg,stealthy,0,12,kerm_06,False,20.393709182739258
fedavg,stealthy,0,12,rsna_12,False,18.902917861938477
fedavg,stealthy,0,12,kerm_01,False,23.989341735839844
fedavg,stealthy,0,12,rsna_09,False,19.106229782104492
fedavg,stealthy,0,12,rsna_01,False,28.896791458129883
fedavg,stealthy,0,12,rsna_11,False,20.178285598754883
fedavg,stealthy,0,12,kerm_05,False,21.89470863342285
fedavg,stealthy,0,12,kerm_08,False,20.99296760559082
fedavg,stealthy,0,12,rsna_07,False,18.744882583618164
fedavg,stealthy,0,12,rsna_03,False,20.152416229248047
fedavg,stealthy,0,12,kerm_04,False,20.586091995239258
fedavg,stealthy,0,12,rsna_05,False,19.931100845336914
fedavg,stealthy,0,12,rsna_06,False,19.3465633392334
fedavg,stealthy,0,12,rsna_10,False,19.64917755126953
fedavg,stealthy,0,12,kerm_07,False,21.07155990600586
fedavg,stealthy,0,13,rsna_07,False,20.6228084564209
fedavg,stealthy,0,13,rsna_03,False,22.549667358398438
fedavg,stealthy,0,13,kerm_03,False,19.22464942932129
fedavg,stealthy,0,13,rsna_12,False,21.09335708618164
fedavg,stealthy,0,13,rsna_08,False,21.000568389892578
fedavg,stealthy,0,13,rsna_02,False,22.194650650024414
fedavg,stealthy,0,13,rsna_09,False,18.01460838317871
fedavg,stealthy,0,13,rsna_06,False,17.787630081176758
fedavg,stealthy,0,13,rsna_04,False,20.436933517456055
fedavg,stealthy,0,13,kerm_02,False,20.127586364746094
fedavg,stealthy,0,13,rsna_11,False,19.968841552734375
fedavg,stealthy,0,13,rsna_10,False,19.196096420288086
fedavg,stealthy,0,13,kerm_07,False,20.46195411682129
fedavg,stealthy,0,13,rsna_05,False,20.069116592407227
fedavg,stealthy,0,13,kerm_08,False,22.338481903076172
fedavg,stealthy,0,14,rsna_10,False,19.093292236328125
fedavg,stealthy,0,14,kerm_08,False,26.72067642211914
fedavg,stealthy,0,14,rsna_01,False,24.482929229736328
fedavg,stealthy,0,14,kerm_01,False,20.641475677490234
fedavg,stealthy,0,14,kerm_07,False,27.736047744750977
fedavg,stealthy,0,14,kerm_05,False,19.761451721191406
fedavg,stealthy,0,14,rsna_12,False,20.404142379760742
fedavg,stealthy,0,14,rsna_08,False,18.420116424560547
fedavg,stealthy,0,14,kerm_02,False,21.18587875366211
fedavg,stealthy,0,14,rsna_09,False,22.225730895996094
fedavg,stealthy,0,14,rsna_06,False,18.542530059814453
fedavg,stealthy,0,14,rsna_07,False,17.332984924316406
fedavg,stealthy,0,14,rsna_02,False,26.118379592895508
fedavg,stealthy,0,14,kerm_04,False,21.325098037719727
fedavg,stealthy,0,14,rsna_04,False,22.003061294555664
fedavg,stealthy,0,15,rsna_12,True,23.0477237701416
fedavg,stealthy,0,15,rsna_08,False,18.433055877685547
fedavg,stealthy,0,15,rsna_10,False,19.095470428466797
fedavg,stealthy,0,15,rsna_01,False,26.73773765563965
fedavg,stealthy,0,15,rsna_03,False,24.354412078857422
fedavg,stealthy,0,15,rsna_09,False,20.12070083618164
fedavg,stealthy,0,15,kerm_02,False,19.543142318725586
fedavg,stealthy,0,15,rsna_05,False,22.01676368713379
fedavg,stealthy,0,15,kerm_07,False,22.94529914855957
fedavg,stealthy,0,15,kerm_04,False,19.596895217895508
fedavg,stealthy,0,15,rsna_07,False,20.400388717651367
fedavg,stealthy,0,15,rsna_11,False,23.13549041748047
fedavg,stealthy,0,15,rsna_06,False,19.702741622924805
fedavg,stealthy,0,15,kerm_06,False,23.298912048339844
fedavg,stealthy,0,15,rsna_02,False,26.817468643188477
fedavg,stealthy,0,16,rsna_12,True,22.59299659729004
fedavg,stealthy,0,16,rsna_09,False,18.091033935546875
fedavg,stealthy,0,16,rsna_03,False,20.52410125732422
fedavg,stealthy,0,16,rsna_02,False,22.988651275634766
fedavg,stealthy,0,16,rsna_10,False,19.90668296813965
fedavg,stealthy,0,16,kerm_02,False,22.776508331298828
fedavg,stealthy,0,16,kerm_05,False,22.093698501586914
fedavg,stealthy,0,16,rsna_11,False,19.80793571472168
fedavg,stealthy,0,16,rsna_01,False,24.12650489807129
fedavg,stealthy,0,16,rsna_06,False,19.1766414642334
fedavg,stealthy,0,16,rsna_04,False,20.550119400024414
fedavg,stealthy,0,16,rsna_05,False,24.04386329650879
fedavg,stealthy,0,16,kerm_03,False,20.99549674987793
fedavg,stealthy,0,16,kerm_04,False,20.68804931640625
fedavg,stealthy,0,16,kerm_06,False,20.71258544921875
fedavg,stealthy,0,17,rsna_12,True,25.71595573425293
fedavg,stealthy,0,17,rsna_01,False,22.896696090698242
fedavg,stealthy,0,17,kerm_02,False,23.406997680664062
fedavg,stealthy,0,17,kerm_08,False,26.964000701904297
fedavg,stealthy,0,17,kerm_01,False,25.3483943939209
fedavg,stealthy,0,17,rsna_03,False,21.05963706970215
fedavg,stealthy,0,17,rsna_04,False,20.8409423828125
fedavg,stealthy,0,17,kerm_05,False,24.06747055053711
fedavg,stealthy,0,17,rsna_02,False,26.0480899810791
fedavg,stealthy,0,17,kerm_04,False,19.723323822021484
fedavg,stealthy,0,17,rsna_10,False,21.036401748657227
fedavg,stealthy,0,17,kerm_06,False,22.40012550354004
fedavg,stealthy,0,17,rsna_09,False,21.856067657470703
fedavg,stealthy,0,17,rsna_11,False,27.867456436157227
fedavg,stealthy,0,17,rsna_08,False,21.113142013549805
fedavg,stealthy,0,18,rsna_12,True,22.074037551879883
fedavg,stealthy,0,18,rsna_11,False,21.273035049438477
fedavg,stealthy,0,18,rsna_06,False,20.884275436401367
fedavg,stealthy,0,18,rsna_02,False,24.588642120361328
fedavg,stealthy,0,18,kerm_06,False,29.888463973999023
fedavg,stealthy,0,18,kerm_02,False,24.46384620666504
fedavg,stealthy,0,18,kerm_07,False,25.342267990112305
fedavg,stealthy,0,18,kerm_03,False,22.621309280395508
fedavg,stealthy,0,18,rsna_08,False,17.970388412475586
fedavg,stealthy,0,18,rsna_09,False,19.784820556640625
fedavg,stealthy,0,18,rsna_07,False,22.18972396850586
fedavg,stealthy,0,18,rsna_05,False,23.21794891357422
fedavg,stealthy,0,18,kerm_04,False,20.433547973632812
fedavg,stealthy,0,18,kerm_08,False,24.444215774536133
fedavg,stealthy,0,18,rsna_01,False,25.02723503112793
fedavg,stealthy,0,19,rsna_12,True,23.421602249145508
fedavg,stealthy,0,19,kerm_01,False,23.7244815826416
fedavg,stealthy,0,19,rsna_05,False,19.678861618041992
fedavg,stealthy,0,19,rsna_01,False,28.701454162597656
fedavg,stealthy,0,19,rsna_04,False,20.416288375854492
fedavg,stealthy,0,19,kerm_07,False,22.972553253173828
fedavg,stealthy,0,19,rsna_11,False,20.024486541748047
fedavg,stealthy,0,19,kerm_06,False,22.881763458251953
fedavg,stealthy,0,19,rsna_06,False,22.46660614013672
fedavg,stealthy,0,19,kerm_05,False,18.28188133239746
fedavg,stealthy,0,19,rsna_08,False,20.247716903686523
fedavg,stealthy,0,19,rsna_10,False,18.163314819335938
fedavg,stealthy,0,19,rsna_02,False,26.331655502319336
fedavg,stealthy,0,19,kerm_04,False,18.73358917236328
fedavg,stealthy,0,19,rsna_03,False,21.725366592407227
fedavg,stealthy,0,20,rsna_12,True,25.60810661315918
fedavg,stealthy,0,20,kerm_03,False,23.37336540222168
fedavg,stealthy,0,20,rsna_11,False,21.400035858154297
fedavg,stealthy,0,20,kerm_05,False,20.297805786132812
fedavg,stealthy,0,20,rsna_01,False,24.044422149658203
fedavg,stealthy,0,20,kerm_07,False,23.622032165527344
fedavg,stealthy,0,20,rsna_08,False,19.151479721069336
fedavg,stealthy,0,20,rsna_04,False,21.713953018188477
fedavg,stealthy,0,20,rsna_10,False,19.75619888305664
fedavg,stealthy,0,20,kerm_02,False,26.006938934326172
fedavg,stealthy,0,20,kerm_01,False,23.3250732421875
fedavg,stealthy,0,20,kerm_04,False,24.75921058654785
fedavg,stealthy,0,20,rsna_09,False,20.567062377929688
fedavg,stealthy,0,20,rsna_02,False,22.636608123779297
fedavg,stealthy,0,20,rsna_03,False,26.740928649902344
fedavg,stealthy,0,21,rsna_12,True,27.57149314880371
fedavg,stealthy,0,21,rsna_05,False,25.425018310546875
fedavg,stealthy,0,21,rsna_02,False,23.687763214111328
fedavg,stealthy,0,21,rsna_07,False,19.089431762695312
fedavg,stealthy,0,21,rsna_06,False,19.64560317993164
fedavg,stealthy,0,21,rsna_04,False,27.117517471313477
fedavg,stealthy,0,21,kerm_07,False,26.294309616088867
fedavg,stealthy,0,21,kerm_08,False,27.23525619506836
fedavg,stealthy,0,21,rsna_08,False,23.05239486694336
fedavg,stealthy,0,21,rsna_01,False,25.55268096923828
fedavg,stealthy,0,21,rsna_11,False,21.396146774291992
fedavg,stealthy,0,21,rsna_09,False,25.752490997314453
fedavg,stealthy,0,21,kerm_04,False,20.637550354003906
fedavg,stealthy,0,21,kerm_02,False,22.641693115234375
fedavg,stealthy,0,21,kerm_05,False,19.50798797607422
fedavg,stealthy,0,22,rsna_12,True,22.611621856689453
fedavg,stealthy,0,22,rsna_11,False,21.153268814086914
fedavg,stealthy,0,22,kerm_06,False,23.5877685546875
fedavg,stealthy,0,22,kerm_01,False,24.4696102142334
fedavg,stealthy,0,22,rsna_01,False,26.212984085083008
fedavg,stealthy,0,22,rsna_10,False,23.6668643951416
fedavg,stealthy,0,22,rsna_09,False,21.664113998413086
fedavg,stealthy,0,22,kerm_04,False,21.25539207458496
fedavg,stealthy,0,22,rsna_03,False,24.75234031677246
fedavg,stealthy,0,22,kerm_08,False,29.622943878173828
fedavg,stealthy,0,22,kerm_07,False,24.693288803100586
fedavg,stealthy,0,22,rsna_06,False,20.46302032470703
fedavg,stealthy,0,22,rsna_07,False,22.885337829589844
fedavg,stealthy,0,22,kerm_03,False,19.775190353393555
fedavg,stealthy,0,22,rsna_05,False,20.589092254638672
fedavg,stealthy,0,23,rsna_12,True,20.877727508544922
fedavg,stealthy,0,23,rsna_08,False,20.416780471801758
fedavg,stealthy,0,23,rsna_05,False,20.368133544921875
fedavg,stealthy,0,23,kerm_02,False,26.453269958496094
fedavg,stealthy,0,23,rsna_03,False,25.579994201660156
fedavg,stealthy,0,23,kerm_08,False,24.244647979736328
fedavg,stealthy,0,23,rsna_04,False,26.948408126831055
fedavg,stealthy,0,23,kerm_07,False,23.032854080200195
fedavg,stealthy,0,23,kerm_04,False,20.072864532470703
fedavg,stealthy,0,23,kerm_05,False,18.61670684814453
fedavg,stealthy,0,23,kerm_03,False,22.839731216430664
fedavg,stealthy,0,23,rsna_07,False,19.299707412719727
fedavg,stealthy,0,23,rsna_09,False,21.248994827270508
fedavg,stealthy,0,23,kerm_06,False,22.37371253967285
fedavg,stealthy,0,23,rsna_11,False,21.133691787719727
fedavg,stealthy,0,24,rsna_12,True,22.906063079833984
fedavg,stealthy,0,24,kerm_07,False,22.941633224487305
fedavg,stealthy,0,24,rsna_05,False,22.73285484313965
fedavg,stealthy,0,24,rsna_08,False,20.65857696533203
fedavg,stealthy,0,24,rsna_10,False,24.730031967163086
fedavg,stealthy,0,24,rsna_07,False,22.134113311767578
fedavg,stealthy,0,24,rsna_06,False,22.80887794494629
fedavg,stealthy,0,24,rsna_02,False,27.714529037475586
fedavg,stealthy,0,24,kerm_02,False,27.9710693359375
fedavg,stealthy,0,24,rsna_03,False,29.963481903076172
fedavg,stealthy,0,24,kerm_05,False,23.471799850463867
fedavg,stealthy,0,24,rsna_09,False,19.132600784301758
fedavg,stealthy,0,24,rsna_01,False,35.16164016723633
fedavg,stealthy,0,24,kerm_06,False,25.09684944152832
fedavg,stealthy,0,24,kerm_03,False,21.815683364868164
fedavg,stealthy,0,25,rsna_12,True,21.863632202148438
fedavg,stealthy,0,25,rsna_03,False,25.139013290405273
fedavg,stealthy,0,25,rsna_10,False,21.194414138793945
fedavg,stealthy,0,25,rsna_04,False,19.423377990722656
fedavg,stealthy,0,25,rsna_06,False,21.045778274536133
fedavg,stealthy,0,25,rsna_09,False,20.522062301635742
fedavg,stealthy,0,25,kerm_06,False,29.158348083496094
fedavg,stealthy,0,25,rsna_08,False,18.86538314819336
fedavg,stealthy,0,25,rsna_11,False,20.434295654296875
fedavg,stealthy,0,25,kerm_01,False,26.927291870117188
fedavg,stealthy,0,25,kerm_02,False,23.219398498535156
fedavg,stealthy,0,25,kerm_07,False,25.797378540039062
fedavg,stealthy,0,25,rsna_05,False,20.90848731994629
fedavg,stealthy,0,25,kerm_05,False,20.691150665283203
fedavg,stealthy,0,25,rsna_02,False,23.231258392333984
fedavg,stealthy,0,26,rsna_12,True,20.141958236694336
fedavg,stealthy,0,26,rsna_09,False,18.5399112701416
fedavg,stealthy,0,26,rsna_03,False,23.837921142578125
fedavg,stealthy,0,26,kerm_01,False,22.82553482055664
fedavg,stealthy,0,26,kerm_03,False,25.426132202148438
fedavg,stealthy,0,26,rsna_05,False,22.92289161682129
fedavg,stealthy,0,26,rsna_04,False,31.092859268188477
fedavg,stealthy,0,26,kerm_02,False,25.827777862548828
fedavg,stealthy,0,26,kerm_06,False,25.552204132080078
fedavg,stealthy,0,26,kerm_08,False,29.4092960357666
fedavg,stealthy,0,26,rsna_06,False,21.88314437866211
fedavg,stealthy,0,26,rsna_07,False,21.050640106201172
fedavg,stealthy,0,26,kerm_05,False,24.184484481811523
fedavg,stealthy,0,26,kerm_07,False,24.639333724975586
fedavg,stealthy,0,26,rsna_02,False,26.34935760498047
fedavg,stealthy,0,27,rsna_12,True,24.253564834594727
fedavg,stealthy,0,27,rsna_07,False,24.73686981201172
fedavg,stealthy,0,27,kerm_02,False,27.033933639526367
fedavg,stealthy,0,27,rsna_01,False,24.8432559967041
fedavg,stealthy,0,27,kerm_07,False,27.45957374572754
fedavg,stealthy,0,27,rsna_11,False,22.417007446289062
fedavg,stealthy,0,27,kerm_01,False,23.736875534057617
fedavg,stealthy,0,27,rsna_08,False,22.304807662963867
fedavg,stealthy,0,27,kerm_04,False,19.69028663635254
fedavg,stealthy,0,27,kerm_03,False,21.733675003051758
fedavg,stealthy,0,27,kerm_05,False,27.15093231201172
fedavg,stealthy,0,27,rsna_06,False,21.99833106994629
fedavg,stealthy,0,27,rsna_05,False,23.923885345458984
fedavg,stealthy,0,27,kerm_06,False,27.801185607910156
fedavg,stealthy,0,27,kerm_08,False,31.293493270874023
fedavg,stealthy,0,28,rsna_12,True,24.5411376953125
fedavg,stealthy,0,28,rsna_10,False,22.18716049194336
fedavg,stealthy,0,28,kerm_05,False,25.950016021728516
fedavg,stealthy,0,28,rsna_03,False,26.81993865966797
fedavg,stealthy,0,28,rsna_01,False,32.406036376953125
fedavg,stealthy,0,28,kerm_08,False,27.52971076965332
fedavg,stealthy,0,28,rsna_07,False,20.374460220336914
fedavg,stealthy,0,28,kerm_06,False,31.43173599243164
fedavg,stealthy,0,28,rsna_06,False,22.049549102783203
fedavg,stealthy,0,28,kerm_03,False,23.19829559326172
fedavg,stealthy,0,28,rsna_11,False,21.73902702331543
fedavg,stealthy,0,28,kerm_04,False,23.76645278930664
fedavg,stealthy,0,28,kerm_01,False,23.49274253845215
fedavg,stealthy,0,28,rsna_08,False,20.23935890197754
fedavg,stealthy,0,28,kerm_07,False,34.14413070678711
fedavg,stealthy,0,29,rsna_12,True,24.29974937438965
fedavg,stealthy,0,29,rsna_08,False,20.600534439086914
fedavg,stealthy,0,29,kerm_05,False,20.176931381225586
fedavg,stealthy,0,29,rsna_02,False,30.39336585998535
fedavg,stealthy,0,29,rsna_04,False,35.79403305053711
fedavg,stealthy,0,29,rsna_10,False,26.934362411499023
fedavg,stealthy,0,29,kerm_02,False,27.117847442626953
fedavg,stealthy,0,29,kerm_06,False,25.079118728637695
fedavg,stealthy,0,29,kerm_03,False,24.973052978515625
fedavg,stealthy,0,29,kerm_08,False,31.39605140686035
fedavg,stealthy,0,29,rsna_01,False,30.767858505249023
fedavg,stealthy,0,29,kerm_04,False,17.76239776611328
fedavg,stealthy,0,29,rsna_09,False,25.99795913696289
fedavg,stealthy,0,29,rsna_03,False,27.807048797607422
fedavg,stealthy,0,29,rsna_11,False,21.816072463989258
fedavg,stealthy,0,30,rsna_12,True,24.679601669311523
fedavg,stealthy,0,30,rsna_03,False,22.93829345703125
fedavg,stealthy,0,30,kerm_03,False,27.08223533630371
fedavg,stealthy,0,30,rsna_08,False,19.025619506835938
fedavg,stealthy,0,30,kerm_04,False,25.170228958129883
fedavg,stealthy,0,30,kerm_06,False,23.20998764038086
fedavg,stealthy,0,30,rsna_06,False,20.981298446655273
fedavg,stealthy,0,30,kerm_07,False,29.92290687561035
fedavg,stealthy,0,30,rsna_09,False,17.941877365112305
fedavg,stealthy,0,30,rsna_01,False,29.601329803466797
fedavg,stealthy,0,30,rsna_07,False,21.509157180786133
fedavg,stealthy,0,30,rsna_05,False,24.172462463378906
fedavg,stealthy,0,30,rsna_10,False,21.779680252075195
fedavg,stealthy,0,30,rsna_04,False,21.836217880249023
fedavg,stealthy,0,30,rsna_11,False,19.469989776611328
fedavg,stealthy,1,1,rsna_10,False,22.286256790161133
fedavg,stealthy,1,1,rsna_08,False,22.417938232421875
fedavg,stealthy,1,1,kerm_07,False,22.129972457885742
fedavg,stealthy,1,1,kerm_02,False,22.782339096069336
fedavg,stealthy,1,1,kerm_08,False,22.259235382080078
fedavg,stealthy,1,1,kerm_01,False,22.904762268066406
fedavg,stealthy,1,1,rsna_01,False,23.948833465576172
fedavg,stealthy,1,1,rsna_11,False,22.64103126525879
fedavg,stealthy,1,1,kerm_06,False,22.065250396728516
fedavg,stealthy,1,1,rsna_06,False,22.790077209472656
fedavg,stealthy,1,1,kerm_03,False,22.4008731842041
fedavg,stealthy,1,1,kerm_04,False,22.683717727661133
fedavg,stealthy,1,1,rsna_05,False,22.888978958129883
fedavg,stealthy,1,1,kerm_05,False,22.472726821899414
fedavg,stealthy,1,1,rsna_02,False,22.948577880859375
fedavg,stealthy,1,2,kerm_06,False,17.169103622436523
fedavg,stealthy,1,2,rsna_08,False,18.405353546142578
fedavg,stealthy,1,2,rsna_11,False,17.82498550415039
fedavg,stealthy,1,2,rsna_06,False,18.716785430908203
fedavg,stealthy,1,2,rsna_02,False,20.480199813842773
fedavg,stealthy,1,2,rsna_01,False,20.668291091918945
fedavg,stealthy,1,2,kerm_04,False,16.064558029174805
fedavg,stealthy,1,2,kerm_05,False,16.647750854492188
fedavg,stealthy,1,2,kerm_02,False,16.778942108154297
fedavg,stealthy,1,2,kerm_08,False,16.933088302612305
fedavg,stealthy,1,2,kerm_03,False,16.830659866333008
fedavg,stealthy,1,2,rsna_09,False,18.432369232177734
fedavg,stealthy,1,2,kerm_01,False,16.867950439453125
fedavg,stealthy,1,2,rsna_04,False,19.051851272583008
fedavg,stealthy,1,2,rsna_05,False,18.7064266204834
fedavg,stealthy,1,3,rsna_01,False,20.687543869018555
fedavg,stealthy,1,3,kerm_04,False,20.30594825744629
fedavg,stealthy,1,3,kerm_07,False,18.78464698791504
fedavg,stealthy,1,3,rsna_06,False,18.812959671020508
fedavg,stealthy,1,3,rsna_09,False,18.44025230407715
fedavg,stealthy,1,3,rsna_10,False,18.200197219848633
fedavg,stealthy,1,3,kerm_03,False,18.141843795776367
fedavg,stealthy,1,3,rsna_04,False,19.20029067993164
fedavg,stealthy,1,3,rsna_12,False,18.28529167175293
fedavg,stealthy,1,3,kerm_05,False,18.804101943969727
fedavg,stealthy,1,3,rsna_03,False,21.271516799926758
fedavg,stealthy,1,3,rsna_11,False,18.692790985107422
fedavg,stealthy,1,3,kerm_06,False,17.899951934814453
fedavg,stealthy,1,3,rsna_08,False,18.70186996459961
fedavg,stealthy,1,3,kerm_02,False,16.728792190551758
fedavg,stealthy,1,4,kerm_08,False,20.014381408691406
fedavg,stealthy,1,4,rsna_02,False,23.001012802124023
fedavg,stealthy,1,4,rsna_07,False,19.559606552124023
fedavg,stealthy,1,4,rsna_08,False,19.00385284423828
fedavg,stealthy,1,4,rsna_05,False,20.356504440307617
fedavg,stealthy,1,4,kerm_02,False,17.841960906982422
fedavg,stealthy,1,4,kerm_01,False,18.49623680114746
fedavg,stealthy,1,4,kerm_03,False,17.603008270263672
fedavg,stealthy,1,4,kerm_06,False,18.823543548583984
fedavg,stealthy,1,4,rsna_03,False,21.659006118774414
fedavg,stealthy,1,4,rsna_04,False,20.233755111694336
fedavg,stealthy,1,4,kerm_07,False,19.342269897460938
fedavg,stealthy,1,4,rsna_11,False,17.947715759277344
fedavg,stealthy,1,4,rsna_06,False,19.446746826171875
fedavg,stealthy,1,4,rsna_09,False,18.44034767150879
fedavg,stealthy,1,5,kerm_08,False,19.628103256225586
fedavg,stealthy,1,5,kerm_05,False,18.935977935791016
fedavg,stealthy,1,5,kerm_07,False,22.058874130249023
fedavg,stealthy,1,5,rsna_12,False,19.32253646850586
fedavg,stealthy,1,5,kerm_06,False,19.332426071166992
fedavg,stealthy,1,5,kerm_04,False,20.290407180786133
fedavg,stealthy,1,5,rsna_11,False,18.36235809326172
fedavg,stealthy,1,5,rsna_07,False,18.961524963378906
fedavg,stealthy,1,5,rsna_08,False,19.142004013061523
fedavg,stealthy,1,5,rsna_05,False,18.084869384765625
fedavg,stealthy,1,5,kerm_01,False,17.222667694091797
fedavg,stealthy,1,5,rsna_06,False,18.66423988342285
fedavg,stealthy,1,5,kerm_03,False,17.633338928222656
fedavg,stealthy,1,5,rsna_04,False,21.313961029052734
fedavg,stealthy,1,5,rsna_02,False,22.124540328979492
fedavg,stealthy,1,6,rsna_10,False,18.36912727355957
fedavg,stealthy,1,6,rsna_03,False,24.923391342163086
fedavg,stealthy,1,6,rsna_09,False,20.301755905151367
fedavg,stealthy,1,6,kerm_06,False,18.869821548461914
fedavg,stealthy,1,6,rsna_06,False,20.944448471069336
fedavg,stealthy,1,6,rsna_02,False,24.893585205078125
fedavg,stealthy,1,6,kerm_01,False,19.025829315185547
fedavg,stealthy,1,6,rsna_12,False,20.385696411132812
fedavg,stealthy,1,6,rsna_11,False,18.694730758666992
fedavg,stealthy,1,6,rsna_08,False,19.3913516998291
fedavg,stealthy,1,6,rsna_05,False,19.866531372070312
fedavg,stealthy,1,6,kerm_04,False,16.886070251464844
fedavg,stealthy,1,6,rsna_01,False,23.1491756439209
fedavg,stealthy,1,6,rsna_07,False,20.0120792388916
fedavg,stealthy,1,6,kerm_07,False,18.476316452026367
fedavg,stealthy,1,7,rsna_02,False,20.213531494140625
fedavg,stealthy,1,7,rsna_06,False,18.02499771118164
fedavg,stealthy,1,7,rsna_08,False,18.751264572143555
fedavg,stealthy,1,7,kerm_07,False,21.26857566833496
fedavg,stealthy,1,7,rsna_07,False,19.52299690246582
fedavg,stealthy,1,7,kerm_03,False,19.115957260131836
fedavg,stealthy,1,7,kerm_08,False,23.21938133239746
fedavg,stealthy,1,7,kerm_01,False,18.951507568359375
fedavg,stealthy,1,7,rsna_10,False,18.723237991333008
fedavg,stealthy,1,7,rsna_05,False,19.34584617614746
fedavg,stealthy,1,7,kerm_02,False,18.910367965698242
fedavg,stealthy,1,7,rsna_11,False,20.022335052490234
fedavg,stealthy,1,7,rsna_03,False,21.10809898376465
fedavg,stealthy,1,7,rsna_01,False,20.49432373046875
fedavg,stealthy,1,7,kerm_04,False,20.53814697265625
fedavg,stealthy,1,8,rsna_10,False,21.244022369384766
fedavg,stealthy,1,8,kerm_01,False,19.051671981811523
fedavg,stealthy,1,8,rsna_08,False,18.982511520385742
fedavg,stealthy,1,8,kerm_04,False,18.802995681762695
fedavg,stealthy,1,8,rsna_07,False,19.09996795654297
fedavg,stealthy,1,8,rsna_02,False,26.100570678710938
fedavg,stealthy,1,8,rsna_04,False,23.346195220947266
fedavg,stealthy,1,8,kerm_08,False,22.055864334106445
fedavg,stealthy,1,8,kerm_05,False,21.53478240966797
fedavg,stealthy,1,8,kerm_03,False,17.123882293701172
fedavg,stealthy,1,8,rsna_09,False,21.05470085144043
fedavg,stealthy,1,8,rsna_11,False,18.88947105407715
fedavg,stealthy,1,8,rsna_12,False,22.20876121520996
fedavg,stealthy,1,8,rsna_01,False,23.557077407836914
fedavg,stealthy,1,8,kerm_07,False,20.591054916381836
fedavg,stealthy,1,9,rsna_05,False,20.508041381835938
fedavg,stealthy,1,9,rsna_08,False,21.12964630126953
fedavg,stealthy,1,9,rsna_11,False,19.05769920349121
fedavg,stealthy,1,9,kerm_06,False,19.51811981201172
fedavg,stealthy,1,9,rsna_07,False,20.27008628845215
fedavg,stealthy,1,9,kerm_08,False,20.778169631958008
fedavg,stealthy,1,9,rsna_01,False,23.775135040283203
fedavg,stealthy,1,9,rsna_06,False,21.60002899169922
fedavg,stealthy,1,9,kerm_01,False,24.112825393676758
fedavg,stealthy,1,9,kerm_03,False,17.41537094116211
fedavg,stealthy,1,9,kerm_05,False,17.95294761657715
fedavg,stealthy,1,9,kerm_07,False,23.41811180114746
fedavg,stealthy,1,9,rsna_04,False,24.08086585998535
fedavg,stealthy,1,9,kerm_04,False,17.617765426635742
fedavg,stealthy,1,9,rsna_03,False,28.580554962158203
fedavg,stealthy,1,10,rsna_05,False,20.450576782226562
fedavg,stealthy,1,10,rsna_10,False,22.54755401611328
fedavg,stealthy,1,10,kerm_05,False,19.65990447998047
fedavg,stealthy,1,10,rsna_06,False,20.67416000366211
fedavg,stealthy,1,10,rsna_03,False,21.114891052246094
fedavg,stealthy,1,10,kerm_07,False,24.121803283691406
fedavg,stealthy,1,10,kerm_03,False,18.608680725097656
fedavg,stealthy,1,10,rsna_01,False,23.292016983032227
fedavg,stealthy,1,10,rsna_11,False,18.80549430847168
fedavg,stealthy,1,10,kerm_02,False,18.454343795776367
fedavg,stealthy,1,10,rsna_09,False,19.92377281188965
fedavg,stealthy,1,10,rsna_04,False,21.854690551757812
fedavg,stealthy,1,10,rsna_02,False,22.85889434814453
fedavg,stealthy,1,10,rsna_07,False,18.739057540893555
fedavg,stealthy,1,10,rsna_12,False,20.593050003051758
fedavg,stealthy,1,11,rsna_12,False,22.48946762084961
fedavg,stealthy,1,11,kerm_08,False,23.52805519104004
fedavg,stealthy,1,11,kerm_02,False,19.554201126098633
fedavg,stealthy,1,11,kerm_03,False,18.07809066772461
fedavg,stealthy,1,11,rsna_11,False,18.468189239501953
fedavg,stealthy,1,11,kerm_07,False,23.36306381225586
fedavg,stealthy,1,11,rsna_08,False,18.885217666625977
fedavg,stealthy,1,11,rsna_03,False,23.310348510742188
fedavg,stealthy,1,11,rsna_02,False,23.41698455810547
fedavg,stealthy,1,11,rsna_10,False,23.26313591003418
fedavg,stealthy,1,11,kerm_06,False,23.410791397094727
fedavg,stealthy,1,11,rsna_07,False,22.134151458740234
fedavg,stealthy,1,11,rsna_09,False,20.161466598510742
fedavg,stealthy,1,11,rsna_05,False,20.777976989746094
fedavg,stealthy,1,11,rsna_01,False,21.77060890197754
fedavg,stealthy,1,12,rsna_01,False,24.05695915222168
fedavg,stealthy,1,12,rsna_12,False,21.819927215576172
fedavg,stealthy,1,12,kerm_05,False,22.30735969543457
fedavg,stealthy,1,12,rsna_03,False,23.623868942260742
fedavg,stealthy,1,12,rsna_02,False,23.899709701538086
fedavg,stealthy,1,12,rsna_09,False,25.015989303588867
fedavg,stealthy,1,12,kerm_01,False,21.539735794067383
fedavg,stealthy,1,12,rsna_06,False,18.564809799194336
fedavg,stealthy,1,12,kerm_08,False,21.642776489257812
fedavg,stealthy,1,12,rsna_07,False,17.540733337402344
fedavg,stealthy,1,12,kerm_06,False,21.170181274414062
fedavg,stealthy,1,12,kerm_04,False,18.042030334472656
fedavg,stealthy,1,12,rsna_10,False,18.680450439453125
fedavg,stealthy,1,12,kerm_03,False,19.48088836669922
fedavg,stealthy,1,12,rsna_08,False,19.706926345825195
fedavg,stealthy,1,13,rsna_11,False,19.777355194091797
fedavg,stealthy,1,13,rsna_09,False,22.80101776123047
fedavg,stealthy,1,13,rsna_01,False,26.145828247070312
fedavg,stealthy,1,13,kerm_07,False,24.28639793395996
fedavg,stealthy,1,13,kerm_01,False,29.878965377807617
fedavg,stealthy,1,13,rsna_05,False,30.34872055053711
fedavg,stealthy,1,13,rsna_02,False,23.55342674255371
fedavg,stealthy,1,13,rsna_10,False,22.151275634765625
fedavg,stealthy,1,13,kerm_03,False,18.678922653198242
fedavg,stealthy,1,13,kerm_05,False,18.57517433166504
fedavg,stealthy,1,13,rsna_07,False,21.56547737121582
fedavg,stealthy,1,13,rsna_03,False,25.83057403564453
fedavg,stealthy,1,13,kerm_06,False,21.882307052612305
fedavg,stealthy,1,13,rsna_08,False,20.99961280822754
fedavg,stealthy,1,13,rsna_04,False,25.704696655273438
fedavg,stealthy,1,14,rsna_01,False,28.681629180908203
fedavg,stealthy,1,14,kerm_07,False,26.562801361083984
fedavg,stealthy,1,14,kerm_05,False,25.922046661376953
fedavg,stealthy,1,14,rsna_12,False,21.69215202331543
fedavg,stealthy,1,14,kerm_06,False,23.19753646850586
fedavg,stealthy,1,14,rsna_08,False,20.249996185302734
fedavg,stealthy,1,14,rsna_05,False,20.236984252929688
fedavg,stealthy,1,14,rsna_07,False,17.501239776611328
fedavg,stealthy,1,14,kerm_03,False,18.127792358398438
fedavg,stealthy,1,14,kerm_02,False,19.221025466918945
fedavg,stealthy,1,14,rsna_06,False,21.217971801757812
fedavg,stealthy,1,14,rsna_11,False,21.51264762878418
fedavg,stealthy,1,14,kerm_01,False,22.719900131225586
fedavg,stealthy,1,14,kerm_08,False,25.276599884033203
fedavg,stealthy,1,14,rsna_04,False,22.299230575561523
fedavg,stealthy,1,15,rsna_12,True,28.840539932250977
fedavg,stealthy,1,15,rsna_04,False,22.234272003173828
fedavg,stealthy,1,15,rsna_11,False,20.640628814697266
fedavg,stealthy,1,15,kerm_05,False,19.76287078857422
fedavg,stealthy,1,15,rsna_07,False,30.81562042236328
fedavg,stealthy,1,15,kerm_03,False,24.610042572021484
fedavg,stealthy,1,15,rsna_10,False,25.474699020385742
fedavg,stealthy,1,15,rsna_01,False,26.248401641845703
fedavg,stealthy,1,15,rsna_06,False,23.523887634277344
fedavg,stealthy,1,15,kerm_02,False,20.750293731689453
fedavg,stealthy,1,15,kerm_08,False,24.295686721801758
fedavg,stealthy,1,15,rsna_09,False,22.876834869384766
fedavg,stealthy,1,15,kerm_06,False,20.831716537475586
fedavg,stealthy,1,15,kerm_04,False,19.078350067138672
fedavg,stealthy,1,15,rsna_05,False,25.29634666442871
fedavg,stealthy,1,16,rsna_12,True,24.00832176208496
fedavg,stealthy,1,16,rsna_10,False,21.217557907104492
fedavg,stealthy,1,16,rsna_04,False,33.56108474731445
fedavg,stealthy,1,16,rsna_06,False,21.41051483154297
fedavg,stealthy,1,16,rsna_02,False,28.6467342376709
fedavg,stealthy,1,16,kerm_06,False,23.312042236328125
fedavg,stealthy,1,16,kerm_01,False,40.1523323059082
fedavg,stealthy,1,16,kerm_04,False,21.881662368774414
fedavg,stealthy,1,16,kerm_02,False,28.47968292236328
fedavg,stealthy,1,16,kerm_03,False,18.88207244873047
fedavg,stealthy,1,16,rsna_08,False,19.16938018798828
fedavg,stealthy,1,16,rsna_05,False,28.903701782226562
fedavg,stealthy,1,16,kerm_07,False,27.448543548583984
fedavg,stealthy,1,16,rsna_07,False,26.1778507232666
fedavg,stealthy,1,16,kerm_08,False,27.0091495513916
fedavg,stealthy,1,17,rsna_12,True,23.258895874023438
fedavg,stealthy,1,17,kerm_06,False,23.20199203491211
fedavg,stealthy,1,17,rsna_09,False,20.975366592407227
fedavg,stealthy,1,17,rsna_03,False,26.538589477539062
fedavg,stealthy,1,17,rsna_04,False,28.199007034301758
fedavg,stealthy,1,17,kerm_02,False,21.38429832458496
fedavg,stealthy,1,17,rsna_01,False,26.165149688720703
fedavg,stealthy,1,17,rsna_05,False,25.972558975219727
fedavg,stealthy,1,17,rsna_11,False,19.81948471069336
fedavg,stealthy,1,17,kerm_05,False,21.065332412719727
fedavg,stealthy,1,17,rsna_06,False,22.64036750793457
fedavg,stealthy,1,17,kerm_07,False,28.328529357910156
fedavg,stealthy,1,17,kerm_04,False,23.149045944213867
fedavg,stealthy,1,17,rsna_08,False,20.506113052368164
fedavg,stealthy,1,17,rsna_07,False,19.920211791992188
fedavg,stealthy,1,18,rsna_12,True,27.231233596801758
fedavg,stealthy,1,18,kerm_06,False,23.873369216918945
fedavg,stealthy,1,18,kerm_03,False,26.897558212280273
fedavg,stealthy,1,18,rsna_05,False,22.03264808654785
fedavg,stealthy,1,18,rsna_07,False,24.479549407958984
fedavg,stealthy,1,18,rsna_11,False,21.394775390625
fedavg,stealthy,1,18,rsna_08,False,20.250581741333008
fedavg,stealthy,1,18,kerm_01,False,29.031747817993164
fedavg,stealthy,1,18,rsna_10,False,22.318317413330078
fedavg,stealthy,1,18,rsna_04,False,25.652278900146484
fedavg,stealthy,1,18,rsna_02,False,36.134822845458984
fedavg,stealthy,1,18,rsna_09,False,24.270296096801758
fedavg,stealthy,1,18,kerm_04,False,22.378816604614258
fedavg,stealthy,1,18,rsna_01,False,29.527551651000977
fedavg,stealthy,1,18,kerm_02,False,29.59914779663086
fedavg,stealthy,1,19,rsna_12,True,25.24605941772461
fedavg,stealthy,1,19,rsna_11,False,22.20256805419922
fedavg,stealthy,1,19,kerm_06,False,27.31939697265625
fedavg,stealthy,1,19,kerm_01,False,29.964235305786133
fedavg,stealthy,1,19,kerm_05,False,24.895261764526367
fedavg,stealthy,1,19,rsna_01,False,31.083311080932617
fedavg,stealthy,1,19,kerm_07,False,29.700841903686523
fedavg,stealthy,1,19,rsna_04,False,24.288127899169922
fedavg,stealthy,1,19,kerm_04,False,23.326868057250977
fedavg,stealthy,1,19,rsna_10,False,22.671262741088867
fedavg,stealthy,1,19,kerm_02,False,25.759185791015625
fedavg,stealthy,1,19,kerm_03,False,21.478260040283203
fedavg,stealthy,1,19,rsna_06,False,20.749465942382812
fedavg,stealthy,1,19,rsna_08,False,20.2952938079834
fedavg,stealthy,1,19,rsna_05,False,23.31113052368164
fedavg,stealthy,1,20,rsna_12,True,23.53022003173828
fedavg,stealthy,1,20,kerm_06,False,24.7473201751709
fedavg,stealthy,1,20,rsna_02,False,26.746980667114258
fedavg,stealthy,1,20,rsna_07,False,40.89985275268555
fedavg,stealthy,1,20,kerm_04,False,24.947723388671875
fedavg,stealthy,1,20,rsna_05,False,28.04524803161621
fedavg,stealthy,1,20,kerm_01,False,33.46440887451172
fedavg,stealthy,1,20,rsna_03,False,27.679275512695312
fedavg,stealthy,1,20,kerm_05,False,21.931779861450195
fedavg,stealthy,1,20,rsna_11,False,22.214353561401367
fedavg,stealthy,1,20,kerm_02,False,28.48818016052246
fedavg,stealthy,1,20,rsna_08,False,20.699674606323242
fedavg,stealthy,1,20,kerm_07,False,25.968589782714844
fedavg,stealthy,1,20,rsna_09,False,27.582300186157227
fedavg,stealthy,1,20,rsna_06,False,21.731225967407227
fedavg,stealthy,1,21,rsna_12,True,25.13555335998535
fedavg,stealthy,1,21,rsna_04,False,29.650907516479492
fedavg,stealthy,1,21,rsna_07,False,23.515417098999023
fedavg,stealthy,1,21,kerm_07,False,30.049898147583008
fedavg,stealthy,1,21,kerm_04,False,27.87630844116211
fedavg,stealthy,1,21,kerm_06,False,26.377336502075195
fedavg,stealthy,1,21,rsna_09,False,20.003564834594727
fedavg,stealthy,1,21,rsna_01,False,37.188777923583984
fedavg,stealthy,1,21,kerm_08,False,29.321306228637695
fedavg,stealthy,1,21,rsna_06,False,21.206876754760742
fedavg,stealthy,1,21,kerm_05,False,23.256996154785156
fedavg,stealthy,1,21,rsna_10,False,23.388225555419922
fedavg,stealthy,1,21,rsna_03,False,27.666950225830078
fedavg,stealthy,1,21,kerm_01,False,27.921142578125
fedavg,stealthy,1,21,rsna_08,False,20.035030364990234
fedavg,stealthy,1,22,rsna_12,True,23.274770736694336
fedavg,stealthy,1,22,kerm_02,False,39.395530700683594
fedavg,stealthy,1,22,rsna_05,False,24.76016616821289
fedavg,stealthy,1,22,kerm_03,False,25.881961822509766
fedavg,stealthy,1,22,kerm_05,False,22.19719123840332
fedavg,stealthy,1,22,kerm_08,False,27.243581771850586
fedavg,stealthy,1,22,rsna_10,False,20.335359573364258
fedavg,stealthy,1,22,rsna_06,False,24.28392791748047
fedavg,stealthy,1,22,kerm_06,False,26.064851760864258
fedavg,stealthy,1,22,kerm_01,False,23.257001876831055
fedavg,stealthy,1,22,rsna_07,False,19.83446502685547
fedavg,stealthy,1,22,kerm_07,False,29.64051628112793
fedavg,stealthy,1,22,kerm_04,False,22.66330909729004
fedavg,stealthy,1,22,rsna_01,False,40.70563888549805
fedavg,stealthy,1,22,rsna_02,False,27.900264739990234
fedavg,stealthy,1,23,rsna_12,True,21.928142547607422
fedavg,stealthy,1,23,rsna_07,False,22.35418128967285
fedavg,stealthy,1,23,rsna_09,False,19.861526489257812
fedavg,stealthy,1,23,rsna_01,False,40.240692138671875
fedavg,stealthy,1,23,kerm_07,False,29.382612228393555
fedavg,stealthy,1,23,kerm_03,False,20.91408348083496
fedavg,stealthy,1,23,rsna_02,False,30.08844757080078
fedavg,stealthy,1,23,kerm_08,False,31.386629104614258
fedavg,stealthy,1,23,rsna_05,False,23.185317993164062
fedavg,stealthy,1,23,kerm_04,False,19.458337783813477
fedavg,stealthy,1,23,rsna_04,False,25.005163192749023
fedavg,stealthy,1,23,rsna_10,False,22.284696578979492
fedavg,stealthy,1,23,rsna_11,False,24.354942321777344
fedavg,stealthy,1,23,kerm_06,False,22.601856231689453
fedavg,stealthy,1,23,kerm_05,False,20.90384292602539
fedavg,stealthy,1,24,rsna_12,True,28.498323440551758
fedavg,stealthy,1,24,rsna_03,False,26.463388442993164
fedavg,stealthy,1,24,kerm_03,False,26.994029998779297
fedavg,stealthy,1,24,rsna_01,False,35.16808319091797
fedavg,stealthy,1,24,rsna_04,False,25.777393341064453
fedavg,stealthy,1,24,rsna_08,False,19.946048736572266
fedavg,stealthy,1,24,rsna_10,False,23.252805709838867
fedavg,stealthy,1,24,kerm_05,False,26.411584854125977
fedavg,stealthy,1,24,rsna_09,False,24.808847427368164
fedavg,stealthy,1,24,kerm_04,False,22.481983184814453
fedavg,stealthy,1,24,kerm_02,False,44.30678176879883
fedavg,stealthy,1,24,kerm_01,False,33.4648551940918
fedavg,stealthy,1,24,rsna_07,False,37.92391586303711
fedavg,stealthy,1,24,kerm_07,False,28.92849349975586
fedavg,stealthy,1,24,rsna_06,False,22.260080337524414
fedavg,stealthy,1,25,rsna_12,True,22.857318878173828
fedavg,stealthy,1,25,rsna_08,False,23.10107421875
fedavg,stealthy,1,25,kerm_04,False,25.15459442138672
fedavg,stealthy,1,25,kerm_05,False,23.673816680908203
fedavg,stealthy,1,25,rsna_06,False,22.108118057250977
fedavg,stealthy,1,25,rsna_09,False,34.22882080078125
fedavg,stealthy,1,25,kerm_03,False,23.53089714050293
fedavg,stealthy,1,25,kerm_06,False,25.345548629760742
fedavg,stealthy,1,25,rsna_05,False,30.77543067932129
fedavg,stealthy,1,25,rsna_07,False,21.32071876525879
fedavg,stealthy,1,25,rsna_01,False,37.88331985473633
fedavg,stealthy,1,25,rsna_02,False,29.9552059173584
fedavg,stealthy,1,25,kerm_08,False,30.585107803344727
fedavg,stealthy,1,25,rsna_04,False,32.21834182739258
fedavg,stealthy,1,25,kerm_02,False,24.202096939086914
fedavg,stealthy,1,26,rsna_12,True,27.453582763671875
fedavg,stealthy,1,26,rsna_10,False,23.373586654663086
fedavg,stealthy,1,26,rsna_03,False,40.49742889404297
fedavg,stealthy,1,26,rsna_07,False,20.090614318847656
fedavg,stealthy,1,26,kerm_07,False,34.630645751953125
fedavg,stealthy,1,26,kerm_02,False,26.061227798461914
fedavg,stealthy,1,26,kerm_04,False,25.396909713745117
fedavg,stealthy,1,26,rsna_05,False,36.29378128051758
fedavg,stealthy,1,26,rsna_01,False,40.58330154418945
fedavg,stealthy,1,26,rsna_08,False,19.524850845336914
fedavg,stealthy,1,26,rsna_06,False,21.269807815551758
fedavg,stealthy,1,26,kerm_03,False,19.942867279052734
fedavg,stealthy,1,26,kerm_06,False,30.201492309570312
fedavg,stealthy,1,26,kerm_05,False,26.03563117980957
fedavg,stealthy,1,26,rsna_04,False,52.57958984375
fedavg,stealthy,1,27,rsna_12,True,24.107070922851562
fedavg,stealthy,1,27,kerm_07,False,30.201990127563477
fedavg,stealthy,1,27,rsna_08,False,24.54435920715332
fedavg,stealthy,1,27,kerm_03,False,34.06235122680664
fedavg,stealthy,1,27,rsna_06,False,23.044668197631836
fedavg,stealthy,1,27,kerm_06,False,36.39430618286133
fedavg,stealthy,1,27,rsna_03,False,44.71464157104492
fedavg,stealthy,1,27,rsna_10,False,29.69808578491211
fedavg,stealthy,1,27,kerm_02,False,28.296287536621094
fedavg,stealthy,1,27,rsna_02,False,32.594825744628906
fedavg,stealthy,1,27,rsna_07,False,22.718488693237305
fedavg,stealthy,1,27,rsna_01,False,32.84229278564453
fedavg,stealthy,1,27,kerm_05,False,28.68004035949707
fedavg,stealthy,1,27,kerm_04,False,28.309078216552734
fedavg,stealthy,1,27,rsna_05,False,24.063901901245117
fedavg,stealthy,1,28,rsna_12,True,27.070226669311523
fedavg,stealthy,1,28,kerm_08,False,31.605789184570312
fedavg,stealthy,1,28,rsna_08,False,20.845096588134766
fedavg,stealthy,1,28,rsna_10,False,21.633541107177734
fedavg,stealthy,1,28,kerm_04,False,22.88201332092285
fedavg,stealthy,1,28,rsna_03,False,35.936641693115234
fedavg,stealthy,1,28,kerm_05,False,24.854833602905273
fedavg,stealthy,1,28,rsna_09,False,22.23961639404297
fedavg,stealthy,1,28,kerm_07,False,32.919769287109375
fedavg,stealthy,1,28,rsna_06,False,23.812837600708008
fedavg,stealthy,1,28,rsna_05,False,24.534374237060547
fedavg,stealthy,1,28,rsna_01,False,30.42262840270996
fedavg,stealthy,1,28,rsna_02,False,37.00300216674805
fedavg,stealthy,1,28,kerm_01,False,36.657615661621094
fedavg,stealthy,1,28,rsna_04,False,25.459699630737305
fedavg,stealthy,1,29,rsna_12,True,22.039657592773438
fedavg,stealthy,1,29,rsna_10,False,21.758373260498047
fedavg,stealthy,1,29,kerm_06,False,26.800966262817383
fedavg,stealthy,1,29,kerm_07,False,29.460519790649414
fedavg,stealthy,1,29,rsna_09,False,32.48716354370117
fedavg,stealthy,1,29,kerm_03,False,19.728605270385742
fedavg,stealthy,1,29,kerm_05,False,22.743528366088867
fedavg,stealthy,1,29,rsna_02,False,31.1241512298584
fedavg,stealthy,1,29,kerm_08,False,36.55591583251953
fedavg,stealthy,1,29,kerm_02,False,33.01005172729492
fedavg,stealthy,1,29,rsna_05,False,27.941072463989258
fedavg,stealthy,1,29,rsna_08,False,23.289283752441406
fedavg,stealthy,1,29,kerm_04,False,24.780656814575195
fedavg,stealthy,1,29,rsna_01,False,41.81085968017578
fedavg,stealthy,1,29,rsna_07,False,22.06967544555664
fedavg,stealthy,1,30,rsna_12,True,24.635921478271484
fedavg,stealthy,1,30,rsna_07,False,25.3188419342041
fedavg,stealthy,1,30,rsna_01,False,35.9129638671875
fedavg,stealthy,1,30,rsna_11,False,23.27268409729004
fedavg,stealthy,1,30,kerm_04,False,27.008987426757812
fedavg,stealthy,1,30,kerm_03,False,20.229888916015625
fedavg,stealthy,1,30,rsna_08,False,23.863542556762695
fedavg,stealthy,1,30,rsna_03,False,41.19350051879883
fedavg,stealthy,1,30,kerm_07,False,32.500057220458984
fedavg,stealthy,1,30,rsna_05,False,33.70984649658203
fedavg,stealthy,1,30,rsna_09,False,20.13136863708496
fedavg,stealthy,1,30,kerm_05,False,23.868038177490234
fedavg,stealthy,1,30,kerm_02,False,34.63399887084961
fedavg,stealthy,1,30,kerm_06,False,32.45254135131836
fedavg,stealthy,1,30,rsna_06,False,31.435199737548828
fedavg,stealthy,2,1,rsna_12,False,22.139175415039062
fedavg,stealthy,2,1,rsna_04,False,23.874530792236328
fedavg,stealthy,2,1,rsna_02,False,23.05154800415039
fedavg,stealthy,2,1,rsna_06,False,22.736560821533203
fedavg,stealthy,2,1,rsna_08,False,22.454483032226562
fedavg,stealthy,2,1,kerm_05,False,22.386234283447266
fedavg,stealthy,2,1,kerm_02,False,22.47532081604004
fedavg,stealthy,2,1,rsna_09,False,22.467451095581055
fedavg,stealthy,2,1,rsna_01,False,23.07308578491211
fedavg,stealthy,2,1,rsna_10,False,22.07541275024414
fedavg,stealthy,2,1,kerm_04,False,22.725933074951172
fedavg,stealthy,2,1,kerm_01,False,22.449079513549805
fedavg,stealthy,2,1,kerm_03,False,23.12044906616211
fedavg,stealthy,2,1,rsna_05,False,22.69552993774414
fedavg,stealthy,2,1,kerm_06,False,22.241167068481445
fedavg,stealthy,2,2,rsna_04,False,19.08665657043457
fedavg,stealthy,2,2,kerm_03,False,18.133968353271484
fedavg,stealthy,2,2,rsna_11,False,21.898452758789062
fedavg,stealthy,2,2,rsna_02,False,19.802793502807617
fedavg,stealthy,2,2,rsna_03,False,18.72076988220215
fedavg,stealthy,2,2,kerm_06,False,17.65349578857422
fedavg,stealthy,2,2,kerm_02,False,16.964126586914062
fedavg,stealthy,2,2,kerm_05,False,16.936002731323242
fedavg,stealthy,2,2,rsna_06,False,18.08642578125
fedavg,stealthy,2,2,rsna_01,False,21.478939056396484
fedavg,stealthy,2,2,rsna_12,False,17.1960506439209
fedavg,stealthy,2,2,kerm_01,False,16.970794677734375
fedavg,stealthy,2,2,rsna_09,False,18.027774810791016
fedavg,stealthy,2,2,kerm_07,False,17.332191467285156
fedavg,stealthy,2,2,rsna_08,False,17.93503189086914
fedavg,stealthy,2,3,kerm_01,False,16.74732208251953
fedavg,stealthy,2,3,kerm_05,False,19.36069679260254
fedavg,stealthy,2,3,rsna_03,False,21.3365421295166
fedavg,stealthy,2,3,kerm_03,False,18.086252212524414
fedavg,stealthy,2,3,rsna_10,False,18.60281753540039
fedavg,stealthy,2,3,rsna_11,False,19.28746223449707
fedavg,stealthy,2,3,kerm_07,False,18.857227325439453
fedavg,stealthy,2,3,rsna_06,False,17.993080139160156
fedavg,stealthy,2,3,kerm_02,False,17.19607162475586
fedavg,stealthy,2,3,kerm_08,False,18.771886825561523
fedavg,stealthy,2,3,rsna_05,False,18.903127670288086
fedavg,stealthy,2,3,rsna_02,False,18.81623649597168
fedavg,stealthy,2,3,rsna_04,False,19.008317947387695
fedavg,stealthy,2,3,rsna_08,False,18.182165145874023
fedavg,stealthy,2,3,rsna_01,False,18.918270111083984
fedavg,stealthy,2,4,rsna_02,False,21.399564743041992
fedavg,stealthy,2,4,kerm_01,False,16.644554138183594
fedavg,stealthy,2,4,kerm_03,False,18.873558044433594
fedavg,stealthy,2,4,kerm_06,False,18.39196014404297
fedavg,stealthy,2,4,rsna_05,False,21.177623748779297
fedavg,stealthy,2,4,rsna_03,False,22.43862533569336
fedavg,stealthy,2,4,kerm_04,False,23.545652389526367
fedavg,stealthy,2,4,rsna_07,False,18.826292037963867
fedavg,stealthy,2,4,rsna_09,False,18.93013572692871
fedavg,stealthy,2,4,rsna_12,False,19.37949562072754
fedavg,stealthy,2,4,rsna_10,False,18.15558433532715
fedavg,stealthy,2,4,kerm_02,False,17.815847396850586
fedavg,stealthy,2,4,rsna_01,False,23.50210952758789
fedavg,stealthy,2,4,kerm_07,False,21.801733016967773
fedavg,stealthy,2,4,rsna_06,False,18.27071762084961
fedavg,stealthy,2,5,kerm_05,False,19.803752899169922
fedavg,stealthy,2,5,rsna_07,False,18.469154357910156
fedavg,stealthy,2,5,kerm_06,False,19.151905059814453
fedavg,stealthy,2,5,rsna_12,False,20.904693603515625
fedavg,stealthy,2,5,kerm_08,False,19.795812606811523
fedavg,stealthy,2,5,rsna_09,False,17.36500358581543
fedavg,stealthy,2,5,rsna_05,False,18.557483673095703
fedavg,stealthy,2,5,rsna_04,False,20.12327003479004
fedavg,stealthy,2,5,rsna_08,False,19.48042869567871
fedavg,stealthy,2,5,kerm_01,False,17.39610481262207
fedavg,stealthy,2,5,rsna_02,False,21.58546257019043
fedavg,stealthy,2,5,kerm_02,False,17.286046981811523
fedavg,stealthy,2,5,kerm_03,False,17.86026954650879
fedavg,stealthy,2,5,rsna_03,False,21.557748794555664
fedavg,stealthy,2,5,rsna_10,False,18.84339141845703
fedavg,stealthy,2,6,rsna_06,False,19.31273078918457
fedavg,stealthy,2,6,kerm_07,False,19.363418579101562
fedavg,stealthy,2,6,kerm_02,False,16.78588104248047
fedavg,stealthy,2,6,rsna_12,False,18.816343307495117
fedavg,stealthy,2,6,rsna_10,False,18.921781539916992
fedavg,stealthy,2,6,rsna_05,False,20.056245803833008
fedavg,stealthy,2,6,rsna_11,False,20.33453941345215
fedavg,stealthy,2,6,rsna_04,False,20.68879508972168
fedavg,stealthy,2,6,kerm_08,False,23.51749038696289
fedavg,stealthy,2,6,rsna_07,False,18.40359115600586
fedavg,stealthy,2,6,kerm_03,False,17.729829788208008
fedavg,stealthy,2,6,rsna_01,False,23.254592895507812
fedavg,stealthy,2,6,kerm_04,False,23.134235382080078
fedavg,stealthy,2,6,kerm_05,False,21.168140411376953
fedavg,stealthy,2,6,kerm_01,False,19.269548416137695
fedavg,stealthy,2,7,rsna_06,False,20.87637710571289
fedavg,stealthy,2,7,kerm_05,False,20.64719581604004
fedavg,stealthy,2,7,rsna_10,False,19.704713821411133
fedavg,stealthy,2,7,kerm_01,False,17.348743438720703
fedavg,stealthy,2,7,rsna_05,False,19.568161010742188
fedavg,stealthy,2,7,rsna_08,False,19.11995506286621
fedavg,stealthy,2,7,kerm_06,False,18.68474006652832
fedavg,stealthy,2,7,rsna_09,False,19.95294189453125
fedavg,stealthy,2,7,kerm_04,False,21.18695640563965
fedavg,stealthy,2,7,kerm_07,False,19.053752899169922
fedavg,stealthy,2,7,rsna_12,False,19.07080841064453
fedavg,stealthy,2,7,rsna_07,False,19.206544876098633
fedavg,stealthy,2,7,rsna_01,False,23.610820770263672
fedavg,stealthy,2,7,rsna_11,False,18.48946189880371
fedavg,stealthy,2,7,rsna_03,False,22.90966796875
fedavg,stealthy,2,8,rsna_03,False,23.646089553833008
fedavg,stealthy,2,8,rsna_11,False,17.888948440551758
fedavg,stealthy,2,8,kerm_05,False,20.918684005737305
fedavg,stealthy,2,8,rsna_05,False,20.230737686157227
fedavg,stealthy,2,8,kerm_08,False,22.24663734436035
fedavg,stealthy,2,8,kerm_03,False,19.696788787841797
fedavg,stealthy,2,8,kerm_04,False,18.843059539794922
fedavg,stealthy,2,8,kerm_01,False,19.109149932861328
fedavg,stealthy,2,8,rsna_04,False,21.468698501586914
fedavg,stealthy,2,8,kerm_07,False,29.851776123046875
fedavg,stealthy,2,8,rsna_07,False,17.502119064331055
fedavg,stealthy,2,8,kerm_02,False,18.781042098999023
fedavg,stealthy,2,8,rsna_06,False,20.94535255432129
fedavg,stealthy,2,8,rsna_08,False,18.538509368896484
fedavg,stealthy,2,8,rsna_12,False,18.405384063720703
fedavg,stealthy,2,9,kerm_02,False,16.566137313842773
fedavg,stealthy,2,9,kerm_03,False,18.782766342163086
fedavg,stealthy,2,9,kerm_08,False,20.11747932434082
fedavg,stealthy,2,9,kerm_06,False,20.554319381713867
fedavg,stealthy,2,9,rsna_10,False,18.671634674072266
fedavg,stealthy,2,9,rsna_07,False,21.157676696777344
fedavg,stealthy,2,9,kerm_01,False,19.602218627929688
fedavg,stealthy,2,9,rsna_02,False,24.51438331604004
fedavg,stealthy,2,9,kerm_05,False,18.7880859375
fedavg,stealthy,2,9,rsna_08,False,20.180124282836914
fedavg,stealthy,2,9,rsna_06,False,20.772808074951172
fedavg,stealthy,2,9,rsna_04,False,23.719146728515625
fedavg,stealthy,2,9,rsna_12,False,17.650636672973633
fedavg,stealthy,2,9,rsna_05,False,19.991558074951172
fedavg,stealthy,2,9,rsna_03,False,22.260486602783203
fedavg,stealthy,2,10,kerm_02,False,16.157642364501953
fedavg,stealthy,2,10,rsna_04,False,20.481393814086914
fedavg,stealthy,2,10,rsna_07,False,17.592191696166992
fedavg,stealthy,2,10,kerm_05,False,21.425312042236328
fedavg,stealthy,2,10,rsna_02,False,22.65372085571289
fedavg,stealthy,2,10,rsna_06,False,19.210664749145508
fedavg,stealthy,2,10,rsna_10,False,19.40638542175293
fedavg,stealthy,2,10,kerm_06,False,18.913230895996094
fedavg,stealthy,2,10,rsna_08,False,18.391599655151367
fedavg,stealthy,2,10,kerm_03,False,19.32318878173828
fedavg,stealthy,2,10,rsna_01,False,24.82594871520996
fedavg,stealthy,2,10,kerm_01,False,18.368152618408203
fedavg,stealthy,2,10,rsna_11,False,19.168468475341797
fedavg,stealthy,2,10,kerm_04,False,19.274505615234375
fedavg,stealthy,2,10,rsna_05,False,20.192811965942383
fedavg,stealthy,2,11,rsna_01,False,23.625015258789062
fedavg,stealthy,2,11,rsna_11,False,19.625865936279297
fedavg,stealthy,2,11,kerm_02,False,18.608802795410156
fedavg,stealthy,2,11,rsna_09,False,19.76095199584961
fedavg,stealthy,2,11,kerm_08,False,31.73656463623047
fedavg,stealthy,2,11,rsna_08,False,19.871768951416016
fedavg,stealthy,2,11,kerm_05,False,31.570066452026367
fedavg,stealthy,2,11,rsna_02,False,23.034557342529297
fedavg,stealthy,2,11,kerm_03,False,20.78181266784668
fedavg,stealthy,2,11,kerm_07,False,20.477380752563477
fedavg,stealthy,2,11,rsna_05,False,19.27501678466797
fedavg,stealthy,2,11,rsna_04,False,21.011035919189453
fedavg,stealthy,2,11,kerm_06,False,21.21135711669922
fedavg,stealthy,2,11,rsna_06,False,18.506675720214844
fedavg,stealthy,2,11,rsna_07,False,20.278718948364258
fedavg,stealthy,2,12,kerm_05,False,18.893722534179688
fedavg,stealthy,2,12,kerm_07,False,20.384010314941406
fedavg,stealthy,2,12,kerm_02,False,18.096111297607422
fedavg,stealthy,2,12,rsna_09,False,17.980632781982422
fedavg,stealthy,2,12,rsna_03,False,27.337970733642578
fedavg,stealthy,2,12,rsna_04,False,23.142105102539062
fedavg,stealthy,2,12,rsna_10,False,21.542470932006836
fedavg,stealthy,2,12,rsna_07,False,18.9879150390625
fedavg,stealthy,2,12,rsna_12,False,18.4707088470459
fedavg,stealthy,2,12,kerm_08,False,20.65276336669922
fedavg,stealthy,2,12,kerm_06,False,27.46701431274414
fedavg,stealthy,2,12,kerm_01,False,24.942806243896484
fedavg,stealthy,2,12,rsna_02,False,30.020233154296875
fedavg,stealthy,2,12,rsna_08,False,18.747539520263672
fedavg,stealthy,2,12,kerm_03,False,18.03313446044922
fedavg,stealthy,2,13,rsna_01,False,28.960498809814453
fedavg,stealthy,2,13,rsna_07,False,20.12347412109375
fedavg,stealthy,2,13,rsna_06,False,22.027175903320312
fedavg,stealthy,2,13,rsna_12,False,19.726804733276367
fedavg,stealthy,2,13,rsna_02,False,22.611797332763672
fedavg,stealthy,2,13,rsna_08,False,18.439172744750977
fedavg,stealthy,2,13,kerm_06,False,19.34701919555664
fedavg,stealthy,2,13,rsna_04,False,22.417978286743164
fedavg,stealthy,2,13,kerm_01,False,20.122589111328125
fedavg,stealthy,2,13,kerm_05,False,19.02964210510254
fedavg,stealthy,2,13,kerm_08,False,21.581289291381836
fedavg,stealthy,2,13,kerm_02,False,20.827367782592773
fedavg,stealthy,2,13,kerm_07,False,19.96992301940918
fedavg,stealthy,2,13,rsna_09,False,19.55713653564453
fedavg,stealthy,2,13,rsna_11,False,19.37371826171875
fedavg,stealthy,2,14,kerm_04,False,20.49802017211914
fedavg,stealthy,2,14,rsna_05,False,21.082473754882812
fedavg,stealthy,2,14,kerm_02,False,18.225948333740234
fedavg,stealthy,2,14,kerm_03,False,18.055561065673828
fedavg,stealthy,2,14,rsna_02,False,28.47736930847168
fedavg,stealthy,2,14,rsna_08,False,20.357519149780273
fedavg,stealthy,2,14,rsna_09,False,18.725980758666992
fedavg,stealthy,2,14,rsna_01,False,28.688446044921875
fedavg,stealthy,2,14,kerm_07,False,20.511220932006836
fedavg,stealthy,2,14,kerm_06,False,20.291366577148438
fedavg,stealthy,2,14,rsna_03,False,20.941184997558594
fedavg,stealthy,2,14,rsna_06,False,19.17832374572754
fedavg,stealthy,2,14,rsna_12,False,20.74933624267578
fedavg,stealthy,2,14,kerm_05,False,23.889543533325195
fedavg,stealthy,2,14,rsna_07,False,18.60846519470215
fedavg,stealthy,2,15,rsna_12,True,22.840112686157227
fedavg,stealthy,2,15,rsna_02,False,22.7557373046875
fedavg,stealthy,2,15,kerm_08,False,23.414724349975586
fedavg,stealthy,2,15,rsna_03,False,21.44700813293457
fedavg,stealthy,2,15,rsna_07,False,20.051355361938477
fedavg,stealthy,2,15,kerm_03,False,25.03098487854004
fedavg,stealthy,2,15,rsna_06,False,22.0263729095459
fedavg,stealthy,2,15,kerm_06,False,21.475805282592773
fedavg,stealthy,2,15,rsna_05,False,23.35628318786621
fedavg,stealthy,2,15,rsna_04,False,24.247549057006836
fedavg,stealthy,2,15,rsna_09,False,17.753835678100586
fedavg,stealthy,2,15,rsna_11,False,23.95816421508789
fedavg,stealthy,2,15,kerm_04,False,21.879379272460938
fedavg,stealthy,2,15,rsna_10,False,18.862838745117188
fedavg,stealthy,2,15,kerm_02,False,19.217166900634766
fedavg,stealthy,2,16,rsna_12,True,21.90232276916504
fedavg,stealthy,2,16,kerm_02,False,22.878795623779297
fedavg,stealthy,2,16,rsna_04,False,23.23404884338379
fedavg,stealthy,2,16,rsna_10,False,19.580354690551758
fedavg,stealthy,2,16,kerm_06,False,21.119626998901367
fedavg,stealthy,2,16,kerm_03,False,21.849363327026367
fedavg,stealthy,2,16,kerm_05,False,20.5875186920166
fedavg,stealthy,2,16,kerm_07,False,22.874549865722656
fedavg,stealthy,2,16,rsna_02,False,30.17388916015625
fedavg,stealthy,2,16,rsna_05,False,25.27515411376953
fedavg,stealthy,2,16,kerm_08,False,23.27901840209961
fedavg,stealthy,2,16,rsna_01,False,23.976993560791016
fedavg,stealthy,2,16,rsna_06,False,24.50473976135254
fedavg,stealthy,2,16,rsna_08,False,19.27779769897461
fedavg,stealthy,2,16,rsna_09,False,20.381927490234375
fedavg,stealthy,2,17,rsna_12,True,21.55889129638672
fedavg,stealthy,2,17,rsna_06,False,22.371591567993164
fedavg,stealthy,2,17,rsna_02,False,27.543319702148438
fedavg,stealthy,2,17,kerm_07,False,24.91275978088379
fedavg,stealthy,2,17,kerm_02,False,20.74469566345215
fedavg,stealthy,2,17,rsna_05,False,21.678369522094727
fedavg,stealthy,2,17,rsna_08,False,19.27939224243164
fedavg,stealthy,2,17,kerm_08,False,22.41375160217285
fedavg,stealthy,2,17,rsna_03,False,27.017005920410156
fedavg,stealthy,2,17,kerm_05,False,20.59821891784668
fedavg,stealthy,2,17,rsna_07,False,21.190322875976562
fedavg,stealthy,2,17,kerm_01,False,21.86099624633789
fedavg,stealthy,2,17,rsna_04,False,21.50920867919922
fedavg,stealthy,2,17,kerm_04,False,28.622201919555664
fedavg,stealthy,2,17,kerm_03,False,23.486953735351562
fedavg,stealthy,2,18,rsna_12,True,28.540407180786133
fedavg,stealthy,2,18,rsna_10,False,26.516382217407227
fedavg,stealthy,2,18,rsna_04,False,20.82942771911621
fedavg,stealthy,2,18,kerm_04,False,20.539997100830078
fedavg,stealthy,2,18,rsna_03,False,23.747610092163086
fedavg,stealthy,2,18,rsna_11,False,20.464902877807617
fedavg,stealthy,2,18,kerm_02,False,19.990053176879883
fedavg,stealthy,2,18,rsna_02,False,24.493661880493164
fedavg,stealthy,2,18,rsna_07,False,20.73287010192871
fedavg,stealthy,2,18,rsna_09,False,21.645034790039062
fedavg,stealthy,2,18,rsna_06,False,24.38204574584961
fedavg,stealthy,2,18,rsna_05,False,18.99662208557129
fedavg,stealthy,2,18,kerm_03,False,20.232336044311523
fedavg,stealthy,2,18,kerm_05,False,18.49553680419922
fedavg,stealthy,2,18,kerm_08,False,23.83585548400879
fedavg,stealthy,2,19,rsna_12,True,21.728307723999023
fedavg,stealthy,2,19,rsna_05,False,20.714078903198242
fedavg,stealthy,2,19,kerm_04,False,31.324743270874023
fedavg,stealthy,2,19,rsna_08,False,17.40781021118164
fedavg,stealthy,2,19,kerm_06,False,22.055166244506836
fedavg,stealthy,2,19,rsna_09,False,19.474430084228516
fedavg,stealthy,2,19,rsna_11,False,26.595748901367188
fedavg,stealthy,2,19,kerm_05,False,19.663259506225586
fedavg,stealthy,2,19,rsna_02,False,21.445140838623047
fedavg,stealthy,2,19,kerm_03,False,25.64586067199707
fedavg,stealthy,2,19,rsna_07,False,19.64309310913086
fedavg,stealthy,2,19,kerm_01,False,27.044994354248047
fedavg,stealthy,2,19,rsna_03,False,21.633718490600586
fedavg,stealthy,2,19,rsna_01,False,23.703420639038086
fedavg,stealthy,2,19,rsna_06,False,23.417654037475586
fedavg,stealthy,2,20,rsna_12,True,21.777103424072266
fedavg,stealthy,2,20,rsna_07,False,21.243392944335938
fedavg,stealthy,2,20,rsna_09,False,19.882675170898438
fedavg,stealthy,2,20,rsna_04,False,20.857879638671875
fedavg,stealthy,2,20,rsna_11,False,25.040752410888672
fedavg,stealthy,2,20,kerm_01,False,20.846437454223633
fedavg,stealthy,2,20,rsna_10,False,22.8692684173584
fedavg,stealthy,2,20,kerm_05,False,22.338958740234375
fedavg,stealthy,2,20,kerm_04,False,22.5135440826416
fedavg,stealthy,2,20,kerm_03,False,20.606935501098633
fedavg,stealthy,2,20,rsna_06,False,22.098283767700195
fedavg,stealthy,2,20,kerm_08,False,26.433156967163086
fedavg,stealthy,2,20,rsna_01,False,24.68207550048828
fedavg,stealthy,2,20,rsna_03,False,25.300487518310547
fedavg,stealthy,2,20,rsna_05,False,18.276430130004883
fedavg,stealthy,2,21,rsna_12,True,21.967105865478516
fedavg,stealthy,2,21,rsna_09,False,20.50130844116211
fedavg,stealthy,2,21,kerm_02,False,26.258914947509766
fedavg,stealthy,2,21,rsna_01,False,24.507526397705078
fedavg,stealthy,2,21,kerm_03,False,23.399961471557617
fedavg,stealthy,2,21,kerm_01,False,34.12027359008789
fedavg,stealthy,2,21,kerm_06,False,48.13654327392578
fedavg,stealthy,2,21,rsna_08,False,18.615550994873047
fedavg,stealthy,2,21,kerm_04,False,26.971763610839844
fedavg,stealthy,2,21,kerm_05,False,18.58120346069336
fedavg,stealthy,2,21,rsna_03,False,23.601764678955078
fedavg,stealthy,2,21,rsna_05,False,22.59209442138672
fedavg,stealthy,2,21,rsna_10,False,19.25603675842285
fedavg,stealthy,2,21,rsna_02,False,23.660140991210938
fedavg,stealthy,2,21,rsna_11,False,20.750694274902344
fedavg,stealthy,2,22,rsna_12,True,24.2271671295166
fedavg,stealthy,2,22,kerm_03,False,23.28968620300293
fedavg,stealthy,2,22,rsna_07,False,21.77653694152832
fedavg,stealthy,2,22,kerm_06,False,36.7157096862793
fedavg,stealthy,2,22,kerm_04,False,19.260581970214844
fedavg,stealthy,2,22,kerm_01,False,23.812482833862305
fedavg,stealthy,2,22,rsna_08,False,21.486351013183594
fedavg,stealthy,2,22,kerm_05,False,19.39942741394043
fedavg,stealthy,2,22,rsna_03,False,23.118305206298828
fedavg,stealthy,2,22,kerm_07,False,25.535324096679688
fedavg,stealthy,2,22,rsna_02,False,24.249431610107422
fedavg,stealthy,2,22,rsna_04,False,21.810571670532227
fedavg,stealthy,2,22,rsna_11,False,19.036651611328125
fedavg,stealthy,2,22,rsna_09,False,20.202320098876953
fedavg,stealthy,2,22,rsna_10,False,22.634021759033203
fedavg,stealthy,2,23,rsna_12,True,23.282352447509766
fedavg,stealthy,2,23,rsna_01,False,26.834453582763672
fedavg,stealthy,2,23,kerm_05,False,23.57952880859375
fedavg,stealthy,2,23,rsna_11,False,25.536453247070312
fedavg,stealthy,2,23,rsna_02,False,35.331642150878906
fedavg,stealthy,2,23,kerm_04,False,18.599586486816406
fedavg,stealthy,2,23,kerm_03,False,23.49479866027832
fedavg,stealthy,2,23,rsna_06,False,27.92973518371582
fedavg,stealthy,2,23,kerm_06,False,20.219623565673828
fedavg,stealthy,2,23,rsna_05,False,23.932897567749023
fedavg,stealthy,2,23,rsna_07,False,18.794052124023438
fedavg,stealthy,2,23,rsna_04,False,30.527080535888672
fedavg,stealthy,2,23,kerm_07,False,23.494543075561523
fedavg,stealthy,2,23,rsna_08,False,19.198991775512695
fedavg,stealthy,2,23,rsna_03,False,24.090267181396484
fedavg,stealthy,2,24,rsna_12,True,22.707141876220703
fedavg,stealthy,2,24,kerm_04,False,23.604896545410156
fedavg,stealthy,2,24,rsna_08,False,22.985876083374023
fedavg,stealthy,2,24,rsna_09,False,25.867517471313477
fedavg,stealthy,2,24,rsna_01,False,26.278234481811523
fedavg,stealthy,2,24,kerm_01,False,18.909299850463867
fedavg,stealthy,2,24,kerm_07,False,26.30991554260254
fedavg,stealthy,2,24,rsna_03,False,25.17938232421875
fedavg,stealthy,2,24,rsna_04,False,23.206560134887695
fedavg,stealthy,2,24,rsna_02,False,24.350881576538086
fedavg,stealthy,2,24,rsna_11,False,22.802003860473633
fedavg,stealthy,2,24,rsna_06,False,21.310791015625
fedavg,stealthy,2,24,rsna_07,False,18.419038772583008
fedavg,stealthy,2,24,rsna_05,False,27.017711639404297
fedavg,stealthy,2,24,kerm_06,False,23.635725021362305
fedavg,stealthy,2,25,rsna_12,True,23.006803512573242
fedavg,stealthy,2,25,kerm_06,False,23.738784790039062
fedavg,stealthy,2,25,kerm_05,False,23.86360740661621
fedavg,stealthy,2,25,rsna_07,False,19.1295108795166
fedavg,stealthy,2,25,kerm_08,False,27.20085334777832
fedavg,stealthy,2,25,rsna_03,False,26.954544067382812
fedavg,stealthy,2,25,rsna_09,False,18.635841369628906
fedavg,stealthy,2,25,kerm_04,False,26.232059478759766
fedavg,stealthy,2,25,kerm_03,False,25.435375213623047
fedavg,stealthy,2,25,rsna_10,False,26.63174819946289
fedavg,stealthy,2,25,rsna_02,False,21.961305618286133
fedavg,stealthy,2,25,rsna_04,False,23.81499671936035
fedavg,stealthy,2,25,rsna_05,False,20.1622257232666
fedavg,stealthy,2,25,kerm_01,False,21.130298614501953
fedavg,stealthy,2,25,rsna_06,False,20.717275619506836
fedavg,stealthy,2,26,rsna_12,True,27.012483596801758
fedavg,stealthy,2,26,kerm_05,False,44.33845901489258
fedavg,stealthy,2,26,rsna_05,False,23.72957420349121
fedavg,stealthy,2,26,kerm_01,False,20.354398727416992
fedavg,stealthy,2,26,kerm_08,False,26.27674102783203
fedavg,stealthy,2,26,rsna_08,False,23.32131004333496
fedavg,stealthy,2,26,rsna_02,False,26.215513229370117
fedavg,stealthy,2,26,rsna_09,False,19.164602279663086
fedavg,stealthy,2,26,kerm_02,False,20.310087203979492
fedavg,stealthy,2,26,rsna_11,False,27.083904266357422
fedavg,stealthy,2,26,kerm_07,False,25.58937644958496
fedavg,stealthy,2,26,rsna_03,False,24.364307403564453
fedavg,stealthy,2,26,rsna_01,False,30.704389572143555
fedavg,stealthy,2,26,rsna_10,False,20.97062873840332
fedavg,stealthy,2,26,rsna_04,False,28.741104125976562
fedavg,stealthy,2,27,rsna_12,True,22.001232147216797
fedavg,stealthy,2,27,kerm_01,False,21.439964294433594
fedavg,stealthy,2,27,rsna_01,False,25.895599365234375
fedavg,stealthy,2,27,kerm_05,False,22.011653900146484
fedavg,stealthy,2,27,rsna_03,False,23.414644241333008
fedavg,stealthy,2,27,rsna_02,False,28.351823806762695
fedavg,stealthy,2,27,kerm_04,False,42.22600173950195
fedavg,stealthy,2,27,rsna_06,False,25.88811492919922
fedavg,stealthy,2,27,kerm_06,False,23.769302368164062
fedavg,stealthy,2,27,rsna_04,False,21.2215576171875
fedavg,stealthy,2,27,rsna_08,False,18.214570999145508
fedavg,stealthy,2,27,rsna_11,False,21.064414978027344
fedavg,stealthy,2,27,rsna_10,False,22.92654800415039
fedavg,stealthy,2,27,kerm_07,False,28.85245704650879
fedavg,stealthy,2,27,kerm_03,False,20.987396240234375
fedavg,stealthy,2,28,rsna_12,True,21.157276153564453
fedavg,stealthy,2,28,kerm_01,False,27.438405990600586
fedavg,stealthy,2,28,kerm_04,False,20.102916717529297
fedavg,stealthy,2,28,rsna_04,False,25.043153762817383
fedavg,stealthy,2,28,rsna_09,False,21.230688095092773
fedavg,stealthy,2,28,kerm_03,False,21.151296615600586
fedavg,stealthy,2,28,rsna_07,False,22.963228225708008
fedavg,stealthy,2,28,rsna_01,False,25.126182556152344
fedavg,stealthy,2,28,rsna_02,False,23.357664108276367
fedavg,stealthy,2,28,rsna_05,False,21.720426559448242
fedavg,stealthy,2,28,kerm_02,False,24.23894500732422
fedavg,stealthy,2,28,rsna_03,False,24.838947296142578
fedavg,stealthy,2,28,kerm_05,False,27.19552993774414
fedavg,stealthy,2,28,kerm_08,False,29.564287185668945
fedavg,stealthy,2,28,rsna_10,False,22.171247482299805
fedavg,stealthy,2,29,rsna_12,True,23.086057662963867
fedavg,stealthy,2,29,rsna_10,False,24.36017608642578
fedavg,stealthy,2,29,rsna_04,False,21.42217445373535
fedavg,stealthy,2,29,kerm_07,False,27.96896743774414
fedavg,stealthy,2,29,rsna_08,False,17.70633888244629
fedavg,stealthy,2,29,kerm_04,False,26.321422576904297
fedavg,stealthy,2,29,kerm_08,False,28.404403686523438
fedavg,stealthy,2,29,rsna_09,False,21.3040771484375
fedavg,stealthy,2,29,rsna_07,False,22.182451248168945
fedavg,stealthy,2,29,rsna_03,False,34.8756103515625
fedavg,stealthy,2,29,rsna_05,False,20.736772537231445
fedavg,stealthy,2,29,rsna_11,False,21.18547821044922
fedavg,stealthy,2,29,kerm_06,False,25.930641174316406
fedavg,stealthy,2,29,kerm_03,False,23.10386848449707
fedavg,stealthy,2,29,rsna_06,False,21.10480308532715
fedavg,stealthy,2,30,rsna_12,True,21.342788696289062
fedavg,stealthy,2,30,rsna_07,False,25.9665584564209
fedavg,stealthy,2,30,kerm_01,False,46.23128128051758
fedavg,stealthy,2,30,kerm_07,False,25.17029571533203
fedavg,stealthy,2,30,kerm_02,False,23.646591186523438
fedavg,stealthy,2,30,kerm_05,False,23.62843132019043
fedavg,stealthy,2,30,rsna_09,False,20.37613296508789
fedavg,stealthy,2,30,rsna_11,False,20.157094955444336
fedavg,stealthy,2,30,rsna_01,False,33.78056716918945
fedavg,stealthy,2,30,rsna_04,False,21.592144012451172
fedavg,stealthy,2,30,rsna_06,False,35.68252944946289
fedavg,stealthy,2,30,rsna_02,False,32.679542541503906
fedavg,stealthy,2,30,kerm_08,False,26.31299591064453
fedavg,stealthy,2,30,rsna_10,False,20.647098541259766
fedavg,stealthy,2,30,kerm_06,False,22.269712448120117
fedavg,stealthy,3,1,rsna_03,False,22.90628433227539
fedavg,stealthy,3,1,rsna_09,False,23.29204750061035
fedavg,stealthy,3,1,kerm_06,False,22.58348846435547
fedavg,stealthy,3,1,rsna_04,False,22.928390502929688
fedavg,stealthy,3,1,rsna_01,False,23.007923126220703
fedavg,stealthy,3,1,rsna_12,False,22.735456466674805
fedavg,stealthy,3,1,rsna_06,False,22.758785247802734
fedavg,stealthy,3,1,kerm_08,False,22.345643997192383
fedavg,stealthy,3,1,kerm_03,False,22.56019401550293
fedavg,stealthy,3,1,rsna_02,False,23.26294708251953
fedavg,stealthy,3,1,kerm_01,False,22.84163475036621
fedavg,stealthy,3,1,kerm_05,False,22.20652198791504
fedavg,stealthy,3,1,rsna_11,False,22.831018447875977
fedavg,stealthy,3,1,rsna_07,False,22.68349838256836
fedavg,stealthy,3,1,kerm_02,False,22.64385223388672
fedavg,stealthy,3,2,rsna_06,False,18.078392028808594
fedavg,stealthy,3,2,rsna_05,False,18.487524032592773
fedavg,stealthy,3,2,rsna_04,False,18.374752044677734
fedavg,stealthy,3,2,rsna_09,False,18.182771682739258
fedavg,stealthy,3,2,rsna_08,False,19.161230087280273
fedavg,stealthy,3,2,kerm_08,False,17.406187057495117
fedavg,stealthy,3,2,kerm_01,False,16.94607162475586
fedavg,stealthy,3,2,kerm_02,False,16.995716094970703
fedavg,stealthy,3,2,kerm_04,False,17.534931182861328
fedavg,stealthy,3,2,rsna_02,False,18.354721069335938
fedavg,stealthy,3,2,kerm_05,False,17.675241470336914
fedavg,stealthy,3,2,rsna_01,False,19.388282775878906
fedavg,stealthy,3,2,kerm_06,False,17.124629974365234
fedavg,stealthy,3,2,kerm_03,False,16.930356979370117
fedavg,stealthy,3,2,rsna_12,False,17.383211135864258
fedavg,stealthy,3,3,rsna_06,False,19.168039321899414
fedavg,stealthy,3,3,rsna_12,False,18.676111221313477
fedavg,stealthy,3,3,kerm_08,False,18.51850128173828
fedavg,stealthy,3,3,kerm_02,False,17.35110855102539
fedavg,stealthy,3,3,rsna_08,False,18.443681716918945
fedavg,stealthy,3,3,rsna_03,False,19.266319274902344
fedavg,stealthy,3,3,kerm_01,False,17.298694610595703
fedavg,stealthy,3,3,rsna_09,False,19.871505737304688
fedavg,stealthy,3,3,kerm_05,False,19.764572143554688
fedavg,stealthy,3,3,rsna_11,False,20.344100952148438
fedavg,stealthy,3,3,rsna_01,False,19.638671875
fedavg,stealthy,3,3,kerm_04,False,18.764427185058594
fedavg,stealthy,3,3,rsna_07,False,18.87199592590332
fedavg,stealthy,3,3,rsna_04,False,19.391403198242188
fedavg,stealthy,3,3,kerm_03,False,18.029224395751953
fedavg,stealthy,3,4,rsna_01,False,21.979961395263672
fedavg,stealthy,3,4,kerm_05,False,20.87824249267578
fedavg,stealthy,3,4,rsna_06,False,19.990842819213867
fedavg,stealthy,3,4,kerm_08,False,19.736661911010742
fedavg,stealthy,3,4,rsna_07,False,20.62055206298828
fedavg,stealthy,3,4,rsna_05,False,20.085994720458984
fedavg,stealthy,3,4,kerm_07,False,22.83197593688965
fedavg,stealthy,3,4,rsna_04,False,20.875825881958008
fedavg,stealthy,3,4,rsna_02,False,20.178096771240234
fedavg,stealthy,3,4,rsna_10,False,19.82737159729004
fedavg,stealthy,3,4,rsna_09,False,19.335420608520508
fedavg,stealthy,3,4,kerm_02,False,18.764339447021484
fedavg,stealthy,3,4,rsna_11,False,20.386781692504883
fedavg,stealthy,3,4,kerm_04,False,22.12209129333496
fedavg,stealthy,3,4,rsna_03,False,21.552886962890625
fedavg,stealthy,3,5,kerm_01,False,17.96309471130371
fedavg,stealthy,3,5,kerm_06,False,27.02547264099121
fedavg,stealthy,3,5,rsna_04,False,18.837657928466797
fedavg,stealthy,3,5,kerm_08,False,26.000667572021484
fedavg,stealthy,3,5,rsna_11,False,20.607250213623047
fedavg,stealthy,3,5,rsna_03,False,19.51148223876953
fedavg,stealthy,3,5,rsna_02,False,20.143802642822266
fedavg,stealthy,3,5,rsna_10,False,19.673303604125977
fedavg,stealthy,3,5,rsna_07,False,18.708858489990234
fedavg,stealthy,3,5,kerm_03,False,18.237558364868164
fedavg,stealthy,3,5,kerm_05,False,25.52602195739746
fedavg,stealthy,3,5,rsna_05,False,18.46556282043457
fedavg,stealthy,3,5,rsna_09,False,18.242183685302734
fedavg,stealthy,3,5,rsna_12,False,23.6954402923584
fedavg,stealthy,3,5,kerm_02,False,17.320926666259766
fedavg,stealthy,3,6,rsna_11,False,18.948732376098633
fedavg,stealthy,3,6,rsna_12,False,19.37841033935547
fedavg,stealthy,3,6,rsna_10,False,18.964319229125977
fedavg,stealthy,3,6,kerm_02,False,17.710311889648438
fedavg,stealthy,3,6,rsna_07,False,18.66727638244629
fedavg,stealthy,3,6,kerm_06,False,20.491601943969727
fedavg,stealthy,3,6,rsna_09,False,19.466716766357422
fedavg,stealthy,3,6,rsna_04,False,21.970510482788086
fedavg,stealthy,3,6,kerm_07,False,19.55341339111328
fedavg,stealthy,3,6,kerm_04,False,20.093406677246094
fedavg,stealthy,3,6,kerm_01,False,18.906089782714844
fedavg,stealthy,3,6,rsna_01,False,22.627666473388672
fedavg,stealthy,3,6,kerm_05,False,24.022165298461914
fedavg,stealthy,3,6,kerm_03,False,17.745155334472656
fedavg,stealthy,3,6,rsna_05,False,19.802383422851562
fedavg,stealthy,3,7,rsna_01,False,24.756149291992188
fedavg,stealthy,3,7,kerm_08,False,19.71778678894043
fedavg,stealthy,3,7,rsna_06,False,21.54494285583496
fedavg,stealthy,3,7,kerm_01,False,21.5052547454834
fedavg,stealthy,3,7,rsna_05,False,20.57660675048828
fedavg,stealthy,3,7,kerm_06,False,22.262331008911133
fedavg,stealthy,3,7,rsna_03,False,23.27528190612793
fedavg,stealthy,3,7,rsna_11,False,18.934667587280273
fedavg,stealthy,3,7,kerm_04,False,16.576919555664062
fedavg,stealthy,3,7,rsna_09,False,19.23082160949707
fedavg,stealthy,3,7,kerm_02,False,18.244400024414062
fedavg,stealthy,3,7,kerm_07,False,22.671669006347656
fedavg,stealthy,3,7,rsna_04,False,22.38180923461914
fedavg,stealthy,3,7,kerm_05,False,23.00081443786621
fedavg,stealthy,3,7,kerm_03,False,17.71190643310547
fedavg,stealthy,3,8,kerm_03,False,16.603271484375
fedavg,stealthy,3,8,rsna_02,False,22.939054489135742
fedavg,stealthy,3,8,rsna_06,False,18.91628646850586
fedavg,stealthy,3,8,kerm_06,False,19.23420524597168
fedavg,stealthy,3,8,kerm_01,False,18.197450637817383
fedavg,stealthy,3,8,rsna_01,False,23.67766761779785
fedavg,stealthy,3,8,rsna_11,False,18.226768493652344
fedavg,stealthy,3,8,kerm_07,False,31.104528427124023
fedavg,stealthy,3,8,rsna_09,False,18.860698699951172
fedavg,stealthy,3,8,rsna_10,False,19.764101028442383
fedavg,stealthy,3,8,kerm_04,False,21.42768669128418
fedavg,stealthy,3,8,rsna_08,False,19.82697105407715
fedavg,stealthy,3,8,kerm_05,False,24.357563018798828
fedavg,stealthy,3,8,kerm_08,False,20.38161849975586
fedavg,stealthy,3,8,rsna_12,False,19.358810424804688
fedavg,stealthy,3,9,rsna_07,False,20.663028717041016
fedavg,stealthy,3,9,kerm_02,False,20.797950744628906
fedavg,stealthy,3,9,rsna_01,False,30.83572769165039
fedavg,stealthy,3,9,rsna_09,False,19.912771224975586
fedavg,stealthy,3,9,kerm_04,False,17.986398696899414
fedavg,stealthy,3,9,rsna_05,False,23.40494155883789
fedavg,stealthy,3,9,kerm_03,False,17.672931671142578
fedavg,stealthy,3,9,rsna_04,False,23.584779739379883
fedavg,stealthy,3,9,rsna_02,False,28.64243507385254
fedavg,stealthy,3,9,kerm_07,False,18.854352951049805
fedavg,stealthy,3,9,kerm_01,False,21.55994415283203
fedavg,stealthy,3,9,rsna_06,False,22.444843292236328
fedavg,stealthy,3,9,rsna_08,False,20.739566802978516
fedavg,stealthy,3,9,rsna_11,False,17.660951614379883
fedavg,stealthy,3,9,rsna_10,False,19.247854232788086
fedavg,stealthy,3,10,rsna_01,False,24.696002960205078
fedavg,stealthy,3,10,kerm_07,False,22.30906867980957
fedavg,stealthy,3,10,rsna_11,False,19.559680938720703
fedavg,stealthy,3,10,rsna_06,False,18.187824249267578
fedavg,stealthy,3,10,kerm_02,False,18.8110294342041
fedavg,stealthy,3,10,rsna_08,False,21.91392707824707
fedavg,stealthy,3,10,rsna_12,False,22.220212936401367
fedavg,stealthy,3,10,kerm_08,False,21.876266479492188
fedavg,stealthy,3,10,rsna_05,False,19.42503547668457
fedavg,stealthy,3,10,rsna_10,False,19.321006774902344
fedavg,stealthy,3,10,rsna_09,False,18.657466888427734
fedavg,stealthy,3,10,rsna_04,False,22.263084411621094
fedavg,stealthy,3,10,kerm_06,False,29.19593620300293
fedavg,stealthy,3,10,kerm_05,False,29.14369773864746
fedavg,stealthy,3,10,kerm_04,False,19.164377212524414
fedavg,stealthy,3,11,rsna_01,False,29.127521514892578
fedavg,stealthy,3,11,rsna_02,False,31.939924240112305
fedavg,stealthy,3,11,rsna_11,False,18.800273895263672
fedavg,stealthy,3,11,kerm_07,False,22.389259338378906
fedavg,stealthy,3,11,rsna_04,False,24.365463256835938
fedavg,stealthy,3,11,rsna_10,False,21.772111892700195
fedavg,stealthy,3,11,kerm_05,False,21.045385360717773
fedavg,stealthy,3,11,rsna_06,False,21.958402633666992
fedavg,stealthy,3,11,rsna_03,False,27.93619155883789
fedavg,stealthy,3,11,kerm_03,False,16.781639099121094
fedavg,stealthy,3,11,rsna_05,False,24.6334228515625
fedavg,stealthy,3,11,rsna_07,False,19.95825958251953
fedavg,stealthy,3,11,kerm_04,False,18.131698608398438
fedavg,stealthy,3,11,rsna_09,False,20.61488151550293
fedavg,stealthy,3,11,kerm_02,False,19.940834045410156
fedavg,stealthy,3,12,rsna_07,False,22.380964279174805
fedavg,stealthy,3,12,kerm_01,False,20.64802360534668
fedavg,stealthy,3,12,kerm_03,False,20.03097152709961
fedavg,stealthy,3,12,rsna_04,False,21.498512268066406
fedavg,stealthy,3,12,rsna_12,False,20.608652114868164
fedavg,stealthy,3,12,rsna_09,False,19.393085479736328
fedavg,stealthy,3,12,rsna_11,False,20.8226261138916
fedavg,stealthy,3,12,rsna_10,False,21.507144927978516
fedavg,stealthy,3,12,rsna_03,False,20.884912490844727
fedavg,stealthy,3,12,rsna_06,False,20.228666305541992
fedavg,stealthy,3,12,rsna_08,False,18.2270565032959
fedavg,stealthy,3,12,rsna_02,False,24.683095932006836
fedavg,stealthy,3,12,kerm_02,False,17.562692642211914
fedavg,stealthy,3,12,kerm_06,False,29.94140625
fedavg,stealthy,3,12,kerm_08,False,23.11789321899414
fedavg,stealthy,3,13,rsna_06,False,19.18695831298828
fedavg,stealthy,3,13,rsna_01,False,22.973989486694336
fedavg,stealthy,3,13,kerm_01,False,20.456161499023438
fedavg,stealthy,3,13,rsna_02,False,22.790145874023438
fedavg,stealthy,3,13,kerm_06,False,23.561870574951172
fedavg,stealthy,3,13,rsna_12,False,20.077449798583984
fedavg,stealthy,3,13,rsna_04,False,21.82078742980957
fedavg,stealthy,3,13,rsna_09,False,19.059226989746094
fedavg,stealthy,3,13,rsna_10,False,18.604217529296875
fedavg,stealthy,3,13,rsna_11,False,18.702699661254883
fedavg,stealthy,3,13,rsna_07,False,19.780662536621094
fedavg,stealthy,3,13,kerm_05,False,25.679325103759766
fedavg,stealthy,3,13,rsna_03,False,24.651338577270508
fedavg,stealthy,3,13,kerm_03,False,20.889907836914062
fedavg,stealthy,3,13,kerm_08,False,20.96835708618164
fedavg,stealthy,3,14,rsna_09,False,19.708263397216797
fedavg,stealthy,3,14,rsna_08,False,20.1275634765625
fedavg,stealthy,3,14,kerm_05,False,35.54641342163086
fedavg,stealthy,3,14,rsna_06,False,21.011001586914062
fedavg,stealthy,3,14,kerm_04,False,28.343914031982422
fedavg,stealthy,3,14,rsna_04,False,21.530094146728516
fedavg,stealthy,3,14,kerm_06,False,27.942625045776367
fedavg,stealthy,3,14,rsna_02,False,29.963226318359375
fedavg,stealthy,3,14,kerm_07,False,21.300405502319336
fedavg,stealthy,3,14,rsna_10,False,21.45905876159668
fedavg,stealthy,3,14,rsna_03,False,27.572519302368164
fedavg,stealthy,3,14,kerm_02,False,18.681516647338867
fedavg,stealthy,3,14,kerm_08,False,21.645214080810547
fedavg,stealthy,3,14,rsna_07,False,23.053037643432617
fedavg,stealthy,3,14,rsna_05,False,19.57944107055664
fedavg,stealthy,3,15,rsna_12,True,28.783039093017578
fedavg,stealthy,3,15,rsna_10,False,19.918399810791016
fedavg,stealthy,3,15,kerm_07,False,23.151287078857422
fedavg,stealthy,3,15,rsna_02,False,28.007061004638672
fedavg,stealthy,3,15,rsna_03,False,23.398849487304688
fedavg,stealthy,3,15,rsna_06,False,20.46966552734375
fedavg,stealthy,3,15,kerm_08,False,22.914026260375977
fedavg,stealthy,3,15,kerm_05,False,17.807016372680664
fedavg,stealthy,3,15,kerm_02,False,19.490520477294922
fedavg,stealthy,3,15,rsna_05,False,22.632240295410156
fedavg,stealthy,3,15,kerm_03,False,18.58265495300293
fedavg,stealthy,3,15,rsna_11,False,18.508447647094727
fedavg,stealthy,3,15,rsna_01,False,25.06768035888672
fedavg,stealthy,3,15,kerm_04,False,21.701496124267578
fedavg,stealthy,3,15,kerm_06,False,21.620336532592773
fedavg,stealthy,3,16,rsna_12,True,29.520526885986328
fedavg,stealthy,3,16,rsna_11,False,18.321924209594727
fedavg,stealthy,3,16,kerm_03,False,18.738723754882812
fedavg,stealthy,3,16,kerm_08,False,23.775970458984375
fedavg,stealthy,3,16,rsna_01,False,25.165977478027344
fedavg,stealthy,3,16,rsna_08,False,18.70682716369629
fedavg,stealthy,3,16,rsna_02,False,27.816797256469727
fedavg,stealthy,3,16,kerm_04,False,18.6209716796875
fedavg,stealthy,3,16,rsna_09,False,20.20326805114746
fedavg,stealthy,3,16,kerm_05,False,28.165058135986328
fedavg,stealthy,3,16,kerm_06,False,25.389196395874023
fedavg,stealthy,3,16,rsna_03,False,22.787269592285156
fedavg,stealthy,3,16,rsna_06,False,26.14376449584961
fedavg,stealthy,3,16,kerm_01,False,19.956083297729492
fedavg,stealthy,3,16,rsna_07,False,25.70830535888672
fedavg,stealthy,3,17,rsna_12,True,20.540687561035156
fedavg,stealthy,3,17,rsna_10,False,20.699342727661133
fedavg,stealthy,3,17,kerm_08,False,22.983484268188477
fedavg,stealthy,3,17,kerm_05,False,22.417160034179688
fedavg,stealthy,3,17,kerm_01,False,19.132129669189453
fedavg,stealthy,3,17,rsna_05,False,21.357587814331055
fedavg,stealthy,3,17,rsna_06,False,25.93159294128418
fedavg,stealthy,3,17,rsna_04,False,23.968015670776367
fedavg,stealthy,3,17,rsna_08,False,21.568796157836914
fedavg,stealthy,3,17,rsna_07,False,20.000211715698242
fedavg,stealthy,3,17,kerm_03,False,19.373497009277344
fedavg,stealthy,3,17,kerm_02,False,18.024295806884766
fedavg,stealthy,3,17,kerm_04,False,19.412487030029297
fedavg,stealthy,3,17,rsna_03,False,24.268091201782227
fedavg,stealthy,3,17,rsna_11,False,22.101016998291016
fedavg,stealthy,3,18,rsna_12,True,27.241674423217773
fedavg,stealthy,3,18,rsna_09,False,18.361740112304688
fedavg,stealthy,3,18,kerm_05,False,32.82996368408203
fedavg,stealthy,3,18,rsna_07,False,21.57999610900879
fedavg,stealthy,3,18,kerm_08,False,24.183061599731445
fedavg,stealthy,3,18,kerm_04,False,28.003334045410156
fedavg,stealthy,3,18,rsna_05,False,21.697046279907227
fedavg,stealthy,3,18,rsna_08,False,20.515178680419922
fedavg,stealthy,3,18,kerm_06,False,25.732404708862305
fedavg,stealthy,3,18,rsna_02,False,24.35863494873047
fedavg,stealthy,3,18,kerm_02,False,18.383596420288086
fedavg,stealthy,3,18,rsna_04,False,21.126487731933594
fedavg,stealthy,3,18,rsna_11,False,19.810134887695312
fedavg,stealthy,3,18,kerm_03,False,17.529550552368164
fedavg,stealthy,3,18,rsna_06,False,22.577693939208984
fedavg,stealthy,3,19,rsna_12,True,23.001497268676758
fedavg,stealthy,3,19,kerm_03,False,20.506288528442383
fedavg,stealthy,3,19,kerm_01,False,21.75371551513672
fedavg,stealthy,3,19,rsna_04,False,29.86048698425293
fedavg,stealthy,3,19,kerm_08,False,24.732664108276367
fedavg,stealthy,3,19,kerm_05,False,19.812877655029297
fedavg,stealthy,3,19,rsna_11,False,19.836870193481445
fedavg,stealthy,3,19,kerm_02,False,24.501346588134766
fedavg,stealthy,3,19,kerm_04,False,17.488739013671875
fedavg,stealthy,3,19,rsna_10,False,21.266334533691406
fedavg,stealthy,3,19,rsna_08,False,19.882123947143555
fedavg,stealthy,3,19,rsna_02,False,26.65739631652832
fedavg,stealthy,3,19,rsna_06,False,19.345970153808594
fedavg,stealthy,3,19,rsna_05,False,31.13576316833496
fedavg,stealthy,3,19,rsna_07,False,22.133638381958008
fedavg,stealthy,3,20,rsna_12,True,20.789705276489258
fedavg,stealthy,3,20,rsna_01,False,28.8532772064209
fedavg,stealthy,3,20,rsna_02,False,25.307437896728516
fedavg,stealthy,3,20,rsna_04,False,20.15567398071289
fedavg,stealthy,3,20,rsna_08,False,26.001691818237305
fedavg,stealthy,3,20,rsna_11,False,22.92281150817871
fedavg,stealthy,3,20,kerm_03,False,21.53437042236328
fedavg,stealthy,3,20,kerm_04,False,18.808048248291016
fedavg,stealthy,3,20,kerm_05,False,27.336380004882812
fedavg,stealthy,3,20,kerm_01,False,26.866928100585938
fedavg,stealthy,3,20,rsna_07,False,26.769866943359375
fedavg,stealthy,3,20,kerm_06,False,24.3382511138916
fedavg,stealthy,3,20,kerm_02,False,19.023900985717773
fedavg,stealthy,3,20,kerm_07,False,25.42780303955078
fedavg,stealthy,3,20,rsna_05,False,31.5244140625
fedavg,stealthy,3,21,rsna_12,True,23.04661750793457
fedavg,stealthy,3,21,rsna_03,False,22.80891990661621
fedavg,stealthy,3,21,rsna_02,False,27.57437515258789
fedavg,stealthy,3,21,rsna_08,False,20.52119255065918
fedavg,stealthy,3,21,kerm_08,False,25.6542911529541
fedavg,stealthy,3,21,kerm_07,False,28.733369827270508
fedavg,stealthy,3,21,kerm_02,False,20.87639808654785
fedavg,stealthy,3,21,rsna_04,False,22.638790130615234
fedavg,stealthy,3,21,kerm_04,False,19.122657775878906
fedavg,stealthy,3,21,kerm_01,False,20.208589553833008
fedavg,stealthy,3,21,rsna_05,False,20.4633846282959
fedavg,stealthy,3,21,kerm_06,False,23.371793746948242
fedavg,stealthy,3,21,rsna_06,False,22.1673641204834
fedavg,stealthy,3,21,rsna_07,False,20.03843879699707
fedavg,stealthy,3,21,rsna_01,False,28.971786499023438
fedavg,stealthy,3,22,rsna_12,True,21.847501754760742
fedavg,stealthy,3,22,kerm_08,False,27.553043365478516
fedavg,stealthy,3,22,kerm_06,False,32.71219253540039
fedavg,stealthy,3,22,kerm_07,False,25.648340225219727
fedavg,stealthy,3,22,rsna_02,False,23.0963134765625
fedavg,stealthy,3,22,kerm_02,False,19.486297607421875
fedavg,stealthy,3,22,rsna_06,False,22.63228416442871
fedavg,stealthy,3,22,rsna_03,False,20.836669921875
fedavg,stealthy,3,22,rsna_08,False,24.277908325195312
fedavg,stealthy,3,22,rsna_05,False,23.00892448425293
fedavg,stealthy,3,22,rsna_04,False,21.26188850402832
fedavg,stealthy,3,22,kerm_03,False,21.55417823791504
fedavg,stealthy,3,22,rsna_10,False,28.262691497802734
fedavg,stealthy,3,22,kerm_04,False,19.955331802368164
fedavg,stealthy,3,22,kerm_05,False,41.47929763793945
fedavg,stealthy,3,23,rsna_12,True,26.01126480102539
fedavg,stealthy,3,23,rsna_03,False,23.335573196411133
fedavg,stealthy,3,23,rsna_09,False,29.883655548095703
fedavg,stealthy,3,23,kerm_04,False,21.192649841308594
fedavg,stealthy,3,23,rsna_06,False,22.958486557006836
fedavg,stealthy,3,23,rsna_04,False,24.146745681762695
fedavg,stealthy,3,23,kerm_01,False,28.6949405670166
fedavg,stealthy,3,23,rsna_01,False,26.11369514465332
fedavg,stealthy,3,23,rsna_08,False,20.32258415222168
fedavg,stealthy,3,23,rsna_07,False,28.588302612304688
fedavg,stealthy,3,23,kerm_06,False,22.337554931640625
fedavg,stealthy,3,23,rsna_10,False,23.533035278320312
fedavg,stealthy,3,23,kerm_08,False,23.947391510009766
fedavg,stealthy,3,23,kerm_02,False,22.207305908203125
fedavg,stealthy,3,23,rsna_05,False,25.85540771484375
fedavg,stealthy,3,24,rsna_12,True,25.564151763916016
fedavg,stealthy,3,24,rsna_08,False,19.34799575805664
fedavg,stealthy,3,24,rsna_04,False,22.067028045654297
fedavg,stealthy,3,24,kerm_01,False,20.711912155151367
fedavg,stealthy,3,24,rsna_07,False,32.03334426879883
fedavg,stealthy,3,24,kerm_07,False,27.924922943115234
fedavg,stealthy,3,24,rsna_06,False,22.40336036682129
fedavg,stealthy,3,24,rsna_10,False,19.353248596191406
fedavg,stealthy,3,24,kerm_05,False,30.102294921875
fedavg,stealthy,3,24,kerm_03,False,18.12375831604004
fedavg,stealthy,3,24,kerm_08,False,34.442108154296875
fedavg,stealthy,3,24,rsna_11,False,20.12969970703125
fedavg,stealthy,3,24,kerm_02,False,21.784753799438477
fedavg,stealthy,3,24,rsna_02,False,23.74549674987793
fedavg,stealthy,3,24,rsna_01,False,27.597196578979492
fedavg,stealthy,3,25,rsna_12,True,22.009807586669922
fedavg,stealthy,3,25,kerm_05,False,19.43684959411621
fedavg,stealthy,3,25,rsna_07,False,22.583234786987305
fedavg,stealthy,3,25,rsna_06,False,40.78311538696289
fedavg,stealthy,3,25,rsna_09,False,22.266036987304688
fedavg,stealthy,3,25,kerm_06,False,23.338327407836914
fedavg,stealthy,3,25,rsna_10,False,31.958805084228516
fedavg,stealthy,3,25,rsna_05,False,22.229389190673828
fedavg,stealthy,3,25,kerm_04,False,17.881242752075195
fedavg,stealthy,3,25,rsna_08,False,21.461071014404297
fedavg,stealthy,3,25,rsna_02,False,23.613554000854492
fedavg,stealthy,3,25,kerm_03,False,20.23670768737793
fedavg,stealthy,3,25,kerm_02,False,20.292715072631836
fedavg,stealthy,3,25,rsna_01,False,25.629135131835938
fedavg,stealthy,3,25,kerm_08,False,24.09127426147461
fedavg,stealthy,3,26,rsna_12,True,20.355728149414062
fedavg,stealthy,3,26,rsna_02,False,23.20475959777832
fedavg,stealthy,3,26,rsna_09,False,20.238418579101562
fedavg,stealthy,3,26,rsna_06,False,22.378068923950195
fedavg,stealthy,3,26,kerm_07,False,34.46493911743164
fedavg,stealthy,3,26,rsna_01,False,28.528654098510742
fedavg,stealthy,3,26,kerm_01,False,23.96920394897461
fedavg,stealthy,3,26,kerm_05,False,30.079547882080078
fedavg,stealthy,3,26,rsna_05,False,22.79461669921875
fedavg,stealthy,3,26,rsna_10,False,22.9133358001709
fedavg,stealthy,3,26,rsna_11,False,21.630327224731445
fedavg,stealthy,3,26,kerm_02,False,18.521360397338867
fedavg,stealthy,3,26,kerm_06,False,24.498008728027344
fedavg,stealthy,3,26,rsna_04,False,21.707149505615234
fedavg,stealthy,3,26,rsna_08,False,19.250896453857422
fedavg,stealthy,3,27,rsna_12,True,28.959819793701172
fedavg,stealthy,3,27,kerm_06,False,24.06448745727539
fedavg,stealthy,3,27,kerm_02,False,22.459430694580078
fedavg,stealthy,3,27,kerm_03,False,20.572391510009766
fedavg,stealthy,3,27,rsna_04,False,29.214542388916016
fedavg,stealthy,3,27,kerm_04,False,25.632123947143555
fedavg,stealthy,3,27,rsna_02,False,27.804351806640625
fedavg,stealthy,3,27,rsna_10,False,20.71184730529785
fedavg,stealthy,3,27,rsna_03,False,26.173982620239258
fedavg,stealthy,3,27,rsna_08,False,18.730920791625977
fedavg,stealthy,3,27,kerm_07,False,28.209718704223633
fedavg,stealthy,3,27,kerm_05,False,37.0477180480957
fedavg,stealthy,3,27,rsna_05,False,37.89735794067383
fedavg,stealthy,3,27,rsna_07,False,28.826101303100586
fedavg,stealthy,3,27,kerm_08,False,25.764179229736328
fedavg,stealthy,3,28,rsna_12,True,21.698421478271484
fedavg,stealthy,3,28,rsna_02,False,31.484384536743164
fedavg,stealthy,3,28,rsna_06,False,20.0983943939209
fedavg,stealthy,3,28,rsna_07,False,21.583295822143555
fedavg,stealthy,3,28,rsna_11,False,22.814489364624023
fedavg,stealthy,3,28,rsna_10,False,26.56357192993164
fedavg,stealthy,3,28,kerm_02,False,19.463512420654297
fedavg,stealthy,3,28,rsna_04,False,23.695432662963867
fedavg,stealthy,3,28,kerm_04,False,18.307138442993164
fedavg,stealthy,3,28,kerm_07,False,26.112445831298828
fedavg,stealthy,3,28,rsna_05,False,24.19765281677246
fedavg,stealthy,3,28,rsna_03,False,29.717742919921875
fedavg,stealthy,3,28,rsna_08,False,21.720396041870117
fedavg,stealthy,3,28,kerm_01,False,28.68065071105957
fedavg,stealthy,3,28,kerm_08,False,26.256221771240234
fedavg,stealthy,3,29,rsna_12,True,22.668825149536133
fedavg,stealthy,3,29,rsna_09,False,20.911998748779297
fedavg,stealthy,3,29,rsna_10,False,39.37858200073242
fedavg,stealthy,3,29,rsna_04,False,21.965057373046875
fedavg,stealthy,3,29,kerm_05,False,32.8895263671875
fedavg,stealthy,3,29,rsna_11,False,20.952880859375
fedavg,stealthy,3,29,kerm_04,False,24.962535858154297
fedavg,stealthy,3,29,rsna_06,False,26.81087875366211
fedavg,stealthy,3,29,rsna_07,False,21.83441162109375
fedavg,stealthy,3,29,kerm_02,False,19.140111923217773
fedavg,stealthy,3,29,rsna_08,False,33.86870574951172
fedavg,stealthy,3,29,rsna_02,False,27.733583450317383
fedavg,stealthy,3,29,kerm_08,False,28.386077880859375
fedavg,stealthy,3,29,kerm_01,False,20.942073822021484
fedavg,stealthy,3,29,rsna_03,False,21.301353454589844
fedavg,stealthy,3,30,rsna_12,True,21.193523406982422
fedavg,stealthy,3,30,kerm_01,False,22.142044067382812
fedavg,stealthy,3,30,rsna_10,False,24.279151916503906
fedavg,stealthy,3,30,rsna_09,False,21.760818481445312
fedavg,stealthy,3,30,kerm_05,False,22.32495880126953
fedavg,stealthy,3,30,rsna_06,False,24.67552947998047
fedavg,stealthy,3,30,rsna_04,False,22.709514617919922
fedavg,stealthy,3,30,rsna_08,False,20.06168556213379
fedavg,stealthy,3,30,rsna_07,False,25.645973205566406
fedavg,stealthy,3,30,rsna_05,False,21.710508346557617
fedavg,stealthy,3,30,kerm_08,False,35.2970085144043
fedavg,stealthy,3,30,kerm_02,False,18.997547149658203
fedavg,stealthy,3,30,kerm_03,False,22.537805557250977
fedavg,stealthy,3,30,rsna_11,False,24.27521324157715
fedavg,stealthy,3,30,kerm_07,False,29.79713249206543
fedavg,stealthy,4,1,rsna_04,False,22.957246780395508
fedavg,stealthy,4,1,kerm_07,False,22.17970848083496
fedavg,stealthy,4,1,rsna_02,False,23.48798942565918
fedavg,stealthy,4,1,kerm_02,False,22.726097106933594
fedavg,stealthy,4,1,rsna_10,False,22.286977767944336
fedavg,stealthy,4,1,rsna_08,False,22.54490089416504
fedavg,stealthy,4,1,rsna_11,False,22.41547393798828
fedavg,stealthy,4,1,kerm_05,False,22.19849967956543
fedavg,stealthy,4,1,rsna_06,False,22.755281448364258
fedavg,stealthy,4,1,rsna_01,False,23.095054626464844
fedavg,stealthy,4,1,rsna_03,False,23.699981689453125
fedavg,stealthy,4,1,rsna_12,False,22.275646209716797
fedavg,stealthy,4,1,rsna_09,False,22.85918617248535
fedavg,stealthy,4,1,rsna_07,False,23.157758712768555
fedavg,stealthy,4,1,kerm_08,False,22.37786865234375
fedavg,stealthy,4,2,rsna_06,False,18.861433029174805
fedavg,stealthy,4,2,kerm_06,False,17.83277702331543
fedavg,stealthy,4,2,kerm_03,False,17.060474395751953
fedavg,stealthy,4,2,rsna_04,False,18.770143508911133
fedavg,stealthy,4,2,rsna_09,False,17.92205047607422
fedavg,stealthy,4,2,kerm_08,False,17.101701736450195
fedavg,stealthy,4,2,rsna_08,False,17.896080017089844
fedavg,stealthy,4,2,rsna_12,False,17.70382308959961
fedavg,stealthy,4,2,rsna_11,False,18.218557357788086
fedavg,stealthy,4,2,rsna_02,False,19.3800106048584
fedavg,stealthy,4,2,rsna_03,False,18.884685516357422
fedavg,stealthy,4,2,rsna_05,False,19.633657455444336
fedavg,stealthy,4,2,kerm_07,False,17.9929141998291
fedavg,stealthy,4,2,rsna_07,False,18.112106323242188
fedavg,stealthy,4,2,rsna_01,False,19.617271423339844
fedavg,stealthy,4,3,kerm_01,False,17.65772819519043
fedavg,stealthy,4,3,rsna_08,False,18.699399948120117
fedavg,stealthy,4,3,kerm_02,False,18.580028533935547
fedavg,stealthy,4,3,kerm_08,False,20.353687286376953
fedavg,stealthy,4,3,rsna_01,False,22.106386184692383
fedavg,stealthy,4,3,rsna_10,False,20.20857048034668
fedavg,stealthy,4,3,kerm_06,False,20.47515869140625
fedavg,stealthy,4,3,rsna_11,False,18.741708755493164
fedavg,stealthy,4,3,rsna_09,False,18.94251251220703
fedavg,stealthy,4,3,kerm_05,False,18.552997589111328
fedavg,stealthy,4,3,rsna_03,False,21.192058563232422
fedavg,stealthy,4,3,kerm_07,False,19.429149627685547
fedavg,stealthy,4,3,rsna_06,False,18.487873077392578
fedavg,stealthy,4,3,rsna_04,False,19.281288146972656
fedavg,stealthy,4,3,rsna_05,False,18.634937286376953
fedavg,stealthy,4,4,kerm_01,False,17.488731384277344
fedavg,stealthy,4,4,rsna_12,False,18.995168685913086
fedavg,stealthy,4,4,rsna_06,False,20.55059242248535
fedavg,stealthy,4,4,rsna_07,False,19.39058494567871
fedavg,stealthy,4,4,kerm_02,False,17.696914672851562
fedavg,stealthy,4,4,kerm_04,False,17.611597061157227
fedavg,stealthy,4,4,rsna_05,False,19.616479873657227
fedavg,stealthy,4,4,rsna_04,False,18.93760108947754
fedavg,stealthy,4,4,rsna_11,False,18.237802505493164
fedavg,stealthy,4,4,rsna_03,False,21.389188766479492
fedavg,stealthy,4,4,kerm_07,False,19.110273361206055
fedavg,stealthy,4,4,rsna_08,False,18.623878479003906
fedavg,stealthy,4,4,rsna_01,False,24.19495964050293
fedavg,stealthy,4,4,kerm_03,False,17.763107299804688
fedavg,stealthy,4,4,kerm_08,False,20.27086639404297
fedavg,stealthy,4,5,rsna_11,False,18.72195816040039
fedavg,stealthy,4,5,rsna_09,False,19.136749267578125
fedavg,stealthy,4,5,kerm_01,False,17.522409439086914
fedavg,stealthy,4,5,kerm_04,False,18.57770538330078
fedavg,stealthy,4,5,kerm_06,False,19.571786880493164
fedavg,stealthy,4,5,rsna_06,False,19.695669174194336
fedavg,stealthy,4,5,kerm_02,False,18.84893035888672
fedavg,stealthy,4,5,rsna_12,False,18.490644454956055
fedavg,stealthy,4,5,rsna_05,False,19.41985511779785
fedavg,stealthy,4,5,rsna_07,False,18.29868507385254
fedavg,stealthy,4,5,rsna_02,False,23.238500595092773
fedavg,stealthy,4,5,kerm_08,False,20.57044219970703
fedavg,stealthy,4,5,kerm_07,False,20.08156967163086
fedavg,stealthy,4,5,kerm_03,False,17.057950973510742
fedavg,stealthy,4,5,rsna_10,False,18.636743545532227
fedavg,stealthy,4,6,rsna_02,False,23.697927474975586
fedavg,stealthy,4,6,rsna_11,False,18.658313751220703
fedavg,stealthy,4,6,rsna_04,False,23.015987396240234
fedavg,stealthy,4,6,rsna_12,False,18.08595848083496
fedavg,stealthy,4,6,kerm_07,False,19.437759399414062
fedavg,stealthy,4,6,kerm_08,False,20.316022872924805
fedavg,stealthy,4,6,rsna_03,False,24.6267032623291
fedavg,stealthy,4,6,rsna_07,False,18.97230339050293
fedavg,stealthy,4,6,kerm_03,False,18.183481216430664
fedavg,stealthy,4,6,kerm_04,False,17.703582763671875
fedavg,stealthy,4,6,kerm_06,False,18.29547882080078
fedavg,stealthy,4,6,rsna_05,False,22.57478904724121
fedavg,stealthy,4,6,kerm_05,False,16.609601974487305
fedavg,stealthy,4,6,kerm_02,False,18.5913143157959
fedavg,stealthy,4,6,kerm_01,False,19.40610122680664
fedavg,stealthy,4,7,rsna_02,False,23.528146743774414
fedavg,stealthy,4,7,kerm_05,False,20.11585807800293
fedavg,stealthy,4,7,rsna_05,False,20.649311065673828
fedavg,stealthy,4,7,rsna_06,False,20.91203498840332
fedavg,stealthy,4,7,kerm_01,False,19.48477554321289
fedavg,stealthy,4,7,rsna_01,False,28.378480911254883
fedavg,stealthy,4,7,rsna_09,False,19.934534072875977
fedavg,stealthy,4,7,kerm_04,False,18.604997634887695
fedavg,stealthy,4,7,kerm_06,False,19.11109161376953
fedavg,stealthy,4,7,rsna_11,False,18.44598388671875
fedavg,stealthy,4,7,kerm_03,False,19.165786743164062
fedavg,stealthy,4,7,rsna_10,False,19.66317367553711
fedavg,stealthy,4,7,rsna_04,False,22.266963958740234
fedavg,stealthy,4,7,rsna_12,False,19.589384078979492
fedavg,stealthy,4,7,rsna_08,False,19.6270694732666
fedavg,stealthy,4,8,kerm_01,False,19.247835159301758
fedavg,stealthy,4,8,kerm_04,False,19.332345962524414
fedavg,stealthy,4,8,kerm_07,False,21.41103744506836
fedavg,stealthy,4,8,rsna_04,False,20.251955032348633
fedavg,stealthy,4,8,rsna_08,False,19.765758514404297
fedavg,stealthy,4,8,kerm_08,False,22.12730598449707
fedavg,stealthy,4,8,rsna_09,False,21.480506896972656
fedavg,stealthy,4,8,rsna_05,False,19.4154052734375
fedavg,stealthy,4,8,rsna_07,False,19.58832550048828
fedavg,stealthy,4,8,rsna_12,False,23.038742065429688
fedavg,stealthy,4,8,kerm_06,False,22.88188934326172
fedavg,stealthy,4,8,rsna_11,False,20.403331756591797
fedavg,stealthy,4,8,rsna_02,False,22.58802604675293
fedavg,stealthy,4,8,kerm_02,False,19.11258888244629
fedavg,stealthy,4,8,rsna_06,False,21.126325607299805
fedavg,stealthy,4,9,kerm_07,False,20.56624984741211
fedavg,stealthy,4,9,rsna_05,False,22.611473083496094
fedavg,stealthy,4,9,kerm_05,False,18.216697692871094
fedavg,stealthy,4,9,kerm_01,False,23.453283309936523
fedavg,stealthy,4,9,rsna_09,False,18.644628524780273
fedavg,stealthy,4,9,kerm_03,False,21.31169319152832
fedavg,stealthy,4,9,rsna_02,False,22.18868637084961
fedavg,stealthy,4,9,kerm_02,False,21.542428970336914
fedavg,stealthy,4,9,kerm_08,False,20.361942291259766
fedavg,stealthy,4,9,rsna_06,False,19.96878433227539
fedavg,stealthy,4,9,rsna_04,False,22.91745376586914
fedavg,stealthy,4,9,rsna_10,False,20.997343063354492
fedavg,stealthy,4,9,rsna_07,False,24.685823440551758
fedavg,stealthy,4,9,kerm_06,False,19.742204666137695
fedavg,stealthy,4,9,rsna_03,False,24.57988929748535
fedavg,stealthy,4,10,kerm_06,False,21.426082611083984
fedavg,stealthy,4,10,rsna_02,False,22.641504287719727
fedavg,stealthy,4,10,rsna_01,False,23.11023712158203
fedavg,stealthy,4,10,rsna_07,False,22.14408302307129
fedavg,stealthy,4,10,kerm_05,False,19.475248336791992
fedavg,stealthy,4,10,kerm_04,False,19.89986801147461
fedavg,stealthy,4,10,rsna_08,False,21.687152862548828
fedavg,stealthy,4,10,kerm_01,False,19.794395446777344
fedavg,stealthy,4,10,kerm_02,False,19.002002716064453
fedavg,stealthy,4,10,kerm_08,False,22.40451431274414
fedavg,stealthy,4,10,rsna_05,False,19.236011505126953
fedavg,stealthy,4,10,rsna_04,False,20.781795501708984
fedavg,stealthy,4,10,rsna_06,False,20.852014541625977
fedavg,stealthy,4,10,kerm_03,False,18.779855728149414
fedavg,stealthy,4,10,rsna_03,False,25.52449607849121
fedavg,stealthy,4,11,kerm_06,False,20.40768814086914
fedavg,stealthy,4,11,kerm_07,False,22.743412017822266
fedavg,stealthy,4,11,rsna_12,False,20.661996841430664
fedavg,stealthy,4,11,kerm_05,False,21.09715461730957
fedavg,stealthy,4,11,rsna_10,False,23.09768295288086
fedavg,stealthy,4,11,rsna_08,False,23.782867431640625
fedavg,stealthy,4,11,rsna_04,False,24.734607696533203
fedavg,stealthy,4,11,kerm_08,False,23.29486656188965
fedavg,stealthy,4,11,rsna_07,False,20.771263122558594
fedavg,stealthy,4,11,kerm_01,False,20.178096771240234
fedavg,stealthy,4,11,rsna_06,False,21.71199607849121
fedavg,stealthy,4,11,rsna_02,False,23.60647201538086
fedavg,stealthy,4,11,kerm_04,False,19.527891159057617
fedavg,stealthy,4,11,rsna_01,False,25.803329467773438
fedavg,stealthy,4,11,rsna_09,False,20.722667694091797
fedavg,stealthy,4,12,rsna_05,False,23.884231567382812
fedavg,stealthy,4,12,rsna_09,False,18.392499923706055
fedavg,stealthy,4,12,rsna_10,False,21.840402603149414
fedavg,stealthy,4,12,rsna_08,False,25.74610137939453
fedavg,stealthy,4,12,kerm_08,False,21.916912078857422
fedavg,stealthy,4,12,rsna_02,False,23.263648986816406
fedavg,stealthy,4,12,kerm_07,False,20.73345375061035
fedavg,stealthy,4,12,rsna_01,False,25.901554107666016
fedavg,stealthy,4,12,rsna_11,False,21.300273895263672
fedavg,stealthy,4,12,kerm_06,False,21.25815200805664
fedavg,stealthy,4,12,kerm_03,False,18.185535430908203
fedavg,stealthy,4,12,rsna_12,False,19.087360382080078
fedavg,stealthy,4,12,kerm_04,False,19.668790817260742
fedavg,stealthy,4,12,rsna_03,False,23.81427764892578
fedavg,stealthy,4,12,rsna_07,False,19.87189292907715
fedavg,stealthy,4,13,rsna_01,False,25.43565559387207
fedavg,stealthy,4,13,rsna_04,False,23.53600311279297
fedavg,stealthy,4,13,rsna_03,False,25.261075973510742
fedavg,stealthy,4,13,kerm_03,False,26.0430850982666
fedavg,stealthy,4,13,rsna_08,False,20.753915786743164
fedavg,stealthy,4,13,rsna_09,False,19.184406280517578
fedavg,stealthy,4,13,kerm_07,False,20.6003475189209
fedavg,stealthy,4,13,rsna_10,False,20.36113739013672
fedavg,stealthy,4,13,rsna_05,False,20.61284828186035
fedavg,stealthy,4,13,kerm_06,False,20.44218635559082
fedavg,stealthy,4,13,kerm_01,False,22.18243980407715
fedavg,stealthy,4,13,rsna_12,False,20.152881622314453
fedavg,stealthy,4,13,rsna_06,False,21.162738800048828
fedavg,stealthy,4,13,rsna_07,False,18.117115020751953
fedavg,stealthy,4,13,kerm_02,False,21.739206314086914
fedavg,stealthy,4,14,kerm_01,False,22.241954803466797
fedavg,stealthy,4,14,rsna_09,False,22.201976776123047
fedavg,stealthy,4,14,rsna_05,False,28.912473678588867
fedavg,stealthy,4,14,kerm_02,False,22.203279495239258
fedavg,stealthy,4,14,rsna_01,False,24.386722564697266
fedavg,stealthy,4,14,rsna_10,False,22.2419376373291
fedavg,stealthy,4,14,kerm_08,False,23.30023956298828
fedavg,stealthy,4,14,rsna_04,False,20.534526824951172
fedavg,stealthy,4,14,rsna_11,False,22.349130630493164
fedavg,stealthy,4,14,rsna_03,False,25.693649291992188
fedavg,stealthy,4,14,kerm_03,False,22.706819534301758
fedavg,stealthy,4,14,kerm_05,False,19.90557861328125
fedavg,stealthy,4,14,rsna_02,False,28.75381851196289
fedavg,stealthy,4,14,rsna_06,False,19.57134437561035
fedavg,stealthy,4,14,kerm_07,False,24.973649978637695
fedavg,stealthy,4,15,rsna_12,True,34.831871032714844
fedavg,stealthy,4,15,rsna_06,False,20.280818939208984
fedavg,stealthy,4,15,rsna_01,False,24.69828224182129
fedavg,stealthy,4,15,rsna_02,False,23.598636627197266
fedavg,stealthy,4,15,rsna_04,False,25.028104782104492
fedavg,stealthy,4,15,rsna_05,False,27.1838321685791
fedavg,stealthy,4,15,kerm_02,False,24.449932098388672
fedavg,stealthy,4,15,kerm_06,False,22.004810333251953
fedavg,stealthy,4,15,rsna_09,False,20.22601318359375
fedavg,stealthy,4,15,kerm_03,False,20.318571090698242
fedavg,stealthy,4,15,rsna_10,False,23.625471115112305
fedavg,stealthy,4,15,rsna_03,False,27.872804641723633
fedavg,stealthy,4,15,rsna_11,False,19.216495513916016
fedavg,stealthy,4,15,kerm_07,False,23.433631896972656
fedavg,stealthy,4,15,kerm_04,False,19.940187454223633
fedavg,stealthy,4,16,rsna_12,True,28.448030471801758
fedavg,stealthy,4,16,kerm_07,False,23.54550552368164
fedavg,stealthy,4,16,kerm_06,False,24.395706176757812
fedavg,stealthy,4,16,rsna_08,False,32.4392204284668
fedavg,stealthy,4,16,kerm_03,False,21.371307373046875
fedavg,stealthy,4,16,kerm_01,False,25.83989143371582
fedavg,stealthy,4,16,rsna_04,False,22.025287628173828
fedavg,stealthy,4,16,rsna_01,False,32.26511764526367
fedavg,stealthy,4,16,rsna_07,False,24.140331268310547
fedavg,stealthy,4,16,rsna_02,False,27.364734649658203
fedavg,stealthy,4,16,rsna_11,False,19.110557556152344
fedavg,stealthy,4,16,rsna_03,False,27.18799591064453
fedavg,stealthy,4,16,kerm_08,False,26.188920974731445
fedavg,stealthy,4,16,rsna_10,False,20.54652976989746
fedavg,stealthy,4,16,kerm_05,False,22.347143173217773
fedavg,stealthy,4,17,rsna_12,True,25.882213592529297
fedavg,stealthy,4,17,kerm_02,False,19.75806999206543
fedavg,stealthy,4,17,rsna_10,False,20.941883087158203
fedavg,stealthy,4,17,kerm_01,False,24.342554092407227
fedavg,stealthy,4,17,rsna_04,False,24.902231216430664
fedavg,stealthy,4,17,rsna_11,False,20.521387100219727
fedavg,stealthy,4,17,rsna_06,False,24.51588249206543
fedavg,stealthy,4,17,kerm_07,False,23.10041618347168
fedavg,stealthy,4,17,kerm_05,False,24.17755699157715
fedavg,stealthy,4,17,kerm_04,False,22.020084381103516
fedavg,stealthy,4,17,rsna_03,False,24.44711685180664
fedavg,stealthy,4,17,rsna_01,False,27.118854522705078
fedavg,stealthy,4,17,kerm_06,False,24.9748592376709
fedavg,stealthy,4,17,rsna_07,False,24.25729751586914
fedavg,stealthy,4,17,kerm_03,False,22.35905647277832
fedavg,stealthy,4,18,rsna_12,True,29.372922897338867
fedavg,stealthy,4,18,rsna_07,False,29.398378372192383
fedavg,stealthy,4,18,kerm_03,False,20.825082778930664
fedavg,stealthy,4,18,kerm_08,False,26.427635192871094
fedavg,stealthy,4,18,kerm_02,False,24.411285400390625
fedavg,stealthy,4,18,rsna_08,False,29.70241928100586
fedavg,stealthy,4,18,kerm_01,False,25.852706909179688
fedavg,stealthy,4,18,rsna_09,False,21.00588035583496
fedavg,stealthy,4,18,kerm_04,False,20.198076248168945
fedavg,stealthy,4,18,rsna_01,False,28.11936378479004
fedavg,stealthy,4,18,rsna_10,False,20.220821380615234
fedavg,stealthy,4,18,rsna_11,False,21.095264434814453
fedavg,stealthy,4,18,rsna_04,False,19.91516876220703
fedavg,stealthy,4,18,rsna_02,False,28.882963180541992
fedavg,stealthy,4,18,rsna_06,False,21.498140335083008
fedavg,stealthy,4,19,rsna_12,True,25.963693618774414
fedavg,stealthy,4,19,rsna_06,False,22.488122940063477
fedavg,stealthy,4,19,kerm_05,False,20.29439353942871
fedavg,stealthy,4,19,rsna_04,False,24.08451271057129
fedavg,stealthy,4,19,rsna_01,False,26.50931739807129
fedavg,stealthy,4,19,kerm_01,False,23.286792755126953
fedavg,stealthy,4,19,kerm_02,False,21.50348663330078
fedavg,stealthy,4,19,rsna_10,False,23.860042572021484
fedavg,stealthy,4,19,kerm_03,False,20.06003189086914
fedavg,stealthy,4,19,rsna_07,False,22.624425888061523
fedavg,stealthy,4,19,kerm_08,False,27.047983169555664
fedavg,stealthy,4,19,rsna_08,False,27.689661026000977
fedavg,stealthy,4,19,kerm_06,False,22.032001495361328
fedavg,stealthy,4,19,kerm_04,False,20.84858512878418
fedavg,stealthy,4,19,kerm_07,False,24.6966552734375
fedavg,stealthy,4,20,rsna_12,True,27.469425201416016
fedavg,stealthy,4,20,kerm_03,False,21.062047958374023
fedavg,stealthy,4,20,kerm_08,False,24.117015838623047
fedavg,stealthy,4,20,rsna_07,False,19.990394592285156
fedavg,stealthy,4,20,kerm_06,False,23.452774047851562
fedavg,stealthy,4,20,rsna_03,False,26.11534881591797
fedavg,stealthy,4,20,rsna_10,False,27.332748413085938
fedavg,stealthy,4,20,rsna_05,False,35.37370681762695
fedavg,stealthy,4,20,rsna_09,False,20.680007934570312
fedavg,stealthy,4,20,rsna_06,False,24.89398956298828
fedavg,stealthy,4,20,rsna_04,False,26.091398239135742
fedavg,stealthy,4,20,rsna_01,False,37.3067741394043
fedavg,stealthy,4,20,kerm_04,False,20.14765739440918
fedavg,stealthy,4,20,rsna_02,False,29.24566650390625
fedavg,stealthy,4,20,rsna_08,False,27.855100631713867
fedavg,stealthy,4,21,rsna_12,True,31.119157791137695
fedavg,stealthy,4,21,rsna_07,False,23.180316925048828
fedavg,stealthy,4,21,kerm_03,False,21.633134841918945
fedavg,stealthy,4,21,rsna_11,False,23.32891845703125
fedavg,stealthy,4,21,rsna_05,False,29.82908821105957
fedavg,stealthy,4,21,kerm_08,False,29.5299015045166
fedavg,stealthy,4,21,rsna_02,False,24.926645278930664
fedavg,stealthy,4,21,rsna_03,False,26.46797752380371
fedavg,stealthy,4,21,rsna_01,False,29.787675857543945
fedavg,stealthy,4,21,rsna_08,False,19.726512908935547
fedavg,stealthy,4,21,kerm_04,False,25.078977584838867
fedavg,stealthy,4,21,rsna_04,False,28.640090942382812
fedavg,stealthy,4,21,kerm_02,False,22.30146598815918
fedavg,stealthy,4,21,rsna_09,False,24.532257080078125
fedavg,stealthy,4,21,kerm_07,False,27.744340896606445
fedavg,stealthy,4,22,rsna_12,True,23.991010665893555
fedavg,stealthy,4,22,rsna_09,False,21.041135787963867
fedavg,stealthy,4,22,kerm_04,False,28.862274169921875
fedavg,stealthy,4,22,kerm_03,False,24.923295974731445
fedavg,stealthy,4,22,kerm_01,False,22.68412971496582
fedavg,stealthy,4,22,rsna_04,False,33.52748489379883
fedavg,stealthy,4,22,rsna_05,False,22.985736846923828
fedavg,stealthy,4,22,kerm_08,False,28.431325912475586
fedavg,stealthy,4,22,kerm_06,False,26.600584030151367
fedavg,stealthy,4,22,rsna_08,False,24.653907775878906
fedavg,stealthy,4,22,rsna_02,False,29.056970596313477
fedavg,stealthy,4,22,kerm_02,False,25.082908630371094
fedavg,stealthy,4,22,rsna_01,False,33.80049133300781
fedavg,stealthy,4,22,rsna_07,False,25.30959701538086
fedavg,stealthy,4,22,rsna_11,False,22.195093154907227
fedavg,stealthy,4,23,rsna_12,True,27.8558349609375
fedavg,stealthy,4,23,kerm_06,False,25.933435440063477
fedavg,stealthy,4,23,rsna_07,False,20.521892547607422
fedavg,stealthy,4,23,rsna_06,False,24.929338455200195
fedavg,stealthy,4,23,kerm_01,False,25.12118911743164
fedavg,stealthy,4,23,rsna_01,False,40.98786544799805
fedavg,stealthy,4,23,rsna_04,False,23.47079086303711
fedavg,stealthy,4,23,rsna_10,False,26.435161590576172
fedavg,stealthy,4,23,kerm_07,False,25.34591293334961
fedavg,stealthy,4,23,kerm_03,False,18.83308219909668
fedavg,stealthy,4,23,kerm_04,False,20.66990852355957
fedavg,stealthy,4,23,rsna_11,False,22.399158477783203
fedavg,stealthy,4,23,rsna_09,False,21.855209350585938
fedavg,stealthy,4,23,rsna_02,False,24.480974197387695
fedavg,stealthy,4,23,rsna_05,False,21.914806365966797
fedavg,stealthy,4,24,rsna_12,True,33.9286994934082
fedavg,stealthy,4,24,rsna_10,False,27.523693084716797
fedavg,stealthy,4,24,rsna_06,False,28.38851547241211
fedavg,stealthy,4,24,kerm_06,False,28.511539459228516
fedavg,stealthy,4,24,rsna_02,False,29.587875366210938
fedavg,stealthy,4,24,rsna_04,False,26.06294822692871
fedavg,stealthy,4,24,rsna_09,False,35.181480407714844
fedavg,stealthy,4,24,kerm_08,False,29.74585723876953
fedavg,stealthy,4,24,kerm_07,False,24.89762306213379
fedavg,stealthy,4,24,kerm_03,False,20.264148712158203
fedavg,stealthy,4,24,kerm_04,False,27.637474060058594
fedavg,stealthy,4,24,kerm_02,False,22.51798439025879
fedavg,stealthy,4,24,rsna_01,False,31.5467472076416
fedavg,stealthy,4,24,kerm_05,False,20.712902069091797
fedavg,stealthy,4,24,rsna_07,False,19.162221908569336
fedavg,stealthy,4,25,rsna_12,True,30.61381721496582
fedavg,stealthy,4,25,rsna_02,False,26.480859756469727
fedavg,stealthy,4,25,kerm_08,False,28.95549774169922
fedavg,stealthy,4,25,kerm_07,False,25.335763931274414
fedavg,stealthy,4,25,kerm_05,False,22.45822525024414
fedavg,stealthy,4,25,rsna_09,False,19.41959571838379
fedavg,stealthy,4,25,rsna_07,False,21.5157413482666
fedavg,stealthy,4,25,rsna_04,False,26.646751403808594
fedavg,stealthy,4,25,rsna_03,False,34.118865966796875
fedavg,stealthy,4,25,kerm_06,False,25.74789810180664
fedavg,stealthy,4,25,kerm_01,False,25.175634384155273
fedavg,stealthy,4,25,kerm_02,False,25.819664001464844
fedavg,stealthy,4,25,rsna_10,False,25.913522720336914
fedavg,stealthy,4,25,rsna_11,False,21.941783905029297
fedavg,stealthy,4,25,rsna_01,False,36.6553840637207
fedavg,stealthy,4,26,rsna_12,True,26.18474769592285
fedavg,stealthy,4,26,kerm_07,False,28.417051315307617
fedavg,stealthy,4,26,kerm_05,False,24.13344383239746
fedavg,stealthy,4,26,rsna_09,False,21.460355758666992
fedavg,stealthy,4,26,rsna_06,False,23.506900787353516
fedavg,stealthy,4,26,kerm_01,False,23.05873680114746
fedavg,stealthy,4,26,kerm_04,False,22.021556854248047
fedavg,stealthy,4,26,rsna_02,False,27.068838119506836
fedavg,stealthy,4,26,kerm_02,False,26.546621322631836
fedavg,stealthy,4,26,rsna_07,False,28.732206344604492
fedavg,stealthy,4,26,rsna_01,False,33.32570266723633
fedavg,stealthy,4,26,kerm_06,False,26.35661506652832
fedavg,stealthy,4,26,rsna_05,False,29.955202102661133
fedavg,stealthy,4,26,kerm_08,False,27.8831844329834
fedavg,stealthy,4,26,rsna_04,False,23.416492462158203
fedavg,stealthy,4,27,rsna_12,True,24.601791381835938
fedavg,stealthy,4,27,rsna_03,False,26.408266067504883
fedavg,stealthy,4,27,kerm_02,False,21.071950912475586
fedavg,stealthy,4,27,kerm_06,False,25.96633529663086
fedavg,stealthy,4,27,kerm_04,False,28.36003875732422
fedavg,stealthy,4,27,rsna_09,False,21.02958869934082
fedavg,stealthy,4,27,rsna_01,False,33.242916107177734
fedavg,stealthy,4,27,rsna_08,False,27.058818817138672
fedavg,stealthy,4,27,rsna_05,False,23.227157592773438
fedavg,stealthy,4,27,kerm_07,False,32.412052154541016
fedavg,stealthy,4,27,kerm_08,False,32.28450012207031
fedavg,stealthy,4,27,rsna_04,False,23.86419105529785
fedavg,stealthy,4,27,rsna_02,False,40.1445198059082
fedavg,stealthy,4,27,kerm_01,False,25.99401092529297
fedavg,stealthy,4,27,kerm_03,False,37.454254150390625
fedavg,stealthy,4,28,rsna_12,True,26.946735382080078
fedavg,stealthy,4,28,rsna_01,False,30.889310836791992
fedavg,stealthy,4,28,kerm_08,False,31.130109786987305
fedavg,stealthy,4,28,rsna_05,False,29.548810958862305
fedavg,stealthy,4,28,rsna_07,False,23.277240753173828
fedavg,stealthy,4,28,rsna_08,False,30.91475486755371
fedavg,stealthy,4,28,rsna_03,False,38.04314422607422
fedavg,stealthy,4,28,rsna_09,False,26.538841247558594
fedavg,stealthy,4,28,rsna_11,False,29.536396026611328
fedavg,stealthy,4,28,rsna_02,False,28.692520141601562
fedavg,stealthy,4,28,kerm_07,False,23.688047409057617
fedavg,stealthy,4,28,kerm_02,False,26.144201278686523
fedavg,stealthy,4,28,rsna_04,False,24.16105842590332
fedavg,stealthy,4,28,kerm_05,False,24.405563354492188
fedavg,stealthy,4,28,kerm_04,False,28.167572021484375
fedavg,stealthy,4,29,rsna_12,True,29.769916534423828
fedavg,stealthy,4,29,rsna_01,False,38.75311279296875
fedavg,stealthy,4,29,rsna_11,False,24.783283233642578
fedavg,stealthy,4,29,kerm_01,False,24.33713722229004
fedavg,stealthy,4,29,rsna_02,False,40.57338333129883
fedavg,stealthy,4,29,rsna_05,False,28.719247817993164
fedavg,stealthy,4,29,kerm_05,False,24.83130645751953
fedavg,stealthy,4,29,rsna_03,False,33.40567398071289
fedavg,stealthy,4,29,rsna_09,False,22.886005401611328
fedavg,stealthy,4,29,kerm_06,False,27.986268997192383
fedavg,stealthy,4,29,rsna_06,False,22.878868103027344
fedavg,stealthy,4,29,kerm_08,False,33.505943298339844
fedavg,stealthy,4,29,kerm_02,False,27.0665225982666
fedavg,stealthy,4,29,rsna_04,False,22.667810440063477
fedavg,stealthy,4,29,rsna_10,False,24.445240020751953
fedavg,stealthy,4,30,rsna_12,True,27.17283058166504
fedavg,stealthy,4,30,rsna_11,False,30.0882511138916
fedavg,stealthy,4,30,rsna_03,False,31.319499969482422
fedavg,stealthy,4,30,rsna_01,False,48.61475372314453
fedavg,stealthy,4,30,rsna_08,False,49.648963928222656
fedavg,stealthy,4,30,kerm_07,False,32.66265869140625
fedavg,stealthy,4,30,kerm_01,False,24.600149154663086
fedavg,stealthy,4,30,rsna_07,False,26.347274780273438
fedavg,stealthy,4,30,rsna_05,False,26.260438919067383
fedavg,stealthy,4,30,rsna_09,False,28.973175048828125
fedavg,stealthy,4,30,kerm_05,False,30.295610427856445
fedavg,stealthy,4,30,rsna_02,False,34.918487548828125
fedavg,stealthy,4,30,kerm_04,False,27.66337776184082
fedavg,stealthy,4,30,kerm_02,False,26.252904891967773
fedavg,stealthy,4,30,rsna_06,False,22.712804794311523
fedavg,loud,0,1,kerm_03,False,22.675161361694336
fedavg,loud,0,1,kerm_05,False,22.583099365234375
fedavg,loud,0,1,rsna_08,False,22.604747772216797
fedavg,loud,0,1,rsna_11,False,22.102296829223633
fedavg,loud,0,1,kerm_04,False,22.470598220825195
fedavg,loud,0,1,rsna_07,False,23.21347999572754
fedavg,loud,0,1,kerm_06,False,22.593978881835938
fedavg,loud,0,1,kerm_01,False,23.626386642456055
fedavg,loud,0,1,rsna_02,False,22.829185485839844
fedavg,loud,0,1,kerm_08,False,22.98975372314453
fedavg,loud,0,1,rsna_12,False,22.653305053710938
fedavg,loud,0,1,rsna_04,False,22.91458511352539
fedavg,loud,0,1,rsna_05,False,22.801280975341797
fedavg,loud,0,1,rsna_06,False,23.003292083740234
fedavg,loud,0,1,rsna_03,False,23.2623291015625
fedavg,loud,0,2,kerm_03,False,16.638105392456055
fedavg,loud,0,2,rsna_08,False,18.47168731689453
fedavg,loud,0,2,kerm_06,False,16.71729278564453
fedavg,loud,0,2,rsna_06,False,18.016714096069336
fedavg,loud,0,2,rsna_01,False,20.368091583251953
fedavg,loud,0,2,rsna_03,False,18.860370635986328
fedavg,loud,0,2,rsna_09,False,18.493270874023438
fedavg,loud,0,2,kerm_01,False,17.94164276123047
fedavg,loud,0,2,rsna_11,False,18.372718811035156
fedavg,loud,0,2,rsna_10,False,17.834211349487305
fedavg,loud,0,2,kerm_02,False,17.110666275024414
fedavg,loud,0,2,rsna_05,False,18.576927185058594
fedavg,loud,0,2,kerm_07,False,17.83454132080078
fedavg,loud,0,2,kerm_08,False,17.307628631591797
fedavg,loud,0,2,kerm_05,False,17.47967529296875
fedavg,loud,0,3,rsna_10,False,18.251760482788086
fedavg,loud,0,3,rsna_06,False,18.611448287963867
fedavg,loud,0,3,rsna_04,False,19.37664794921875
fedavg,loud,0,3,kerm_07,False,18.509540557861328
fedavg,loud,0,3,rsna_12,False,19.095659255981445
fedavg,loud,0,3,kerm_05,False,17.717792510986328
fedavg,loud,0,3,kerm_08,False,18.45098304748535
fedavg,loud,0,3,rsna_07,False,17.835567474365234
fedavg,loud,0,3,rsna_01,False,24.785484313964844
fedavg,loud,0,3,rsna_03,False,19.447065353393555
fedavg,loud,0,3,rsna_11,False,19.131010055541992
fedavg,loud,0,3,kerm_06,False,17.89614486694336
fedavg,loud,0,3,rsna_09,False,17.550884246826172
fedavg,loud,0,3,rsna_08,False,17.877737045288086
fedavg,loud,0,3,kerm_02,False,16.667085647583008
fedavg,loud,0,4,rsna_03,False,20.187358856201172
fedavg,loud,0,4,kerm_08,False,19.28565788269043
fedavg,loud,0,4,rsna_05,False,20.283920288085938
fedavg,loud,0,4,kerm_06,False,18.617692947387695
fedavg,loud,0,4,rsna_06,False,19.2097110748291
fedavg,loud,0,4,kerm_01,False,18.48105812072754
fedavg,loud,0,4,rsna_08,False,18.72880744934082
fedavg,loud,0,4,kerm_04,False,18.85820960998535
fedavg,loud,0,4,rsna_04,False,19.704381942749023
fedavg,loud,0,4,kerm_07,False,20.06692886352539
fedavg,loud,0,4,kerm_03,False,17.16263198852539
fedavg,loud,0,4,rsna_07,False,18.749530792236328
fedavg,loud,0,4,kerm_02,False,17.603397369384766
fedavg,loud,0,4,rsna_01,False,22.387943267822266
fedavg,loud,0,4,rsna_02,False,24.116641998291016
fedavg,loud,0,5,kerm_02,False,16.778026580810547
fedavg,loud,0,5,rsna_04,False,20.379962921142578
fedavg,loud,0,5,rsna_11,False,19.874774932861328
fedavg,loud,0,5,kerm_06,False,22.939123153686523
fedavg,loud,0,5,kerm_03,False,18.645620346069336
fedavg,loud,0,5,rsna_06,False,19.48752212524414
fedavg,loud,0,5,rsna_09,False,18.66436004638672
fedavg,loud,0,5,rsna_03,False,21.170745849609375
fedavg,loud,0,5,kerm_01,False,17.461036682128906
fedavg,loud,0,5,kerm_05,False,18.808984756469727
fedavg,loud,0,5,rsna_12,False,19.911884307861328
fedavg,loud,0,5,rsna_07,False,19.006580352783203
fedavg,loud,0,5,kerm_07,False,20.359596252441406
fedavg,loud,0,5,rsna_10,False,18.51264762878418
fedavg,loud,0,5,rsna_02,False,19.839927673339844
fedavg,loud,0,6,rsna_05,False,20.532222747802734
fedavg,loud,0,6,rsna_11,False,19.082637786865234
fedavg,loud,0,6,kerm_02,False,17.099502563476562
fedavg,loud,0,6,rsna_07,False,18.85148811340332
fedavg,loud,0,6,kerm_04,False,18.285913467407227
fedavg,loud,0,6,rsna_01,False,22.780929565429688
fedavg,loud,0,6,kerm_03,False,18.702661514282227
fedavg,loud,0,6,kerm_06,False,20.976856231689453
fedavg,loud,0,6,kerm_08,False,20.23982810974121
fedavg,loud,0,6,rsna_03,False,20.956518173217773
fedavg,loud,0,6,kerm_05,False,21.96731185913086
fedavg,loud,0,6,rsna_02,False,24.599241256713867
fedavg,loud,0,6,kerm_01,False,18.154659271240234
fedavg,loud,0,6,rsna_08,False,19.037303924560547
fedavg,loud,0,6,rsna_10,False,19.12938117980957
fedavg,loud,0,7,rsna_07,False,18.94211196899414
fedavg,loud,0,7,rsna_01,False,28.637428283691406
fedavg,loud,0,7,rsna_08,False,18.242700576782227
fedavg,loud,0,7,kerm_06,False,19.162813186645508
fedavg,loud,0,7,rsna_09,False,18.19129753112793
fedavg,loud,0,7,rsna_05,False,20.894351959228516
fedavg,loud,0,7,rsna_04,False,19.968162536621094
fedavg,loud,0,7,kerm_02,False,17.163585662841797
fedavg,loud,0,7,rsna_06,False,19.78270149230957
fedavg,loud,0,7,rsna_03,False,20.672157287597656
fedavg,loud,0,7,kerm_07,False,20.11829948425293
fedavg,loud,0,7,rsna_02,False,23.754575729370117
fedavg,loud,0,7,kerm_03,False,17.693317413330078
fedavg,loud,0,7,kerm_01,False,17.718082427978516
fedavg,loud,0,7,rsna_12,False,20.04717254638672
fedavg,loud,0,8,kerm_04,False,22.218812942504883
fedavg,loud,0,8,kerm_07,False,24.477815628051758
fedavg,loud,0,8,rsna_02,False,20.402019500732422
fedavg,loud,0,8,rsna_01,False,25.170026779174805
fedavg,loud,0,8,kerm_03,False,20.32894515991211
fedavg,loud,0,8,rsna_07,False,18.820419311523438
fedavg,loud,0,8,kerm_01,False,17.63634490966797
fedavg,loud,0,8,rsna_11,False,19.488296508789062
fedavg,loud,0,8,rsna_06,False,20.29221534729004
fedavg,loud,0,8,kerm_02,False,18.594898223876953
fedavg,loud,0,8,rsna_03,False,19.38382339477539
fedavg,loud,0,8,kerm_06,False,21.811277389526367
fedavg,loud,0,8,kerm_08,False,22.697078704833984
fedavg,loud,0,8,rsna_08,False,19.386157989501953
fedavg,loud,0,8,rsna_09,False,18.988489151000977
fedavg,loud,0,9,rsna_07,False,19.44790267944336
fedavg,loud,0,9,kerm_08,False,21.81923484802246
fedavg,loud,0,9,kerm_05,False,18.726573944091797
fedavg,loud,0,9,rsna_09,False,18.710338592529297
fedavg,loud,0,9,rsna_02,False,23.638742446899414
fedavg,loud,0,9,kerm_06,False,24.391332626342773
fedavg,loud,0,9,rsna_12,False,19.167648315429688
fedavg,loud,0,9,kerm_07,False,25.229042053222656
fedavg,loud,0,9,rsna_05,False,22.755374908447266
fedavg,loud,0,9,rsna_11,False,20.992414474487305
fedavg,loud,0,9,kerm_03,False,18.115489959716797
fedavg,loud,0,9,rsna_08,False,19.035839080810547
fedavg,loud,0,9,kerm_01,False,18.88111686706543
fedavg,loud,0,9,kerm_04,False,19.110445022583008
fedavg,loud,0,9,rsna_06,False,21.76537322998047
fedavg,loud,0,10,kerm_07,False,20.42664337158203
fedavg,loud,0,10,rsna_01,False,26.446413040161133
fedavg,loud,0,10,rsna_10,False,18.650455474853516
fedavg,loud,0,10,rsna_04,False,21.133380889892578
fedavg,loud,0,10,kerm_06,False,19.08148956298828
fedavg,loud,0,10,rsna_07,False,21.357851028442383
fedavg,loud,0,10,rsna_05,False,24.301513671875
fedavg,loud,0,10,rsna_09,False,19.109296798706055
fedavg,loud,0,10,kerm_05,False,18.723878860473633
fedavg,loud,0,10,kerm_01,False,20.353092193603516
fedavg,loud,0,10,kerm_04,False,19.188880920410156
fedavg,loud,0,10,rsna_02,False,28.441238403320312
fedavg,loud,0,10,rsna_06,False,21.534984588623047
fedavg,loud,0,10,rsna_11,False,18.799427032470703
fedavg,loud,0,10,rsna_08,False,19.33243179321289
fedavg,loud,0,11,kerm_03,False,18.57987403869629
fedavg,loud,0,11,kerm_02,False,18.405588150024414
fedavg,loud,0,11,kerm_08,False,22.315542221069336
fedavg,loud,0,11,rsna_05,False,18.572797775268555
fedavg,loud,0,11,kerm_01,False,19.36261749267578
fedavg,loud,0,11,kerm_06,False,19.78631019592285
fedavg,loud,0,11,rsna_10,False,19.871402740478516
fedavg,loud,0,11,rsna_02,False,25.518720626831055
fedavg,loud,0,11,rsna_09,False,19.03910255432129
fedavg,loud,0,11,rsna_07,False,19.179656982421875
fedavg,loud,0,11,rsna_11,False,20.173643112182617
fedavg,loud,0,11,rsna_04,False,20.401968002319336
fedavg,loud,0,11,rsna_06,False,17.7174129486084
fedavg,loud,0,11,rsna_01,False,24.240657806396484
fedavg,loud,0,11,kerm_07,False,22.48044204711914
fedavg,loud,0,12,kerm_06,False,20.80946159362793
fedavg,loud,0,12,rsna_12,False,18.48282814025879
fedavg,loud,0,12,kerm_01,False,23.139251708984375
fedavg,loud,0,12,rsna_09,False,19.154556274414062
fedavg,loud,0,12,rsna_01,False,29.312652587890625
fedavg,loud,0,12,rsna_11,False,20.529417037963867
fedavg,loud,0,12,kerm_05,False,22.227588653564453
fedavg,loud,0,12,kerm_08,False,20.960811614990234
fedavg,loud,0,12,rsna_07,False,18.62799835205078
fedavg,loud,0,12,rsna_03,False,20.418018341064453
fedavg,loud,0,12,kerm_04,False,20.585376739501953
fedavg,loud,0,12,rsna_05,False,19.60606575012207
fedavg,loud,0,12,rsna_06,False,19.46354866027832
fedavg,loud,0,12,rsna_10,False,19.3795166015625
fedavg,loud,0,12,kerm_07,False,20.55743980407715
fedavg,loud,0,13,rsna_07,False,20.9157657623291
fedavg,loud,0,13,rsna_03,False,22.477039337158203
fedavg,loud,0,13,kerm_03,False,18.951095581054688
fedavg,loud,0,13,rsna_12,False,21.37965965270996
fedavg,loud,0,13,rsna_08,False,20.82610321044922
fedavg,loud,0,13,rsna_02,False,22.18671417236328
fedavg,loud,0,13,rsna_09,False,17.89764976501465
fedavg,loud,0,13,rsna_06,False,17.971567153930664
fedavg,loud,0,13,rsna_04,False,20.40814971923828
fedavg,loud,0,13,kerm_02,False,20.19119644165039
fedavg,loud,0,13,rsna_11,False,20.918153762817383
fedavg,loud,0,13,rsna_10,False,19.247365951538086
fedavg,loud,0,13,kerm_07,False,20.72210121154785
fedavg,loud,0,13,rsna_05,False,19.943058013916016
fedavg,loud,0,13,kerm_08,False,22.120708465576172
fedavg,loud,0,14,rsna_10,False,19.57701873779297
fedavg,loud,0,14,kerm_08,False,27.228912353515625
fedavg,loud,0,14,rsna_01,False,24.438745498657227
fedavg,loud,0,14,kerm_01,False,21.66271209716797
fedavg,loud,0,14,kerm_07,False,28.34147834777832
fedavg,loud,0,14,kerm_05,False,20.199737548828125
fedavg,loud,0,14,rsna_12,False,20.98298454284668
fedavg,loud,0,14,rsna_08,False,18.714519500732422
fedavg,loud,0,14,kerm_02,False,20.60930633544922
fedavg,loud,0,14,rsna_09,False,21.8037052154541
fedavg,loud,0,14,rsna_06,False,18.690763473510742
fedavg,loud,0,14,rsna_07,False,17.109477996826172
fedavg,loud,0,14,rsna_02,False,25.876192092895508
fedavg,loud,0,14,kerm_04,False,21.87321662902832
fedavg,loud,0,14,rsna_04,False,21.722829818725586
fedavg,loud,0,15,rsna_12,True,28.072778701782227
fedavg,loud,0,15,rsna_08,False,18.600563049316406
fedavg,loud,0,15,rsna_10,False,18.999223709106445
fedavg,loud,0,15,rsna_01,False,26.415847778320312
fedavg,loud,0,15,rsna_03,False,24.439075469970703
fedavg,loud,0,15,rsna_09,False,19.661239624023438
fedavg,loud,0,15,kerm_02,False,19.67072296142578
fedavg,loud,0,15,rsna_05,False,20.366300582885742
fedavg,loud,0,15,kerm_07,False,22.232097625732422
fedavg,loud,0,15,kerm_04,False,19.69805145263672
fedavg,loud,0,15,rsna_07,False,21.2549991607666
fedavg,loud,0,15,rsna_11,False,22.699020385742188
fedavg,loud,0,15,rsna_06,False,19.89168357849121
fedavg,loud,0,15,kerm_06,False,23.767744064331055
fedavg,loud,0,15,rsna_02,False,27.030269622802734
fedavg,loud,0,16,rsna_12,True,28.93437957763672
fedavg,loud,0,16,rsna_09,False,18.648088455200195
fedavg,loud,0,16,rsna_03,False,21.533483505249023
fedavg,loud,0,16,rsna_02,False,23.414390563964844
fedavg,loud,0,16,rsna_10,False,21.21253776550293
fedavg,loud,0,16,kerm_02,False,23.01427459716797
fedavg,loud,0,16,kerm_05,False,22.14984703063965
fedavg,loud,0,16,rsna_11,False,20.980270385742188
fedavg,loud,0,16,rsna_01,False,23.675769805908203
fedavg,loud,0,16,rsna_06,False,19.257001876831055
fedavg,loud,0,16,rsna_04,False,20.712732315063477
fedavg,loud,0,16,rsna_05,False,21.371191024780273
fedavg,loud,0,16,kerm_03,False,20.163320541381836
fedavg,loud,0,16,kerm_04,False,21.833860397338867
fedavg,loud,0,16,kerm_06,False,21.330699920654297
fedavg,loud,0,17,rsna_12,True,28.88959312438965
fedavg,loud,0,17,rsna_01,False,22.193126678466797
fedavg,loud,0,17,kerm_02,False,23.99148178100586
fedavg,loud,0,17,kerm_08,False,26.781911849975586
fedavg,loud,0,17,kerm_01,False,24.91045570373535
fedavg,loud,0,17,rsna_03,False,20.5068359375
fedavg,loud,0,17,rsna_04,False,20.933582305908203
fedavg,loud,0,17,kerm_05,False,23.685832977294922
fedavg,loud,0,17,rsna_02,False,25.18497085571289
fedavg,loud,0,17,kerm_04,False,20.31841468811035
fedavg,loud,0,17,rsna_10,False,20.59864616394043
fedavg,loud,0,17,kerm_06,False,22.402923583984375
fedavg,loud,0,17,rsna_09,False,21.470914840698242
fedavg,loud,0,17,rsna_11,False,29.367067337036133
fedavg,loud,0,17,rsna_08,False,21.434410095214844
fedavg,loud,0,18,rsna_12,True,32.76283645629883
fedavg,loud,0,18,rsna_11,False,22.029239654541016
fedavg,loud,0,18,rsna_06,False,20.501420974731445
fedavg,loud,0,18,rsna_02,False,24.63276481628418
fedavg,loud,0,18,kerm_06,False,31.938690185546875
fedavg,loud,0,18,kerm_02,False,23.1474552154541
fedavg,loud,0,18,kerm_07,False,26.244731903076172
fedavg,loud,0,18,kerm_03,False,23.111083984375
fedavg,loud,0,18,rsna_08,False,18.1711368560791
fedavg,loud,0,18,rsna_09,False,19.166093826293945
fedavg,loud,0,18,rsna_07,False,22.019367218017578
fedavg,loud,0,18,rsna_05,False,21.59248161315918
fedavg,loud,0,18,kerm_04,False,20.56855010986328
fedavg,loud,0,18,kerm_08,False,24.778812408447266
fedavg,loud,0,18,rsna_01,False,24.269845962524414
fedavg,loud,0,19,rsna_12,True,30.71468162536621
fedavg,loud,0,19,kerm_01,False,22.769166946411133
fedavg,loud,0,19,rsna_05,False,19.273391723632812
fedavg,loud,0,19,rsna_01,False,29.263587951660156
fedavg,loud,0,19,rsna_04,False,19.648475646972656
fedavg,loud,0,19,kerm_07,False,23.242000579833984
fedavg,loud,0,19,rsna_11,False,20.56035041809082
fedavg,loud,0,19,kerm_06,False,23.904695510864258
fedavg,loud,0,19,rsna_06,False,21.806142807006836
fedavg,loud,0,19,kerm_05,False,18.433443069458008
fedavg,loud,0,19,rsna_08,False,20.072572708129883
fedavg,loud,0,19,rsna_10,False,18.505443572998047
fedavg,loud,0,19,rsna_02,False,25.700401306152344
fedavg,loud,0,19,kerm_04,False,18.9287166595459
fedavg,loud,0,19,rsna_03,False,21.40560531616211
fedavg,loud,0,20,rsna_12,True,26.89185333251953
fedavg,loud,0,20,kerm_03,False,22.9637393951416
fedavg,loud,0,20,rsna_11,False,21.490114212036133
fedavg,loud,0,20,kerm_05,False,20.25756072998047
fedavg,loud,0,20,rsna_01,False,23.17191505432129
fedavg,loud,0,20,kerm_07,False,22.637937545776367
fedavg,loud,0,20,rsna_08,False,18.85597801208496
fedavg,loud,0,20,rsna_04,False,21.57592010498047
fedavg,loud,0,20,rsna_10,False,20.25602912902832
fedavg,loud,0,20,kerm_02,False,25.180078506469727
fedavg,loud,0,20,kerm_01,False,21.975954055786133
fedavg,loud,0,20,kerm_04,False,24.21649742126465
fedavg,loud,0,20,rsna_09,False,21.64685821533203
fedavg,loud,0,20,rsna_02,False,21.73432159423828
fedavg,loud,0,20,rsna_03,False,24.82709312438965
fedavg,loud,0,21,rsna_12,True,27.39849853515625
fedavg,loud,0,21,rsna_05,False,21.776901245117188
fedavg,loud,0,21,rsna_02,False,22.638763427734375
fedavg,loud,0,21,rsna_07,False,19.152070999145508
fedavg,loud,0,21,rsna_06,False,20.036420822143555
fedavg,loud,0,21,rsna_04,False,23.900747299194336
fedavg,loud,0,21,kerm_07,False,26.361021041870117
fedavg,loud,0,21,kerm_08,False,27.683141708374023
fedavg,loud,0,21,rsna_08,False,23.63214874267578
fedavg,loud,0,21,rsna_01,False,24.186416625976562
fedavg,loud,0,21,rsna_11,False,23.535654067993164
fedavg,loud,0,21,rsna_09,False,27.313459396362305
fedavg,loud,0,21,kerm_04,False,22.42981719970703
fedavg,loud,0,21,kerm_02,False,21.787168502807617
fedavg,loud,0,21,kerm_05,False,20.52726936340332
fedavg,loud,0,22,rsna_12,True,27.988231658935547
fedavg,loud,0,22,rsna_11,False,21.351991653442383
fedavg,loud,0,22,kerm_06,False,23.21803855895996
fedavg,loud,0,22,kerm_01,False,22.837739944458008
fedavg,loud,0,22,rsna_01,False,26.894180297851562
fedavg,loud,0,22,rsna_10,False,24.451251983642578
fedavg,loud,0,22,rsna_09,False,22.018081665039062
fedavg,loud,0,22,kerm_04,False,21.43367576599121
fedavg,loud,0,22,rsna_03,False,22.574283599853516
fedavg,loud,0,22,kerm_08,False,29.593524932861328
fedavg,loud,0,22,kerm_07,False,25.262283325195312
fedavg,loud,0,22,rsna_06,False,19.348602294921875
fedavg,loud,0,22,rsna_07,False,21.58867835998535
fedavg,loud,0,22,kerm_03,False,19.17984962463379
fedavg,loud,0,22,rsna_05,False,20.403759002685547
fedavg,loud,0,23,rsna_12,True,33.95071029663086
fedavg,loud,0,23,rsna_08,False,19.978130340576172
fedavg,loud,0,23,rsna_05,False,20.117860794067383
fedavg,loud,0,23,kerm_02,False,27.130783081054688
fedavg,loud,0,23,rsna_03,False,24.799406051635742
fedavg,loud,0,23,kerm_08,False,23.89046287536621
fedavg,loud,0,23,rsna_04,False,23.59539031982422
fedavg,loud,0,23,kerm_07,False,21.169403076171875
fedavg,loud,0,23,kerm_04,False,19.57432746887207
fedavg,loud,0,23,kerm_05,False,18.862743377685547
fedavg,loud,0,23,kerm_03,False,23.57274627685547
fedavg,loud,0,23,rsna_07,False,19.060503005981445
fedavg,loud,0,23,rsna_09,False,19.7979736328125
fedavg,loud,0,23,kerm_06,False,22.533422470092773
fedavg,loud,0,23,rsna_11,False,19.878829956054688
fedavg,loud,0,24,rsna_12,True,26.642621994018555
fedavg,loud,0,24,kerm_07,False,26.062528610229492
fedavg,loud,0,24,rsna_05,False,21.84965705871582
fedavg,loud,0,24,rsna_08,False,19.728975296020508
fedavg,loud,0,24,rsna_10,False,26.33823013305664
fedavg,loud,0,24,rsna_07,False,20.285934448242188
fedavg,loud,0,24,rsna_06,False,22.247373580932617
fedavg,loud,0,24,rsna_02,False,27.294754028320312
fedavg,loud,0,24,kerm_02,False,27.635377883911133
fedavg,loud,0,24,rsna_03,False,23.197919845581055
fedavg,loud,0,24,kerm_05,False,24.27488136291504
fedavg,loud,0,24,rsna_09,False,19.112060546875
fedavg,loud,0,24,rsna_01,False,31.428237915039062
fedavg,loud,0,24,kerm_06,False,24.708009719848633
fedavg,loud,0,24,kerm_03,False,21.479429244995117
fedavg,loud,0,25,rsna_12,True,31.929359436035156
fedavg,loud,0,25,rsna_03,False,23.47389793395996
fedavg,loud,0,25,rsna_10,False,21.975072860717773
fedavg,loud,0,25,rsna_04,False,19.15399742126465
fedavg,loud,0,25,rsna_06,False,20.401290893554688
fedavg,loud,0,25,rsna_09,False,20.47972297668457
fedavg,loud,0,25,kerm_06,False,28.59433937072754
fedavg,loud,0,25,rsna_08,False,19.376853942871094
fedavg,loud,0,25,rsna_11,False,22.409170150756836
fedavg,loud,0,25,kerm_01,False,25.81236457824707
fedavg,loud,0,25,kerm_02,False,22.621002197265625
fedavg,loud,0,25,kerm_07,False,26.052038192749023
fedavg,loud,0,25,rsna_05,False,20.59123420715332
fedavg,loud,0,25,kerm_05,False,20.866256713867188
fedavg,loud,0,25,rsna_02,False,22.41344451904297
fedavg,loud,0,26,rsna_12,True,31.733482360839844
fedavg,loud,0,26,rsna_09,False,19.240800857543945
fedavg,loud,0,26,rsna_03,False,23.578020095825195
fedavg,loud,0,26,kerm_01,False,22.12453269958496
fedavg,loud,0,26,kerm_03,False,26.77111053466797
fedavg,loud,0,26,rsna_05,False,24.316083908081055
fedavg,loud,0,26,rsna_04,False,26.495220184326172
fedavg,loud,0,26,kerm_02,False,24.980703353881836
fedavg,loud,0,26,kerm_06,False,25.551631927490234
fedavg,loud,0,26,kerm_08,False,30.07761001586914
fedavg,loud,0,26,rsna_06,False,20.609193801879883
fedavg,loud,0,26,rsna_07,False,21.197961807250977
fedavg,loud,0,26,kerm_05,False,23.168275833129883
fedavg,loud,0,26,kerm_07,False,23.43240737915039
fedavg,loud,0,26,rsna_02,False,25.163990020751953
fedavg,loud,0,27,rsna_12,True,31.958566665649414
fedavg,loud,0,27,rsna_07,False,22.25804901123047
fedavg,loud,0,27,kerm_02,False,26.850872039794922
fedavg,loud,0,27,rsna_01,False,24.522512435913086
fedavg,loud,0,27,kerm_07,False,27.604454040527344
fedavg,loud,0,27,rsna_11,False,21.596158981323242
fedavg,loud,0,27,kerm_01,False,20.30014991760254
fedavg,loud,0,27,rsna_08,False,20.898590087890625
fedavg,loud,0,27,kerm_04,False,21.09480857849121
fedavg,loud,0,27,kerm_03,False,22.78900718688965
fedavg,loud,0,27,kerm_05,False,25.3371524810791
fedavg,loud,0,27,rsna_06,False,20.73153305053711
fedavg,loud,0,27,rsna_05,False,22.558799743652344
fedavg,loud,0,27,kerm_06,False,25.33971405029297
fedavg,loud,0,27,kerm_08,False,31.46552276611328
fedavg,loud,0,28,rsna_12,True,32.657814025878906
fedavg,loud,0,28,rsna_10,False,22.606342315673828
fedavg,loud,0,28,kerm_05,False,26.81138801574707
fedavg,loud,0,28,rsna_03,False,24.92426109313965
fedavg,loud,0,28,rsna_01,False,29.41090965270996
fedavg,loud,0,28,kerm_08,False,28.093873977661133
fedavg,loud,0,28,rsna_07,False,20.39830207824707
fedavg,loud,0,28,kerm_06,False,31.20121955871582
fedavg,loud,0,28,rsna_06,False,21.41924476623535
fedavg,loud,0,28,kerm_03,False,25.685550689697266
fedavg,loud,0,28,rsna_11,False,21.69645881652832
fedavg,loud,0,28,kerm_04,False,26.189607620239258
fedavg,loud,0,28,kerm_01,False,23.640077590942383
fedavg,loud,0,28,rsna_08,False,20.32613182067871
fedavg,loud,0,28,kerm_07,False,30.97791862487793
fedavg,loud,0,29,rsna_12,True,35.51945877075195
fedavg,loud,0,29,rsna_08,False,20.32659339904785
fedavg,loud,0,29,kerm_05,False,19.58123016357422
fedavg,loud,0,29,rsna_02,False,31.47072410583496
fedavg,loud,0,29,rsna_04,False,30.23636245727539
fedavg,loud,0,29,rsna_10,False,28.554157257080078
fedavg,loud,0,29,kerm_02,False,28.219196319580078
fedavg,loud,0,29,kerm_06,False,24.100027084350586
fedavg,loud,0,29,kerm_03,False,25.954410552978516
fedavg,loud,0,29,kerm_08,False,30.02035903930664
fedavg,loud,0,29,rsna_01,False,28.543376922607422
fedavg,loud,0,29,kerm_04,False,17.922494888305664
fedavg,loud,0,29,rsna_09,False,26.787208557128906
fedavg,loud,0,29,rsna_03,False,27.361948013305664
fedavg,loud,0,29,rsna_11,False,21.752321243286133
fedavg,loud,0,30,rsna_12,True,34.134151458740234
fedavg,loud,0,30,rsna_03,False,22.639453887939453
fedavg,loud,0,30,kerm_03,False,27.77263069152832
fedavg,loud,0,30,rsna_08,False,21.037485122680664
fedavg,loud,0,30,kerm_04,False,25.33871078491211
fedavg,loud,0,30,kerm_06,False,22.761425018310547
fedavg,loud,0,30,rsna_06,False,21.121259689331055
fedavg,loud,0,30,kerm_07,False,27.877838134765625
fedavg,loud,0,30,rsna_09,False,18.546680450439453
fedavg,loud,0,30,rsna_01,False,27.574005126953125
fedavg,loud,0,30,rsna_07,False,21.274276733398438
fedavg,loud,0,30,rsna_05,False,23.412368774414062
fedavg,loud,0,30,rsna_10,False,20.59578514099121
fedavg,loud,0,30,rsna_04,False,21.606534957885742
fedavg,loud,0,30,rsna_11,False,20.620737075805664
fedavg,loud,1,1,rsna_10,False,22.286331176757812
fedavg,loud,1,1,rsna_08,False,22.417924880981445
fedavg,loud,1,1,kerm_07,False,22.129972457885742
fedavg,loud,1,1,kerm_02,False,22.782339096069336
fedavg,loud,1,1,kerm_08,False,22.259235382080078
fedavg,loud,1,1,kerm_01,False,22.904762268066406
fedavg,loud,1,1,rsna_01,False,23.94900894165039
fedavg,loud,1,1,rsna_11,False,22.641088485717773
fedavg,loud,1,1,kerm_06,False,22.065250396728516
fedavg,loud,1,1,rsna_06,False,22.79006004333496
fedavg,loud,1,1,kerm_03,False,22.4008731842041
fedavg,loud,1,1,kerm_04,False,22.683717727661133
fedavg,loud,1,1,rsna_05,False,22.888986587524414
fedavg,loud,1,1,kerm_05,False,22.472726821899414
fedavg,loud,1,1,rsna_02,False,22.948360443115234
fedavg,loud,1,2,kerm_06,False,17.18012046813965
fedavg,loud,1,2,rsna_08,False,18.420936584472656
fedavg,loud,1,2,rsna_11,False,17.827972412109375
fedavg,loud,1,2,rsna_06,False,18.71855926513672
fedavg,loud,1,2,rsna_02,False,20.462135314941406
fedavg,loud,1,2,rsna_01,False,20.700416564941406
fedavg,loud,1,2,kerm_04,False,16.067142486572266
fedavg,loud,1,2,kerm_05,False,16.670686721801758
fedavg,loud,1,2,kerm_02,False,16.79948616027832
fedavg,loud,1,2,kerm_08,False,16.92143440246582
fedavg,loud,1,2,kerm_03,False,16.812135696411133
fedavg,loud,1,2,rsna_09,False,18.43100357055664
fedavg,loud,1,2,kerm_01,False,16.861244201660156
fedavg,loud,1,2,rsna_04,False,19.080015182495117
fedavg,loud,1,2,rsna_05,False,18.69120979309082
fedavg,loud,1,3,rsna_01,False,20.563703536987305
fedavg,loud,1,3,kerm_04,False,20.053897857666016
fedavg,loud,1,3,kerm_07,False,18.850975036621094
fedavg,loud,1,3,rsna_06,False,18.80352210998535
fedavg,loud,1,3,rsna_09,False,18.54169464111328
fedavg,loud,1,3,rsna_10,False,18.193336486816406
fedavg,loud,1,3,kerm_03,False,18.098180770874023
fedavg,loud,1,3,rsna_04,False,19.245498657226562
fedavg,loud,1,3,rsna_12,False,18.169708251953125
fedavg,loud,1,3,kerm_05,False,18.86090850830078
fedavg,loud,1,3,rsna_03,False,21.444482803344727
fedavg,loud,1,3,rsna_11,False,18.68975830078125
fedavg,loud,1,3,kerm_06,False,17.90149688720703
fedavg,loud,1,3,rsna_08,False,18.639972686767578
fedavg,loud,1,3,kerm_02,False,16.717857360839844
fedavg,loud,1,4,kerm_08,False,20.064708709716797
fedavg,loud,1,4,rsna_02,False,23.238309860229492
fedavg,loud,1,4,rsna_07,False,19.56985092163086
fedavg,loud,1,4,rsna_08,False,18.81717300415039
fedavg,loud,1,4,rsna_05,False,20.266801834106445
fedavg,loud,1,4,kerm_02,False,17.810453414916992
fedavg,loud,1,4,kerm_01,False,18.432785034179688
fedavg,loud,1,4,kerm_03,False,17.659494400024414
fedavg,loud,1,4,kerm_06,False,18.667348861694336
fedavg,loud,1,4,rsna_03,False,21.825618743896484
fedavg,loud,1,4,rsna_04,False,19.822845458984375
fedavg,loud,1,4,kerm_07,False,19.124910354614258
fedavg,loud,1,4,rsna_11,False,17.866987228393555
fedavg,loud,1,4,rsna_06,False,19.280427932739258
fedavg,loud,1,4,rsna_09,False,18.384037017822266
fedavg,loud,1,5,kerm_08,False,19.492883682250977
fedavg,loud,1,5,kerm_05,False,18.942955017089844
fedavg,loud,1,5,kerm_07,False,22.119556427001953
fedavg,loud,1,5,rsna_12,False,19.100379943847656
fedavg,loud,1,5,kerm_06,False,19.289920806884766
fedavg,loud,1,5,kerm_04,False,20.215221405029297
fedavg,loud,1,5,rsna_11,False,18.38775062561035
fedavg,loud,1,5,rsna_07,False,18.973983764648438
fedavg,loud,1,5,rsna_08,False,19.038711547851562
fedavg,loud,1,5,rsna_05,False,18.019851684570312
fedavg,loud,1,5,kerm_01,False,17.12523651123047
fedavg,loud,1,5,rsna_06,False,18.692729949951172
fedavg,loud,1,5,kerm_03,False,17.648639678955078
fedavg,loud,1,5,rsna_04,False,21.24632453918457
fedavg,loud,1,5,rsna_02,False,21.779518127441406
fedavg,loud,1,6,rsna_10,False,18.383934020996094
fedavg,loud,1,6,rsna_03,False,24.837614059448242
fedavg,loud,1,6,rsna_09,False,20.201059341430664
fedavg,loud,1,6,kerm_06,False,18.78812599182129
fedavg,loud,1,6,rsna_06,False,20.687101364135742
fedavg,loud,1,6,rsna_02,False,24.756996154785156
fedavg,loud,1,6,kerm_01,False,19.199893951416016
fedavg,loud,1,6,rsna_12,False,20.122711181640625
fedavg,loud,1,6,rsna_11,False,19.24773406982422
fedavg,loud,1,6,rsna_08,False,19.450105667114258
fedavg,loud,1,6,rsna_05,False,20.053022384643555
fedavg,loud,1,6,kerm_04,False,16.894189834594727
fedavg,loud,1,6,rsna_01,False,23.552900314331055
fedavg,loud,1,6,rsna_07,False,20.04897689819336
fedavg,loud,1,6,kerm_07,False,18.44789695739746
fedavg,loud,1,7,rsna_02,False,20.055225372314453
fedavg,loud,1,7,rsna_06,False,18.0401611328125
fedavg,loud,1,7,rsna_08,False,18.959741592407227
fedavg,loud,1,7,kerm_07,False,21.339298248291016
fedavg,loud,1,7,rsna_07,False,20.035358428955078
fedavg,loud,1,7,kerm_03,False,19.16958999633789
fedavg,loud,1,7,kerm_08,False,23.691030502319336
fedavg,loud,1,7,kerm_01,False,18.94237518310547
fedavg,loud,1,7,rsna_10,False,18.689239501953125
fedavg,loud,1,7,rsna_05,False,19.280805587768555
fedavg,loud,1,7,kerm_02,False,19.024703979492188
fedavg,loud,1,7,rsna_11,False,19.594629287719727
fedavg,loud,1,7,rsna_03,False,21.19773292541504
fedavg,loud,1,7,rsna_01,False,21.08502769470215
fedavg,loud,1,7,kerm_04,False,20.50186538696289
fedavg,loud,1,8,rsna_10,False,20.45696449279785
fedavg,loud,1,8,kerm_01,False,19.379690170288086
fedavg,loud,1,8,rsna_08,False,19.082042694091797
fedavg,loud,1,8,kerm_04,False,18.544172286987305
fedavg,loud,1,8,rsna_07,False,19.237091064453125
fedavg,loud,1,8,rsna_02,False,26.33875846862793
fedavg,loud,1,8,rsna_04,False,24.392126083374023
fedavg,loud,1,8,kerm_08,False,21.92439842224121
fedavg,loud,1,8,kerm_05,False,21.61660385131836
fedavg,loud,1,8,kerm_03,False,17.07855987548828
fedavg,loud,1,8,rsna_09,False,20.66596031188965
fedavg,loud,1,8,rsna_11,False,18.91967010498047
fedavg,loud,1,8,rsna_12,False,21.839481353759766
fedavg,loud,1,8,rsna_01,False,24.020864486694336
fedavg,loud,1,8,kerm_07,False,20.154399871826172
fedavg,loud,1,9,rsna_05,False,20.48455047607422
fedavg,loud,1,9,rsna_08,False,21.410429000854492
fedavg,loud,1,9,rsna_11,False,18.712343215942383
fedavg,loud,1,9,kerm_06,False,19.56140899658203
fedavg,loud,1,9,rsna_07,False,19.865581512451172
fedavg,loud,1,9,kerm_08,False,21.19373893737793
fedavg,loud,1,9,rsna_01,False,23.905567169189453
fedavg,loud,1,9,rsna_06,False,22.181840896606445
fedavg,loud,1,9,kerm_01,False,23.538331985473633
fedavg,loud,1,9,kerm_03,False,17.281015396118164
fedavg,loud,1,9,kerm_05,False,18.020307540893555
fedavg,loud,1,9,kerm_07,False,23.216571807861328
fedavg,loud,1,9,rsna_04,False,24.402565002441406
fedavg,loud,1,9,kerm_04,False,17.526023864746094
fedavg,loud,1,9,rsna_03,False,28.00493621826172
fedavg,loud,1,10,rsna_05,False,20.93759536743164
fedavg,loud,1,10,rsna_10,False,22.436199188232422
fedavg,loud,1,10,kerm_05,False,19.46422576904297
fedavg,loud,1,10,rsna_06,False,20.58062744140625
fedavg,loud,1,10,rsna_03,False,21.455245971679688
fedavg,loud,1,10,kerm_07,False,23.810672760009766
fedavg,loud,1,10,kerm_03,False,18.85854148864746
fedavg,loud,1,10,rsna_01,False,22.96230697631836
fedavg,loud,1,10,rsna_11,False,18.896804809570312
fedavg,loud,1,10,kerm_02,False,18.785728454589844
fedavg,loud,1,10,rsna_09,False,19.714975357055664
fedavg,loud,1,10,rsna_04,False,21.94266700744629
fedavg,loud,1,10,rsna_02,False,23.08232307434082
fedavg,loud,1,10,rsna_07,False,18.79932975769043
fedavg,loud,1,10,rsna_12,False,20.86593246459961
fedavg,loud,1,11,rsna_12,False,22.14554214477539
fedavg,loud,1,11,kerm_08,False,23.31858253479004
fedavg,loud,1,11,kerm_02,False,19.667875289916992
fedavg,loud,1,11,kerm_03,False,18.002290725708008
fedavg,loud,1,11,rsna_11,False,18.18941879272461
fedavg,loud,1,11,kerm_07,False,23.36592674255371
fedavg,loud,1,11,rsna_08,False,18.80722999572754
fedavg,loud,1,11,rsna_03,False,24.013967514038086
fedavg,loud,1,11,rsna_02,False,24.34988784790039
fedavg,loud,1,11,rsna_10,False,22.105310440063477
fedavg,loud,1,11,kerm_06,False,22.929975509643555
fedavg,loud,1,11,rsna_07,False,22.063079833984375
fedavg,loud,1,11,rsna_09,False,19.89732551574707
fedavg,loud,1,11,rsna_05,False,21.42073631286621
fedavg,loud,1,11,rsna_01,False,22.221519470214844
fedavg,loud,1,12,rsna_01,False,25.97438621520996
fedavg,loud,1,12,rsna_12,False,21.313379287719727
fedavg,loud,1,12,kerm_05,False,22.931217193603516
fedavg,loud,1,12,rsna_03,False,23.215412139892578
fedavg,loud,1,12,rsna_02,False,24.040300369262695
fedavg,loud,1,12,rsna_09,False,23.9507999420166
fedavg,loud,1,12,kerm_01,False,21.44675064086914
fedavg,loud,1,12,rsna_06,False,18.741981506347656
fedavg,loud,1,12,kerm_08,False,21.798629760742188
fedavg,loud,1,12,rsna_07,False,17.239452362060547
fedavg,loud,1,12,kerm_06,False,21.572521209716797
fedavg,loud,1,12,kerm_04,False,18.129241943359375
fedavg,loud,1,12,rsna_10,False,18.913705825805664
fedavg,loud,1,12,kerm_03,False,19.77752685546875
fedavg,loud,1,12,rsna_08,False,19.63663673400879
fedavg,loud,1,13,rsna_11,False,20.078123092651367
fedavg,loud,1,13,rsna_09,False,22.924612045288086
fedavg,loud,1,13,rsna_01,False,26.65738868713379
fedavg,loud,1,13,kerm_07,False,24.189807891845703
fedavg,loud,1,13,kerm_01,False,30.02537727355957
fedavg,loud,1,13,rsna_05,False,31.338468551635742
fedavg,loud,1,13,rsna_02,False,24.125900268554688
fedavg,loud,1,13,rsna_10,False,21.0517578125
fedavg,loud,1,13,kerm_03,False,18.926069259643555
fedavg,loud,1,13,kerm_05,False,18.68860626220703
fedavg,loud,1,13,rsna_07,False,21.583547592163086
fedavg,loud,1,13,rsna_03,False,26.007051467895508
fedavg,loud,1,13,kerm_06,False,21.889461517333984
fedavg,loud,1,13,rsna_08,False,20.691349029541016
fedavg,loud,1,13,rsna_04,False,25.993268966674805
fedavg,loud,1,14,rsna_01,False,28.418174743652344
fedavg,loud,1,14,kerm_07,False,26.208545684814453
fedavg,loud,1,14,kerm_05,False,25.420745849609375
fedavg,loud,1,14,rsna_12,False,21.540151596069336
fedavg,loud,1,14,kerm_06,False,22.695175170898438
fedavg,loud,1,14,rsna_08,False,20.734146118164062
fedavg,loud,1,14,rsna_05,False,20.958267211914062
fedavg,loud,1,14,rsna_07,False,17.98326873779297
fedavg,loud,1,14,kerm_03,False,18.076234817504883
fedavg,loud,1,14,kerm_02,False,19.68177032470703
fedavg,loud,1,14,rsna_06,False,21.751665115356445
fedavg,loud,1,14,rsna_11,False,21.172500610351562
fedavg,loud,1,14,kerm_01,False,21.920352935791016
fedavg,loud,1,14,kerm_08,False,24.362512588500977
fedavg,loud,1,14,rsna_04,False,22.55335235595703
fedavg,loud,1,15,rsna_12,True,31.958961486816406
fedavg,loud,1,15,rsna_04,False,23.48563575744629
fedavg,loud,1,15,rsna_11,False,20.855615615844727
fedavg,loud,1,15,kerm_05,False,19.55916404724121
fedavg,loud,1,15,rsna_07,False,31.09164047241211
fedavg,loud,1,15,kerm_03,False,23.56481170654297
fedavg,loud,1,15,rsna_10,False,24.413570404052734
fedavg,loud,1,15,rsna_01,False,23.919267654418945
fedavg,loud,1,15,rsna_06,False,22.247873306274414
fedavg,loud,1,15,kerm_02,False,20.2967472076416
fedavg,loud,1,15,kerm_08,False,23.978483200073242
fedavg,loud,1,15,rsna_09,False,21.19805145263672
fedavg,loud,1,15,kerm_06,False,21.08316993713379
fedavg,loud,1,15,kerm_04,False,19.192895889282227
fedavg,loud,1,15,rsna_05,False,24.67596435546875
fedavg,loud,1,16,rsna_12,True,28.499635696411133
fedavg,loud,1,16,rsna_10,False,21.27394676208496
fedavg,loud,1,16,rsna_04,False,33.13479232788086
fedavg,loud,1,16,rsna_06,False,21.139118194580078
fedavg,loud,1,16,rsna_02,False,30.398006439208984
fedavg,loud,1,16,kerm_06,False,23.700159072875977
fedavg,loud,1,16,kerm_01,False,37.08585739135742
fedavg,loud,1,16,kerm_04,False,21.675312042236328
fedavg,loud,1,16,kerm_02,False,26.676834106445312
fedavg,loud,1,16,kerm_03,False,18.472606658935547
fedavg,loud,1,16,rsna_08,False,19.462806701660156
fedavg,loud,1,16,rsna_05,False,28.127029418945312
fedavg,loud,1,16,kerm_07,False,28.34100341796875
fedavg,loud,1,16,rsna_07,False,23.504838943481445
fedavg,loud,1,16,kerm_08,False,27.8072509765625
fedavg,loud,1,17,rsna_12,True,26.713180541992188
fedavg,loud,1,17,kerm_06,False,23.264707565307617
fedavg,loud,1,17,rsna_09,False,19.8691349029541
fedavg,loud,1,17,rsna_03,False,26.138565063476562
fedavg,loud,1,17,rsna_04,False,27.46695327758789
fedavg,loud,1,17,kerm_02,False,20.697267532348633
fedavg,loud,1,17,rsna_01,False,25.80946922302246
fedavg,loud,1,17,rsna_05,False,26.94544219970703
fedavg,loud,1,17,rsna_11,False,20.279951095581055
fedavg,loud,1,17,kerm_05,False,21.050395965576172
fedavg,loud,1,17,rsna_06,False,20.872604370117188
fedavg,loud,1,17,kerm_07,False,28.63330841064453
fedavg,loud,1,17,kerm_04,False,23.42520523071289
fedavg,loud,1,17,rsna_08,False,20.615144729614258
fedavg,loud,1,17,rsna_07,False,19.91460609436035
fedavg,loud,1,18,rsna_12,True,25.973861694335938
fedavg,loud,1,18,kerm_06,False,24.166637420654297
fedavg,loud,1,18,kerm_03,False,24.746984481811523
fedavg,loud,1,18,rsna_05,False,21.73589324951172
fedavg,loud,1,18,rsna_07,False,22.151275634765625
fedavg,loud,1,18,rsna_11,False,21.330890655517578
fedavg,loud,1,18,rsna_08,False,20.1820011138916
fedavg,loud,1,18,kerm_01,False,25.48999786376953
fedavg,loud,1,18,rsna_10,False,21.203079223632812
fedavg,loud,1,18,rsna_04,False,24.076385498046875
fedavg,loud,1,18,rsna_02,False,33.337589263916016
fedavg,loud,1,18,rsna_09,False,23.412824630737305
fedavg,loud,1,18,kerm_04,False,22.273941040039062
fedavg,loud,1,18,rsna_01,False,26.825031280517578
fedavg,loud,1,18,kerm_02,False,25.641605377197266
fedavg,loud,1,19,rsna_12,True,30.259939193725586
fedavg,loud,1,19,rsna_11,False,21.098007202148438
fedavg,loud,1,19,kerm_06,False,27.068510055541992
fedavg,loud,1,19,kerm_01,False,27.434579849243164
fedavg,loud,1,19,kerm_05,False,24.120349884033203
fedavg,loud,1,19,rsna_01,False,28.36116600036621
fedavg,loud,1,19,kerm_07,False,28.92060089111328
fedavg,loud,1,19,rsna_04,False,24.521591186523438
fedavg,loud,1,19,kerm_04,False,22.84447479248047
fedavg,loud,1,19,rsna_10,False,23.30406379699707
fedavg,loud,1,19,kerm_02,False,25.24146842956543
fedavg,loud,1,19,kerm_03,False,20.960298538208008
fedavg,loud,1,19,rsna_06,False,20.44445037841797
fedavg,loud,1,19,rsna_08,False,20.105173110961914
fedavg,loud,1,19,rsna_05,False,22.67184066772461
fedavg,loud,1,20,rsna_12,True,28.03898811340332
fedavg,loud,1,20,kerm_06,False,24.257097244262695
fedavg,loud,1,20,rsna_02,False,25.575233459472656
fedavg,loud,1,20,rsna_07,False,34.16909408569336
fedavg,loud,1,20,kerm_04,False,25.559398651123047
fedavg,loud,1,20,rsna_05,False,22.753345489501953
fedavg,loud,1,20,kerm_01,False,30.354177474975586
fedavg,loud,1,20,rsna_03,False,26.35057830810547
fedavg,loud,1,20,kerm_05,False,21.54591941833496
fedavg,loud,1,20,rsna_11,False,24.379310607910156
fedavg,loud,1,20,kerm_02,False,23.632549285888672
fedavg,loud,1,20,rsna_08,False,19.63185691833496
fedavg,loud,1,20,kerm_07,False,25.81167984008789
fedavg,loud,1,20,rsna_09,False,25.21306610107422
fedavg,loud,1,20,rsna_06,False,21.02740478515625
fedavg,loud,1,21,rsna_12,True,23.259958267211914
fedavg,loud,1,21,rsna_04,False,28.578031539916992
fedavg,loud,1,21,rsna_07,False,21.614280700683594
fedavg,loud,1,21,kerm_07,False,29.07808494567871
fedavg,loud,1,21,kerm_04,False,29.807300567626953
fedavg,loud,1,21,kerm_06,False,26.58490753173828
fedavg,loud,1,21,rsna_09,False,19.758813858032227
fedavg,loud,1,21,rsna_01,False,32.59463882446289
fedavg,loud,1,21,kerm_08,False,28.458003997802734
fedavg,loud,1,21,rsna_06,False,20.365760803222656
fedavg,loud,1,21,kerm_05,False,22.840702056884766
fedavg,loud,1,21,rsna_10,False,22.639324188232422
fedavg,loud,1,21,rsna_03,False,26.14958381652832
fedavg,loud,1,21,kerm_01,False,24.11886215209961
fedavg,loud,1,21,rsna_08,False,20.01112174987793
fedavg,loud,1,22,rsna_12,True,24.58698081970215
fedavg,loud,1,22,kerm_02,False,34.612247467041016
fedavg,loud,1,22,rsna_05,False,23.01651954650879
fedavg,loud,1,22,kerm_03,False,22.827619552612305
fedavg,loud,1,22,kerm_05,False,22.37325668334961
fedavg,loud,1,22,kerm_08,False,26.61579132080078
fedavg,loud,1,22,rsna_10,False,20.20584487915039
fedavg,loud,1,22,rsna_06,False,22.057188034057617
fedavg,loud,1,22,kerm_06,False,26.61075210571289
fedavg,loud,1,22,kerm_01,False,21.217376708984375
fedavg,loud,1,22,rsna_07,False,18.246410369873047
fedavg,loud,1,22,kerm_07,False,29.301921844482422
fedavg,loud,1,22,kerm_04,False,22.20655632019043
fedavg,loud,1,22,rsna_01,False,36.03558349609375
fedavg,loud,1,22,rsna_02,False,27.130746841430664
fedavg,loud,1,23,rsna_12,True,26.43344497680664
fedavg,loud,1,23,rsna_07,False,22.925588607788086
fedavg,loud,1,23,rsna_09,False,19.251110076904297
fedavg,loud,1,23,rsna_01,False,38.90739059448242
fedavg,loud,1,23,kerm_07,False,27.89169692993164
fedavg,loud,1,23,kerm_03,False,18.97519302368164
fedavg,loud,1,23,rsna_02,False,28.15586280822754
fedavg,loud,1,23,kerm_08,False,29.010009765625
fedavg,loud,1,23,rsna_05,False,21.270933151245117
fedavg,loud,1,23,kerm_04,False,19.516860961914062
fedavg,loud,1,23,rsna_04,False,23.61164093017578
fedavg,loud,1,23,rsna_10,False,22.130834579467773
fedavg,loud,1,23,rsna_11,False,23.11087417602539
fedavg,loud,1,23,kerm_06,False,21.548870086669922
fedavg,loud,1,23,kerm_05,False,20.6448917388916
fedavg,loud,1,24,rsna_12,True,26.080188751220703
fedavg,loud,1,24,rsna_03,False,25.455883026123047
fedavg,loud,1,24,kerm_03,False,26.59541130065918
fedavg,loud,1,24,rsna_01,False,34.17433547973633
fedavg,loud,1,24,rsna_04,False,24.400236129760742
fedavg,loud,1,24,rsna_08,False,19.6379337310791
fedavg,loud,1,24,rsna_10,False,21.334360122680664
fedavg,loud,1,24,kerm_05,False,25.74380874633789
fedavg,loud,1,24,rsna_09,False,21.407625198364258
fedavg,loud,1,24,kerm_04,False,21.778820037841797
fedavg,loud,1,24,kerm_02,False,35.89161682128906
fedavg,loud,1,24,kerm_01,False,30.420028686523438
fedavg,loud,1,24,rsna_07,False,31.452409744262695
fedavg,loud,1,24,kerm_07,False,26.239654541015625
fedavg,loud,1,24,rsna_06,False,21.5913028717041
fedavg,loud,1,25,rsna_12,True,26.34540367126465
fedavg,loud,1,25,rsna_08,False,21.327110290527344
fedavg,loud,1,25,kerm_04,False,25.61179542541504
fedavg,loud,1,25,kerm_05,False,23.619359970092773
fedavg,loud,1,25,rsna_06,False,23.07819366455078
fedavg,loud,1,25,rsna_09,False,29.347002029418945
fedavg,loud,1,25,kerm_03,False,23.074831008911133
fedavg,loud,1,25,kerm_06,False,24.81107521057129
fedavg,loud,1,25,rsna_05,False,29.125640869140625
fedavg,loud,1,25,rsna_07,False,21.74971580505371
fedavg,loud,1,25,rsna_01,False,33.24674606323242
fedavg,loud,1,25,rsna_02,False,28.71965980529785
fedavg,loud,1,25,kerm_08,False,29.515729904174805
fedavg,loud,1,25,rsna_04,False,31.56477165222168
fedavg,loud,1,25,kerm_02,False,24.925323486328125
fedavg,loud,1,26,rsna_12,True,28.93255043029785
fedavg,loud,1,26,rsna_10,False,23.402587890625
fedavg,loud,1,26,rsna_03,False,34.429012298583984
fedavg,loud,1,26,rsna_07,False,21.763198852539062
fedavg,loud,1,26,kerm_07,False,34.09211730957031
fedavg,loud,1,26,kerm_02,False,24.224824905395508
fedavg,loud,1,26,kerm_04,False,25.86288070678711
fedavg,loud,1,26,rsna_05,False,32.15032196044922
fedavg,loud,1,26,rsna_01,False,35.41060256958008
fedavg,loud,1,26,rsna_08,False,20.027162551879883
fedavg,loud,1,26,rsna_06,False,20.851320266723633
fedavg,loud,1,26,kerm_03,False,20.76201057434082
fedavg,loud,1,26,kerm_06,False,29.780147552490234
fedavg,loud,1,26,kerm_05,False,26.194082260131836
fedavg,loud,1,26,rsna_04,False,42.28395080566406
fedavg,loud,1,27,rsna_12,True,24.70819854736328
fedavg,loud,1,27,kerm_07,False,28.35943603515625
fedavg,loud,1,27,rsna_08,False,23.551464080810547
fedavg,loud,1,27,kerm_03,False,34.96854019165039
fedavg,loud,1,27,rsna_06,False,20.769424438476562
fedavg,loud,1,27,kerm_06,False,33.73386001586914
fedavg,loud,1,27,rsna_03,False,35.183074951171875
fedavg,loud,1,27,rsna_10,False,27.030094146728516
fedavg,loud,1,27,kerm_02,False,25.900911331176758
fedavg,loud,1,27,rsna_02,False,29.931400299072266
fedavg,loud,1,27,rsna_07,False,20.152055740356445
fedavg,loud,1,27,rsna_01,False,29.595800399780273
fedavg,loud,1,27,kerm_05,False,27.653417587280273
fedavg,loud,1,27,kerm_04,False,26.82851791381836
fedavg,loud,1,27,rsna_05,False,23.620174407958984
fedavg,loud,1,28,rsna_12,True,24.471925735473633
fedavg,loud,1,28,kerm_08,False,30.203123092651367
fedavg,loud,1,28,rsna_08,False,21.08953285217285
fedavg,loud,1,28,rsna_10,False,21.082069396972656
fedavg,loud,1,28,kerm_04,False,21.704578399658203
fedavg,loud,1,28,rsna_03,False,38.24583053588867
fedavg,loud,1,28,kerm_05,False,23.537851333618164
fedavg,loud,1,28,rsna_09,False,20.77828025817871
fedavg,loud,1,28,kerm_07,False,30.404935836791992
fedavg,loud,1,28,rsna_06,False,21.893070220947266
fedavg,loud,1,28,rsna_05,False,24.536989212036133
fedavg,loud,1,28,rsna_01,False,29.651288986206055
fedavg,loud,1,28,rsna_02,False,32.12136459350586
fedavg,loud,1,28,kerm_01,False,34.03921890258789
fedavg,loud,1,28,rsna_04,False,23.740568161010742
fedavg,loud,1,29,rsna_12,True,24.962400436401367
fedavg,loud,1,29,rsna_10,False,21.88360595703125
fedavg,loud,1,29,kerm_06,False,27.358732223510742
fedavg,loud,1,29,kerm_07,False,28.276763916015625
fedavg,loud,1,29,rsna_09,False,31.920740127563477
fedavg,loud,1,29,kerm_03,False,21.242414474487305
fedavg,loud,1,29,kerm_05,False,22.29444122314453
fedavg,loud,1,29,rsna_02,False,28.52642059326172
fedavg,loud,1,29,kerm_08,False,34.737953186035156
fedavg,loud,1,29,kerm_02,False,35.73216247558594
fedavg,loud,1,29,rsna_05,False,24.005189895629883
fedavg,loud,1,29,rsna_08,False,21.973833084106445
fedavg,loud,1,29,kerm_04,False,25.00994873046875
fedavg,loud,1,29,rsna_01,False,38.151458740234375
fedavg,loud,1,29,rsna_07,False,19.904685974121094
fedavg,loud,1,30,rsna_12,True,28.231332778930664
fedavg,loud,1,30,rsna_07,False,22.48246192932129
fedavg,loud,1,30,rsna_01,False,30.206069946289062
fedavg,loud,1,30,rsna_11,False,23.87909698486328
fedavg,loud,1,30,kerm_04,False,26.05388069152832
fedavg,loud,1,30,kerm_03,False,19.61355209350586
fedavg,loud,1,30,rsna_08,False,21.624439239501953
fedavg,loud,1,30,rsna_03,False,38.33021926879883
fedavg,loud,1,30,kerm_07,False,30.084718704223633
fedavg,loud,1,30,rsna_05,False,28.41956329345703
fedavg,loud,1,30,rsna_09,False,20.322280883789062
fedavg,loud,1,30,kerm_05,False,23.63909339904785
fedavg,loud,1,30,kerm_02,False,31.434707641601562
fedavg,loud,1,30,kerm_06,False,29.24883270263672
fedavg,loud,1,30,rsna_06,False,29.614612579345703
fedavg,loud,2,1,rsna_12,False,22.139280319213867
fedavg,loud,2,1,rsna_04,False,23.874652862548828
fedavg,loud,2,1,rsna_02,False,23.051549911499023
fedavg,loud,2,1,rsna_06,False,22.73657989501953
fedavg,loud,2,1,rsna_08,False,22.454252243041992
fedavg,loud,2,1,kerm_05,False,22.386234283447266
fedavg,loud,2,1,kerm_02,False,22.47532081604004
fedavg,loud,2,1,rsna_09,False,22.46737289428711
fedavg,loud,2,1,rsna_01,False,23.07309913635254
fedavg,loud,2,1,rsna_10,False,22.075618743896484
fedavg,loud,2,1,kerm_04,False,22.725933074951172
fedavg,loud,2,1,kerm_01,False,22.449079513549805
fedavg,loud,2,1,kerm_03,False,23.12047004699707
fedavg,loud,2,1,rsna_05,False,22.695552825927734
fedavg,loud,2,1,kerm_06,False,22.241167068481445
fedavg,loud,2,2,rsna_04,False,19.044044494628906
fedavg,loud,2,2,kerm_03,False,18.149486541748047
fedavg,loud,2,2,rsna_11,False,21.77274513244629
fedavg,loud,2,2,rsna_02,False,19.83659553527832
fedavg,loud,2,2,rsna_03,False,18.696407318115234
fedavg,loud,2,2,kerm_06,False,17.655927658081055
fedavg,loud,2,2,kerm_02,False,16.943153381347656
fedavg,loud,2,2,kerm_05,False,16.95154571533203
fedavg,loud,2,2,rsna_06,False,18.0552921295166
fedavg,loud,2,2,rsna_01,False,21.469663619995117
fedavg,loud,2,2,rsna_12,False,17.153276443481445
fedavg,loud,2,2,kerm_01,False,16.969467163085938
fedavg,loud,2,2,rsna_09,False,18.015220642089844
fedavg,loud,2,2,kerm_07,False,17.336589813232422
fedavg,loud,2,2,rsna_08,False,17.95078468322754
fedavg,loud,2,3,kerm_01,False,16.789913177490234
fedavg,loud,2,3,kerm_05,False,19.127153396606445
fedavg,loud,2,3,rsna_03,False,21.33026123046875
fedavg,loud,2,3,kerm_03,False,18.018468856811523
fedavg,loud,2,3,rsna_10,False,18.453304290771484
fedavg,loud,2,3,rsna_11,False,19.345369338989258
fedavg,loud,2,3,kerm_07,False,18.9254150390625
fedavg,loud,2,3,rsna_06,False,17.963998794555664
fedavg,loud,2,3,kerm_02,False,17.197486877441406
fedavg,loud,2,3,kerm_08,False,18.72944450378418
fedavg,loud,2,3,rsna_05,False,18.765674591064453
fedavg,loud,2,3,rsna_02,False,18.82530403137207
fedavg,loud,2,3,rsna_04,False,19.21052360534668
fedavg,loud,2,3,rsna_08,False,18.15571403503418
fedavg,loud,2,3,rsna_01,False,18.895734786987305
fedavg,loud,2,4,rsna_02,False,21.476308822631836
fedavg,loud,2,4,kerm_01,False,16.61483383178711
fedavg,loud,2,4,kerm_03,False,18.743724822998047
fedavg,loud,2,4,kerm_06,False,18.436738967895508
fedavg,loud,2,4,rsna_05,False,21.38991928100586
fedavg,loud,2,4,rsna_03,False,22.727264404296875
fedavg,loud,2,4,kerm_04,False,22.623533248901367
fedavg,loud,2,4,rsna_07,False,18.891080856323242
fedavg,loud,2,4,rsna_09,False,19.107501983642578
fedavg,loud,2,4,rsna_12,False,19.37548828125
fedavg,loud,2,4,rsna_10,False,18.199491500854492
fedavg,loud,2,4,kerm_02,False,17.76772117614746
fedavg,loud,2,4,rsna_01,False,23.479154586791992
fedavg,loud,2,4,kerm_07,False,21.69377899169922
fedavg,loud,2,4,rsna_06,False,18.2045955657959
fedavg,loud,2,5,kerm_05,False,19.71415901184082
fedavg,loud,2,5,rsna_07,False,18.481836318969727
fedavg,loud,2,5,kerm_06,False,19.133676528930664
fedavg,loud,2,5,rsna_12,False,20.70991325378418
fedavg,loud,2,5,kerm_08,False,19.957414627075195
fedavg,loud,2,5,rsna_09,False,17.463014602661133
fedavg,loud,2,5,rsna_05,False,18.533639907836914
fedavg,loud,2,5,rsna_04,False,19.913801193237305
fedavg,loud,2,5,rsna_08,False,19.303598403930664
fedavg,loud,2,5,kerm_01,False,17.329572677612305
fedavg,loud,2,5,rsna_02,False,21.652320861816406
fedavg,loud,2,5,kerm_02,False,17.264331817626953
fedavg,loud,2,5,kerm_03,False,17.88884925842285
fedavg,loud,2,5,rsna_03,False,21.46676254272461
fedavg,loud,2,5,rsna_10,False,18.89034080505371
fedavg,loud,2,6,rsna_06,False,19.05636978149414
fedavg,loud,2,6,kerm_07,False,19.441089630126953
fedavg,loud,2,6,kerm_02,False,16.745248794555664
fedavg,loud,2,6,rsna_12,False,18.51680564880371
fedavg,loud,2,6,rsna_10,False,18.952653884887695
fedavg,loud,2,6,rsna_05,False,19.897815704345703
fedavg,loud,2,6,rsna_11,False,20.12697982788086
fedavg,loud,2,6,rsna_04,False,20.943906784057617
fedavg,loud,2,6,kerm_08,False,23.241512298583984
fedavg,loud,2,6,rsna_07,False,18.577533721923828
fedavg,loud,2,6,kerm_03,False,17.888080596923828
fedavg,loud,2,6,rsna_01,False,23.14687728881836
fedavg,loud,2,6,kerm_04,False,24.236644744873047
fedavg,loud,2,6,kerm_05,False,21.23406982421875
fedavg,loud,2,6,kerm_01,False,19.454675674438477
fedavg,loud,2,7,rsna_06,False,20.533123016357422
fedavg,loud,2,7,kerm_05,False,20.25857925415039
fedavg,loud,2,7,rsna_10,False,19.710866928100586
fedavg,loud,2,7,kerm_01,False,17.197813034057617
fedavg,loud,2,7,rsna_05,False,19.53990936279297
fedavg,loud,2,7,rsna_08,False,18.967945098876953
fedavg,loud,2,7,kerm_06,False,18.76687240600586
fedavg,loud,2,7,rsna_09,False,19.763513565063477
fedavg,loud,2,7,kerm_04,False,20.87364959716797
fedavg,loud,2,7,kerm_07,False,19.54070281982422
fedavg,loud,2,7,rsna_12,False,18.72083854675293
fedavg,loud,2,7,rsna_07,False,19.31109619140625
fedavg,loud,2,7,rsna_01,False,23.32242774963379
fedavg,loud,2,7,rsna_11,False,18.516183853149414
fedavg,loud,2,7,rsna_03,False,22.651866912841797
fedavg,loud,2,8,rsna_03,False,23.143259048461914
fedavg,loud,2,8,rsna_11,False,17.948381423950195
fedavg,loud,2,8,kerm_05,False,20.871274948120117
fedavg,loud,2,8,rsna_05,False,20.071746826171875
fedavg,loud,2,8,kerm_08,False,21.5994873046875
fedavg,loud,2,8,kerm_03,False,19.217517852783203
fedavg,loud,2,8,kerm_04,False,19.00739288330078
fedavg,loud,2,8,kerm_01,False,18.923694610595703
fedavg,loud,2,8,rsna_04,False,21.336339950561523
fedavg,loud,2,8,kerm_07,False,28.160903930664062
fedavg,loud,2,8,rsna_07,False,17.399845123291016
fedavg,loud,2,8,kerm_02,False,18.592845916748047
fedavg,loud,2,8,rsna_06,False,20.64446258544922
fedavg,loud,2,8,rsna_08,False,18.40220832824707
fedavg,loud,2,8,rsna_12,False,18.143136978149414
fedavg,loud,2,9,kerm_02,False,16.650054931640625
fedavg,loud,2,9,kerm_03,False,19.413373947143555
fedavg,loud,2,9,kerm_08,False,19.90628433227539
fedavg,loud,2,9,kerm_06,False,20.643524169921875
fedavg,loud,2,9,rsna_10,False,18.74289894104004
fedavg,loud,2,9,rsna_07,False,21.101974487304688
fedavg,loud,2,9,kerm_01,False,19.419702529907227
fedavg,loud,2,9,rsna_02,False,24.839468002319336
fedavg,loud,2,9,kerm_05,False,18.270130157470703
fedavg,loud,2,9,rsna_08,False,19.678556442260742
fedavg,loud,2,9,rsna_06,False,20.32012367248535
fedavg,loud,2,9,rsna_04,False,23.139995574951172
fedavg,loud,2,9,rsna_12,False,17.83206558227539
fedavg,loud,2,9,rsna_05,False,19.72745132446289
fedavg,loud,2,9,rsna_03,False,21.913230895996094
fedavg,loud,2,10,kerm_02,False,16.033105850219727
fedavg,loud,2,10,rsna_04,False,20.291820526123047
fedavg,loud,2,10,rsna_07,False,17.571474075317383
fedavg,loud,2,10,kerm_05,False,21.1623592376709
fedavg,loud,2,10,rsna_02,False,22.499759674072266
fedavg,loud,2,10,rsna_06,False,18.846778869628906
fedavg,loud,2,10,rsna_10,False,19.021766662597656
fedavg,loud,2,10,kerm_06,False,18.603809356689453
fedavg,loud,2,10,rsna_08,False,18.533382415771484
fedavg,loud,2,10,kerm_03,False,19.152158737182617
fedavg,loud,2,10,rsna_01,False,24.739168167114258
fedavg,loud,2,10,kerm_01,False,18.673280715942383
fedavg,loud,2,10,rsna_11,False,18.867565155029297
fedavg,loud,2,10,kerm_04,False,18.800771713256836
fedavg,loud,2,10,rsna_05,False,19.802228927612305
fedavg,loud,2,11,rsna_01,False,23.48334312438965
fedavg,loud,2,11,rsna_11,False,19.117277145385742
fedavg,loud,2,11,kerm_02,False,18.363956451416016
fedavg,loud,2,11,rsna_09,False,19.995481491088867
fedavg,loud,2,11,kerm_08,False,31.708955764770508
fedavg,loud,2,11,rsna_08,False,19.52104377746582
fedavg,loud,2,11,kerm_05,False,30.820541381835938
fedavg,loud,2,11,rsna_02,False,22.69292640686035
fedavg,loud,2,11,kerm_03,False,20.928449630737305
fedavg,loud,2,11,kerm_07,False,20.284255981445312
fedavg,loud,2,11,rsna_05,False,19.111425399780273
fedavg,loud,2,11,rsna_04,False,20.55173110961914
fedavg,loud,2,11,kerm_06,False,21.146617889404297
fedavg,loud,2,11,rsna_06,False,18.226791381835938
fedavg,loud,2,11,rsna_07,False,20.53403663635254
fedavg,loud,2,12,kerm_05,False,18.998088836669922
fedavg,loud,2,12,kerm_07,False,20.202302932739258
fedavg,loud,2,12,kerm_02,False,18.0633487701416
fedavg,loud,2,12,rsna_09,False,17.828693389892578
fedavg,loud,2,12,rsna_03,False,26.524093627929688
fedavg,loud,2,12,rsna_04,False,22.938589096069336
fedavg,loud,2,12,rsna_10,False,22.335826873779297
fedavg,loud,2,12,rsna_07,False,18.685888290405273
fedavg,loud,2,12,rsna_12,False,18.230371475219727
fedavg,loud,2,12,kerm_08,False,20.773338317871094
fedavg,loud,2,12,kerm_06,False,28.426185607910156
fedavg,loud,2,12,kerm_01,False,25.674293518066406
fedavg,loud,2,12,rsna_02,False,28.642000198364258
fedavg,loud,2,12,rsna_08,False,18.810832977294922
fedavg,loud,2,12,kerm_03,False,18.00698471069336
fedavg,loud,2,13,rsna_01,False,28.555803298950195
fedavg,loud,2,13,rsna_07,False,19.95399284362793
fedavg,loud,2,13,rsna_06,False,21.272043228149414
fedavg,loud,2,13,rsna_12,False,19.288251876831055
fedavg,loud,2,13,rsna_02,False,22.148008346557617
fedavg,loud,2,13,rsna_08,False,18.640085220336914
fedavg,loud,2,13,kerm_06,False,19.936973571777344
fedavg,loud,2,13,rsna_04,False,22.4501953125
fedavg,loud,2,13,kerm_01,False,20.517484664916992
fedavg,loud,2,13,kerm_05,False,19.271059036254883
fedavg,loud,2,13,kerm_08,False,21.87653160095215
fedavg,loud,2,13,kerm_02,False,19.57572364807129
fedavg,loud,2,13,kerm_07,False,20.244741439819336
fedavg,loud,2,13,rsna_09,False,19.5379638671875
fedavg,loud,2,13,rsna_11,False,19.447486877441406
fedavg,loud,2,14,kerm_04,False,20.450971603393555
fedavg,loud,2,14,rsna_05,False,21.06317138671875
fedavg,loud,2,14,kerm_02,False,18.047483444213867
fedavg,loud,2,14,kerm_03,False,18.21267318725586
fedavg,loud,2,14,rsna_02,False,26.892656326293945
fedavg,loud,2,14,rsna_08,False,20.80127716064453
fedavg,loud,2,14,rsna_09,False,18.66898536682129
fedavg,loud,2,14,rsna_01,False,26.207603454589844
fedavg,loud,2,14,kerm_07,False,20.465478897094727
fedavg,loud,2,14,kerm_06,False,20.171974182128906
fedavg,loud,2,14,rsna_03,False,21.028520584106445
fedavg,loud,2,14,rsna_06,False,19.059368133544922
fedavg,loud,2,14,rsna_12,False,20.82073402404785
fedavg,loud,2,14,kerm_05,False,23.33174705505371
fedavg,loud,2,14,rsna_07,False,18.4561710357666
fedavg,loud,2,15,rsna_12,True,24.293437957763672
fedavg,loud,2,15,rsna_02,False,23.021297454833984
fedavg,loud,2,15,kerm_08,False,24.001047134399414
fedavg,loud,2,15,rsna_03,False,21.546463012695312
fedavg,loud,2,15,rsna_07,False,20.773900985717773
fedavg,loud,2,15,kerm_03,False,26.11590003967285
fedavg,loud,2,15,rsna_06,False,22.12546157836914
fedavg,loud,2,15,kerm_06,False,22.223690032958984
fedavg,loud,2,15,rsna_05,False,22.531579971313477
fedavg,loud,2,15,rsna_04,False,23.946517944335938
fedavg,loud,2,15,rsna_09,False,17.467010498046875
fedavg,loud,2,15,rsna_11,False,24.777873992919922
fedavg,loud,2,15,kerm_04,False,21.748708724975586
fedavg,loud,2,15,rsna_10,False,18.94634437561035
fedavg,loud,2,15,kerm_02,False,18.903100967407227
fedavg,loud,2,16,rsna_12,True,23.552139282226562
fedavg,loud,2,16,kerm_02,False,20.952072143554688
fedavg,loud,2,16,rsna_04,False,22.583606719970703
fedavg,loud,2,16,rsna_10,False,20.028425216674805
fedavg,loud,2,16,kerm_06,False,21.10980224609375
fedavg,loud,2,16,kerm_03,False,21.013837814331055
fedavg,loud,2,16,kerm_05,False,20.08002471923828
fedavg,loud,2,16,kerm_07,False,22.917776107788086
fedavg,loud,2,16,rsna_02,False,26.161048889160156
fedavg,loud,2,16,rsna_05,False,22.1473445892334
fedavg,loud,2,16,kerm_08,False,23.882659912109375
fedavg,loud,2,16,rsna_01,False,23.745792388916016
fedavg,loud,2,16,rsna_06,False,20.054363250732422
fedavg,loud,2,16,rsna_08,False,19.328710556030273
fedavg,loud,2,16,rsna_09,False,20.42344856262207
fedavg,loud,2,17,rsna_12,True,24.536895751953125
fedavg,loud,2,17,rsna_06,False,21.686275482177734
fedavg,loud,2,17,rsna_02,False,26.777687072753906
fedavg,loud,2,17,kerm_07,False,25.580142974853516
fedavg,loud,2,17,kerm_02,False,20.916406631469727
fedavg,loud,2,17,rsna_05,False,21.7010440826416
fedavg,loud,2,17,rsna_08,False,19.21563720703125
fedavg,loud,2,17,kerm_08,False,21.790712356567383
fedavg,loud,2,17,rsna_03,False,25.008121490478516
fedavg,loud,2,17,kerm_05,False,20.340484619140625
fedavg,loud,2,17,rsna_07,False,19.931583404541016
fedavg,loud,2,17,kerm_01,False,21.617509841918945
fedavg,loud,2,17,rsna_04,False,21.228904724121094
fedavg,loud,2,17,kerm_04,False,27.619413375854492
fedavg,loud,2,17,kerm_03,False,23.39933967590332
fedavg,loud,2,18,rsna_12,True,24.669994354248047
fedavg,loud,2,18,rsna_10,False,28.598228454589844
fedavg,loud,2,18,rsna_04,False,20.27884864807129
fedavg,loud,2,18,kerm_04,False,20.10686683654785
fedavg,loud,2,18,rsna_03,False,21.5767765045166
fedavg,loud,2,18,rsna_11,False,20.1246337890625
fedavg,loud,2,18,kerm_02,False,19.120594024658203
fedavg,loud,2,18,rsna_02,False,25.00762367248535
fedavg,loud,2,18,rsna_07,False,19.83220672607422
fedavg,loud,2,18,rsna_09,False,22.3659610748291
fedavg,loud,2,18,rsna_06,False,21.253536224365234
fedavg,loud,2,18,rsna_05,False,18.673126220703125
fedavg,loud,2,18,kerm_03,False,20.281879425048828
fedavg,loud,2,18,kerm_05,False,18.66365623474121
fedavg,loud,2,18,kerm_08,False,24.097814559936523
fedavg,loud,2,19,rsna_12,True,26.499156951904297
fedavg,loud,2,19,rsna_05,False,20.11023712158203
fedavg,loud,2,19,kerm_04,False,30.204936981201172
fedavg,loud,2,19,rsna_08,False,17.485471725463867
fedavg,loud,2,19,kerm_06,False,21.617918014526367
fedavg,loud,2,19,rsna_09,False,19.418851852416992
fedavg,loud,2,19,rsna_11,False,25.206035614013672
fedavg,loud,2,19,kerm_05,False,19.30120086669922
fedavg,loud,2,19,rsna_02,False,20.896265029907227
fedavg,loud,2,19,kerm_03,False,24.80301856994629
fedavg,loud,2,19,rsna_07,False,18.607330322265625
fedavg,loud,2,19,kerm_01,False,25.766469955444336
fedavg,loud,2,19,rsna_03,False,20.334102630615234
fedavg,loud,2,19,rsna_01,False,23.561508178710938
fedavg,loud,2,19,rsna_06,False,21.80280113220215
fedavg,loud,2,20,rsna_12,True,24.75004005432129
fedavg,loud,2,20,rsna_07,False,20.870830535888672
fedavg,loud,2,20,rsna_09,False,21.477773666381836
fedavg,loud,2,20,rsna_04,False,20.233924865722656
fedavg,loud,2,20,rsna_11,False,24.398250579833984
fedavg,loud,2,20,kerm_01,False,20.32477378845215
fedavg,loud,2,20,rsna_10,False,22.69606590270996
fedavg,loud,2,20,kerm_05,False,22.78217887878418
fedavg,loud,2,20,kerm_04,False,22.16289710998535
fedavg,loud,2,20,kerm_03,False,20.896297454833984
fedavg,loud,2,20,rsna_06,False,19.612417221069336
fedavg,loud,2,20,kerm_08,False,25.020830154418945
fedavg,loud,2,20,rsna_01,False,23.18538475036621
fedavg,loud,2,20,rsna_03,False,22.290964126586914
fedavg,loud,2,20,rsna_05,False,18.076292037963867
fedavg,loud,2,21,rsna_12,True,24.263656616210938
fedavg,loud,2,21,rsna_09,False,20.654436111450195
fedavg,loud,2,21,kerm_02,False,25.7902774810791
fedavg,loud,2,21,rsna_01,False,23.476253509521484
fedavg,loud,2,21,kerm_03,False,23.00581169128418
fedavg,loud,2,21,kerm_01,False,33.269256591796875
fedavg,loud,2,21,kerm_06,False,44.144874572753906
fedavg,loud,2,21,rsna_08,False,18.039806365966797
fedavg,loud,2,21,kerm_04,False,27.235126495361328
fedavg,loud,2,21,kerm_05,False,18.67217445373535
fedavg,loud,2,21,rsna_03,False,24.84016990661621
fedavg,loud,2,21,rsna_05,False,20.527137756347656
fedavg,loud,2,21,rsna_10,False,20.570276260375977
fedavg,loud,2,21,rsna_02,False,21.960783004760742
fedavg,loud,2,21,rsna_11,False,20.3903751373291
fedavg,loud,2,22,rsna_12,True,24.26888656616211
fedavg,loud,2,22,kerm_03,False,23.415294647216797
fedavg,loud,2,22,rsna_07,False,21.03941535949707
fedavg,loud,2,22,kerm_06,False,42.200843811035156
fedavg,loud,2,22,kerm_04,False,19.894546508789062
fedavg,loud,2,22,kerm_01,False,21.794710159301758
fedavg,loud,2,22,rsna_08,False,23.042388916015625
fedavg,loud,2,22,kerm_05,False,19.717716217041016
fedavg,loud,2,22,rsna_03,False,21.923784255981445
fedavg,loud,2,22,kerm_07,False,23.91616439819336
fedavg,loud,2,22,rsna_02,False,22.7742862701416
fedavg,loud,2,22,rsna_04,False,20.283166885375977
fedavg,loud,2,22,rsna_11,False,19.17482566833496
fedavg,loud,2,22,rsna_09,False,20.66062355041504
fedavg,loud,2,22,rsna_10,False,21.52754020690918
fedavg,loud,2,23,rsna_12,True,25.833255767822266
fedavg,loud,2,23,rsna_01,False,25.841259002685547
fedavg,loud,2,23,kerm_05,False,23.02691078186035
fedavg,loud,2,23,rsna_11,False,25.444631576538086
fedavg,loud,2,23,rsna_02,False,34.67729568481445
fedavg,loud,2,23,kerm_04,False,18.861080169677734
fedavg,loud,2,23,kerm_03,False,24.636478424072266
fedavg,loud,2,23,rsna_06,False,24.37900161743164
fedavg,loud,2,23,kerm_06,False,20.242158889770508
fedavg,loud,2,23,rsna_05,False,22.16861343383789
fedavg,loud,2,23,rsna_07,False,18.78941535949707
fedavg,loud,2,23,rsna_04,False,24.073429107666016
fedavg,loud,2,23,kerm_07,False,22.645692825317383
fedavg,loud,2,23,rsna_08,False,18.38323211669922
fedavg,loud,2,23,rsna_03,False,22.527454376220703
fedavg,loud,2,24,rsna_12,True,24.313556671142578
fedavg,loud,2,24,kerm_04,False,23.466848373413086
fedavg,loud,2,24,rsna_08,False,19.61836814880371
fedavg,loud,2,24,rsna_09,False,25.125579833984375
fedavg,loud,2,24,rsna_01,False,25.892536163330078
fedavg,loud,2,24,kerm_01,False,18.85007667541504
fedavg,loud,2,24,kerm_07,False,26.83563804626465
fedavg,loud,2,24,rsna_03,False,24.687936782836914
fedavg,loud,2,24,rsna_04,False,21.877504348754883
fedavg,loud,2,24,rsna_02,False,22.783214569091797
fedavg,loud,2,24,rsna_11,False,21.28380012512207
fedavg,loud,2,24,rsna_06,False,19.57658576965332
fedavg,loud,2,24,rsna_07,False,17.908048629760742
fedavg,loud,2,24,rsna_05,False,24.797483444213867
fedavg,loud,2,24,kerm_06,False,23.5268611907959
fedavg,loud,2,25,rsna_12,True,24.460222244262695
fedavg,loud,2,25,kerm_06,False,23.61598014831543
fedavg,loud,2,25,kerm_05,False,24.13506507873535
fedavg,loud,2,25,rsna_07,False,19.79217529296875
fedavg,loud,2,25,kerm_08,False,26.48613739013672
fedavg,loud,2,25,rsna_03,False,22.622997283935547
fedavg,loud,2,25,rsna_09,False,18.06099510192871
fedavg,loud,2,25,kerm_04,False,24.579090118408203
fedavg,loud,2,25,kerm_03,False,24.842758178710938
fedavg,loud,2,25,rsna_10,False,25.667293548583984
fedavg,loud,2,25,rsna_02,False,20.88582420349121
fedavg,loud,2,25,rsna_04,False,22.612918853759766
fedavg,loud,2,25,rsna_05,False,20.135236740112305
fedavg,loud,2,25,kerm_01,False,21.01892852783203
fedavg,loud,2,25,rsna_06,False,18.24855613708496
fedavg,loud,2,26,rsna_12,True,25.45460319519043
fedavg,loud,2,26,kerm_05,False,41.55051803588867
fedavg,loud,2,26,rsna_05,False,21.61394500732422
fedavg,loud,2,26,kerm_01,False,21.283376693725586
fedavg,loud,2,26,kerm_08,False,25.16707992553711
fedavg,loud,2,26,rsna_08,False,24.456884384155273
fedavg,loud,2,26,rsna_02,False,24.88473129272461
fedavg,loud,2,26,rsna_09,False,19.24163246154785
fedavg,loud,2,26,kerm_02,False,20.424875259399414
fedavg,loud,2,26,rsna_11,False,28.721267700195312
fedavg,loud,2,26,kerm_07,False,25.045244216918945
fedavg,loud,2,26,rsna_03,False,23.52100944519043
fedavg,loud,2,26,rsna_01,False,31.532899856567383
fedavg,loud,2,26,rsna_10,False,20.24932861328125
fedavg,loud,2,26,rsna_04,False,24.93612289428711
fedavg,loud,2,27,rsna_12,True,23.186607360839844
fedavg,loud,2,27,kerm_01,False,20.821697235107422
fedavg,loud,2,27,rsna_01,False,26.53495979309082
fedavg,loud,2,27,kerm_05,False,22.72819709777832
fedavg,loud,2,27,rsna_03,False,21.86562728881836
fedavg,loud,2,27,rsna_02,False,22.813730239868164
fedavg,loud,2,27,kerm_04,False,44.95185470581055
fedavg,loud,2,27,rsna_06,False,23.31147575378418
fedavg,loud,2,27,kerm_06,False,23.178146362304688
fedavg,loud,2,27,rsna_04,False,19.15815544128418
fedavg,loud,2,27,rsna_08,False,18.444047927856445
fedavg,loud,2,27,rsna_11,False,20.637210845947266
fedavg,loud,2,27,rsna_10,False,22.485475540161133
fedavg,loud,2,27,kerm_07,False,26.889137268066406
fedavg,loud,2,27,kerm_03,False,22.53379249572754
fedavg,loud,2,28,rsna_12,True,26.029861450195312
fedavg,loud,2,28,kerm_01,False,28.32318878173828
fedavg,loud,2,28,kerm_04,False,19.970067977905273
fedavg,loud,2,28,rsna_04,False,21.83462142944336
fedavg,loud,2,28,rsna_09,False,21.185422897338867
fedavg,loud,2,28,kerm_03,False,21.78882598876953
fedavg,loud,2,28,rsna_07,False,21.759483337402344
fedavg,loud,2,28,rsna_01,False,24.13604736328125
fedavg,loud,2,28,rsna_02,False,21.20762825012207
fedavg,loud,2,28,rsna_05,False,20.568649291992188
fedavg,loud,2,28,kerm_02,False,27.005504608154297
fedavg,loud,2,28,rsna_03,False,21.773099899291992
fedavg,loud,2,28,kerm_05,False,26.801002502441406
fedavg,loud,2,28,kerm_08,False,28.415264129638672
fedavg,loud,2,28,rsna_10,False,22.065250396728516
fedavg,loud,2,29,rsna_12,True,29.3050594329834
fedavg,loud,2,29,rsna_10,False,23.77474594116211
fedavg,loud,2,29,rsna_04,False,20.812522888183594
fedavg,loud,2,29,kerm_07,False,28.973934173583984
fedavg,loud,2,29,rsna_08,False,17.889780044555664
fedavg,loud,2,29,kerm_04,False,26.255578994750977
fedavg,loud,2,29,kerm_08,False,26.814973831176758
fedavg,loud,2,29,rsna_09,False,21.86598777770996
fedavg,loud,2,29,rsna_07,False,22.268497467041016
fedavg,loud,2,29,rsna_03,False,37.396568298339844
fedavg,loud,2,29,rsna_05,False,21.24103355407715
fedavg,loud,2,29,rsna_11,False,21.101837158203125
fedavg,loud,2,29,kerm_06,False,25.95440101623535
fedavg,loud,2,29,kerm_03,False,23.48749542236328
fedavg,loud,2,29,rsna_06,False,20.893733978271484
fedavg,loud,2,30,rsna_12,True,32.63578796386719
fedavg,loud,2,30,rsna_07,False,23.750926971435547
fedavg,loud,2,30,kerm_01,False,44.05825424194336
fedavg,loud,2,30,kerm_07,False,26.645263671875
fedavg,loud,2,30,kerm_02,False,24.300996780395508
fedavg,loud,2,30,kerm_05,False,23.1751651763916
fedavg,loud,2,30,rsna_09,False,18.985801696777344
fedavg,loud,2,30,rsna_11,False,20.201152801513672
fedavg,loud,2,30,rsna_01,False,32.931488037109375
fedavg,loud,2,30,rsna_04,False,21.091548919677734
fedavg,loud,2,30,rsna_06,False,29.418498992919922
fedavg,loud,2,30,rsna_02,False,26.703725814819336
fedavg,loud,2,30,kerm_08,False,23.76935577392578
fedavg,loud,2,30,rsna_10,False,20.08475112915039
fedavg,loud,2,30,kerm_06,False,21.753910064697266
fedavg,loud,3,1,rsna_03,False,22.906343460083008
fedavg,loud,3,1,rsna_09,False,23.292219161987305
fedavg,loud,3,1,kerm_06,False,22.58348846435547
fedavg,loud,3,1,rsna_04,False,22.928428649902344
fedavg,loud,3,1,rsna_01,False,23.007917404174805
fedavg,loud,3,1,rsna_12,False,22.73534393310547
fedavg,loud,3,1,rsna_06,False,22.758636474609375
fedavg,loud,3,1,kerm_08,False,22.345643997192383
fedavg,loud,3,1,kerm_03,False,22.56019401550293
fedavg,loud,3,1,rsna_02,False,23.26284408569336
fedavg,loud,3,1,kerm_01,False,22.84163475036621
fedavg,loud,3,1,kerm_05,False,22.20652198791504
fedavg,loud,3,1,rsna_11,False,22.831262588500977
fedavg,loud,3,1,rsna_07,False,22.683557510375977
fedavg,loud,3,1,kerm_02,False,22.64385223388672
fedavg,loud,3,2,rsna_06,False,18.07587242126465
fedavg,loud,3,2,rsna_05,False,18.535053253173828
fedavg,loud,3,2,rsna_04,False,18.41387176513672
fedavg,loud,3,2,rsna_09,False,18.21904754638672
fedavg,loud,3,2,rsna_08,False,19.063316345214844
fedavg,loud,3,2,kerm_08,False,17.395320892333984
fedavg,loud,3,2,kerm_01,False,16.908061981201172
fedavg,loud,3,2,kerm_02,False,17.002946853637695
fedavg,loud,3,2,kerm_04,False,17.58984375
fedavg,loud,3,2,rsna_02,False,18.381288528442383
fedavg,loud,3,2,kerm_05,False,17.65686798095703
fedavg,loud,3,2,rsna_01,False,19.42573356628418
fedavg,loud,3,2,kerm_06,False,17.10300636291504
fedavg,loud,3,2,kerm_03,False,16.966588973999023
fedavg,loud,3,2,rsna_12,False,17.410499572753906
fedavg,loud,3,3,rsna_06,False,19.105846405029297
fedavg,loud,3,3,rsna_12,False,18.630773544311523
fedavg,loud,3,3,kerm_08,False,18.50646209716797
fedavg,loud,3,3,kerm_02,False,17.344404220581055
fedavg,loud,3,3,rsna_08,False,18.5338077545166
fedavg,loud,3,3,rsna_03,False,19.156326293945312
fedavg,loud,3,3,kerm_01,False,17.351404190063477
fedavg,loud,3,3,rsna_09,False,19.836029052734375
fedavg,loud,3,3,kerm_05,False,19.963253021240234
fedavg,loud,3,3,rsna_11,False,20.204105377197266
fedavg,loud,3,3,rsna_01,False,19.589372634887695
fedavg,loud,3,3,kerm_04,False,18.614627838134766
fedavg,loud,3,3,rsna_07,False,18.844860076904297
fedavg,loud,3,3,rsna_04,False,19.233741760253906
fedavg,loud,3,3,kerm_03,False,18.04399871826172
fedavg,loud,3,4,rsna_01,False,21.957101821899414
fedavg,loud,3,4,kerm_05,False,21.024438858032227
fedavg,loud,3,4,rsna_06,False,20.05609703063965
fedavg,loud,3,4,kerm_08,False,19.70658302307129
fedavg,loud,3,4,rsna_07,False,20.53770637512207
fedavg,loud,3,4,rsna_05,False,20.237077713012695
fedavg,loud,3,4,kerm_07,False,24.226346969604492
fedavg,loud,3,4,rsna_04,False,20.984920501708984
fedavg,loud,3,4,rsna_02,False,20.13276481628418
fedavg,loud,3,4,rsna_10,False,19.92592430114746
fedavg,loud,3,4,rsna_09,False,19.413393020629883
fedavg,loud,3,4,kerm_02,False,18.8188533782959
fedavg,loud,3,4,rsna_11,False,20.128103256225586
fedavg,loud,3,4,kerm_04,False,22.18111801147461
fedavg,loud,3,4,rsna_03,False,21.294652938842773
fedavg,loud,3,5,kerm_01,False,17.86199188232422
fedavg,loud,3,5,kerm_06,False,26.446544647216797
fedavg,loud,3,5,rsna_04,False,18.85860824584961
fedavg,loud,3,5,kerm_08,False,25.090988159179688
fedavg,loud,3,5,rsna_11,False,20.680620193481445
fedavg,loud,3,5,rsna_03,False,19.486494064331055
fedavg,loud,3,5,rsna_02,False,20.03573226928711
fedavg,loud,3,5,rsna_10,False,19.643999099731445
fedavg,loud,3,5,rsna_07,False,18.551898956298828
fedavg,loud,3,5,kerm_03,False,18.405261993408203
fedavg,loud,3,5,kerm_05,False,25.31016731262207
fedavg,loud,3,5,rsna_05,False,18.505603790283203
fedavg,loud,3,5,rsna_09,False,18.347593307495117
fedavg,loud,3,5,rsna_12,False,25.057741165161133
fedavg,loud,3,5,kerm_02,False,17.238330841064453
fedavg,loud,3,6,rsna_11,False,18.82398796081543
fedavg,loud,3,6,rsna_12,False,19.553438186645508
fedavg,loud,3,6,rsna_10,False,19.29258155822754
fedavg,loud,3,6,kerm_02,False,17.462461471557617
fedavg,loud,3,6,rsna_07,False,18.790447235107422
fedavg,loud,3,6,kerm_06,False,21.27643394470215
fedavg,loud,3,6,rsna_09,False,19.16869354248047
fedavg,loud,3,6,rsna_04,False,21.900218963623047
fedavg,loud,3,6,kerm_07,False,19.608232498168945
fedavg,loud,3,6,kerm_04,False,20.42479705810547
fedavg,loud,3,6,kerm_01,False,19.022117614746094
fedavg,loud,3,6,rsna_01,False,22.550460815429688
fedavg,loud,3,6,kerm_05,False,23.7012939453125
fedavg,loud,3,6,kerm_03,False,17.972150802612305
fedavg,loud,3,6,rsna_05,False,19.90526580810547
fedavg,loud,3,7,rsna_01,False,25.051105499267578
fedavg,loud,3,7,kerm_08,False,19.638591766357422
fedavg,loud,3,7,rsna_06,False,21.846986770629883
fedavg,loud,3,7,kerm_01,False,21.37955665588379
fedavg,loud,3,7,rsna_05,False,20.118627548217773
fedavg,loud,3,7,kerm_06,False,22.002647399902344
fedavg,loud,3,7,rsna_03,False,23.34458351135254
fedavg,loud,3,7,rsna_11,False,18.728801727294922
fedavg,loud,3,7,kerm_04,False,16.56216049194336
fedavg,loud,3,7,rsna_09,False,19.204448699951172
fedavg,loud,3,7,kerm_02,False,18.11858367919922
fedavg,loud,3,7,kerm_07,False,23.027301788330078
fedavg,loud,3,7,rsna_04,False,22.341341018676758
fedavg,loud,3,7,kerm_05,False,22.6728572845459
fedavg,loud,3,7,kerm_03,False,18.10196304321289
fedavg,loud,3,8,kerm_03,False,16.66876220703125
fedavg,loud,3,8,rsna_02,False,22.787071228027344
fedavg,loud,3,8,rsna_06,False,18.92729377746582
fedavg,loud,3,8,kerm_06,False,18.83266258239746
fedavg,loud,3,8,kerm_01,False,18.306432723999023
fedavg,loud,3,8,rsna_01,False,23.696897506713867
fedavg,loud,3,8,rsna_11,False,18.48581886291504
fedavg,loud,3,8,kerm_07,False,32.0869255065918
fedavg,loud,3,8,rsna_09,False,18.858232498168945
fedavg,loud,3,8,rsna_10,False,19.629819869995117
fedavg,loud,3,8,kerm_04,False,21.431407928466797
fedavg,loud,3,8,rsna_08,False,19.676870346069336
fedavg,loud,3,8,kerm_05,False,24.938085556030273
fedavg,loud,3,8,kerm_08,False,21.055614471435547
fedavg,loud,3,8,rsna_12,False,19.471620559692383
fedavg,loud,3,9,rsna_07,False,20.816482543945312
fedavg,loud,3,9,kerm_02,False,20.656986236572266
fedavg,loud,3,9,rsna_01,False,30.270383834838867
fedavg,loud,3,9,rsna_09,False,19.60899543762207
fedavg,loud,3,9,kerm_04,False,18.822444915771484
fedavg,loud,3,9,rsna_05,False,23.485553741455078
fedavg,loud,3,9,kerm_03,False,17.81304931640625
fedavg,loud,3,9,rsna_04,False,23.444149017333984
fedavg,loud,3,9,rsna_02,False,27.92939567565918
fedavg,loud,3,9,kerm_07,False,19.184831619262695
fedavg,loud,3,9,kerm_01,False,21.572782516479492
fedavg,loud,3,9,rsna_06,False,22.626005172729492
fedavg,loud,3,9,rsna_08,False,20.334903717041016
fedavg,loud,3,9,rsna_11,False,17.712207794189453
fedavg,loud,3,9,rsna_10,False,19.353429794311523
fedavg,loud,3,10,rsna_01,False,24.439706802368164
fedavg,loud,3,10,kerm_07,False,22.060028076171875
fedavg,loud,3,10,rsna_11,False,19.50637435913086
fedavg,loud,3,10,rsna_06,False,18.147777557373047
fedavg,loud,3,10,kerm_02,False,18.66087532043457
fedavg,loud,3,10,rsna_08,False,21.776935577392578
fedavg,loud,3,10,rsna_12,False,22.502897262573242
fedavg,loud,3,10,kerm_08,False,21.79334831237793
fedavg,loud,3,10,rsna_05,False,19.649381637573242
fedavg,loud,3,10,rsna_10,False,19.45932960510254
fedavg,loud,3,10,rsna_09,False,18.61530113220215
fedavg,loud,3,10,rsna_04,False,21.735082626342773
fedavg,loud,3,10,kerm_06,False,28.752525329589844
fedavg,loud,3,10,kerm_05,False,29.900089263916016
fedavg,loud,3,10,kerm_04,False,19.275785446166992
fedavg,loud,3,11,rsna_01,False,28.612096786499023
fedavg,loud,3,11,rsna_02,False,29.97671127319336
fedavg,loud,3,11,rsna_11,False,18.83682632446289
fedavg,loud,3,11,kerm_07,False,23.286094665527344
fedavg,loud,3,11,rsna_04,False,23.8353271484375
fedavg,loud,3,11,rsna_10,False,21.669116973876953
fedavg,loud,3,11,kerm_05,False,20.511674880981445
fedavg,loud,3,11,rsna_06,False,21.089956283569336
fedavg,loud,3,11,rsna_03,False,27.717741012573242
fedavg,loud,3,11,kerm_03,False,17.01573944091797
fedavg,loud,3,11,rsna_05,False,23.992900848388672
fedavg,loud,3,11,rsna_07,False,20.59794044494629
fedavg,loud,3,11,kerm_04,False,18.231834411621094
fedavg,loud,3,11,rsna_09,False,20.560564041137695
fedavg,loud,3,11,kerm_02,False,19.816476821899414
fedavg,loud,3,12,rsna_07,False,22.527700424194336
fedavg,loud,3,12,kerm_01,False,20.378807067871094
fedavg,loud,3,12,kerm_03,False,19.729354858398438
fedavg,loud,3,12,rsna_04,False,20.93755340576172
fedavg,loud,3,12,rsna_12,False,20.318592071533203
fedavg,loud,3,12,rsna_09,False,19.165760040283203
fedavg,loud,3,12,rsna_11,False,21.511520385742188
fedavg,loud,3,12,rsna_10,False,21.255279541015625
fedavg,loud,3,12,rsna_03,False,20.640058517456055
fedavg,loud,3,12,rsna_06,False,20.08060646057129
fedavg,loud,3,12,rsna_08,False,18.194534301757812
fedavg,loud,3,12,rsna_02,False,24.409086227416992
fedavg,loud,3,12,kerm_02,False,17.720693588256836
fedavg,loud,3,12,kerm_06,False,32.13663864135742
fedavg,loud,3,12,kerm_08,False,23.032102584838867
fedavg,loud,3,13,rsna_06,False,19.098915100097656
fedavg,loud,3,13,rsna_01,False,22.53720474243164
fedavg,loud,3,13,kerm_01,False,20.367645263671875
fedavg,loud,3,13,rsna_02,False,22.5360050201416
fedavg,loud,3,13,kerm_06,False,23.188602447509766
fedavg,loud,3,13,rsna_12,False,20.5918025970459
fedavg,loud,3,13,rsna_04,False,22.898605346679688
fedavg,loud,3,13,rsna_09,False,19.400226593017578
fedavg,loud,3,13,rsna_10,False,18.3442325592041
fedavg,loud,3,13,rsna_11,False,18.609872817993164
fedavg,loud,3,13,rsna_07,False,19.55408477783203
fedavg,loud,3,13,kerm_05,False,26.569076538085938
fedavg,loud,3,13,rsna_03,False,24.807043075561523
fedavg,loud,3,13,kerm_03,False,21.421445846557617
fedavg,loud,3,13,kerm_08,False,20.86616325378418
fedavg,loud,3,14,rsna_09,False,19.50531005859375
fedavg,loud,3,14,rsna_08,False,20.178146362304688
fedavg,loud,3,14,kerm_05,False,35.480072021484375
fedavg,loud,3,14,rsna_06,False,21.617223739624023
fedavg,loud,3,14,kerm_04,False,28.510892868041992
fedavg,loud,3,14,rsna_04,False,21.541723251342773
fedavg,loud,3,14,kerm_06,False,29.07928466796875
fedavg,loud,3,14,rsna_02,False,30.161239624023438
fedavg,loud,3,14,kerm_07,False,21.448150634765625
fedavg,loud,3,14,rsna_10,False,21.319902420043945
fedavg,loud,3,14,rsna_03,False,27.458255767822266
fedavg,loud,3,14,kerm_02,False,19.03089141845703
fedavg,loud,3,14,kerm_08,False,21.989585876464844
fedavg,loud,3,14,rsna_07,False,22.232093811035156
fedavg,loud,3,14,rsna_05,False,19.66855239868164
fedavg,loud,3,15,rsna_12,True,33.63844680786133
fedavg,loud,3,15,rsna_10,False,19.527193069458008
fedavg,loud,3,15,kerm_07,False,23.38677406311035
fedavg,loud,3,15,rsna_02,False,27.917743682861328
fedavg,loud,3,15,rsna_03,False,23.304529190063477
fedavg,loud,3,15,rsna_06,False,20.439611434936523
fedavg,loud,3,15,kerm_08,False,23.04722785949707
fedavg,loud,3,15,kerm_05,False,17.702980041503906
fedavg,loud,3,15,kerm_02,False,19.669605255126953
fedavg,loud,3,15,rsna_05,False,23.31150245666504
fedavg,loud,3,15,kerm_03,False,18.509443283081055
fedavg,loud,3,15,rsna_11,False,18.775842666625977
fedavg,loud,3,15,rsna_01,False,25.059345245361328
fedavg,loud,3,15,kerm_04,False,21.079496383666992
fedavg,loud,3,15,kerm_06,False,22.269033432006836
fedavg,loud,3,16,rsna_12,True,44.55398178100586
fedavg,loud,3,16,rsna_11,False,17.82033348083496
fedavg,loud,3,16,kerm_03,False,19.044387817382812
fedavg,loud,3,16,kerm_08,False,24.563573837280273
fedavg,loud,3,16,rsna_01,False,25.700538635253906
fedavg,loud,3,16,rsna_08,False,18.58733367919922
fedavg,loud,3,16,rsna_02,False,25.970884323120117
fedavg,loud,3,16,kerm_04,False,19.838972091674805
fedavg,loud,3,16,rsna_09,False,20.18183135986328
fedavg,loud,3,16,kerm_05,False,28.612178802490234
fedavg,loud,3,16,kerm_06,False,24.05604362487793
fedavg,loud,3,16,rsna_03,False,21.654186248779297
fedavg,loud,3,16,rsna_06,False,23.737091064453125
fedavg,loud,3,16,kerm_01,False,19.65785789489746
fedavg,loud,3,16,rsna_07,False,26.0460205078125
fedavg,loud,3,17,rsna_12,True,39.18889236450195
fedavg,loud,3,17,rsna_10,False,21.13626480102539
fedavg,loud,3,17,kerm_08,False,23.17491912841797
fedavg,loud,3,17,kerm_05,False,22.744237899780273
fedavg,loud,3,17,kerm_01,False,18.64419937133789
fedavg,loud,3,17,rsna_05,False,21.16146469116211
fedavg,loud,3,17,rsna_06,False,25.44475555419922
fedavg,loud,3,17,rsna_04,False,22.322343826293945
fedavg,loud,3,17,rsna_08,False,20.26409339904785
fedavg,loud,3,17,rsna_07,False,19.82079315185547
fedavg,loud,3,17,kerm_03,False,18.958786010742188
fedavg,loud,3,17,kerm_02,False,17.78596305847168
fedavg,loud,3,17,kerm_04,False,19.55598258972168
fedavg,loud,3,17,rsna_03,False,21.604703903198242
fedavg,loud,3,17,rsna_11,False,22.65321922302246
fedavg,loud,3,18,rsna_12,True,30.718305587768555
fedavg,loud,3,18,rsna_09,False,18.62298011779785
fedavg,loud,3,18,kerm_05,False,32.2832145690918
fedavg,loud,3,18,rsna_07,False,21.677656173706055
fedavg,loud,3,18,kerm_08,False,25.056997299194336
fedavg,loud,3,18,kerm_04,False,29.658815383911133
fedavg,loud,3,18,rsna_05,False,20.73389434814453
fedavg,loud,3,18,rsna_08,False,19.06099510192871
fedavg,loud,3,18,kerm_06,False,25.228330612182617
fedavg,loud,3,18,rsna_02,False,22.464014053344727
fedavg,loud,3,18,kerm_02,False,18.92561149597168
fedavg,loud,3,18,rsna_04,False,20.584199905395508
fedavg,loud,3,18,rsna_11,False,20.069852828979492
fedavg,loud,3,18,kerm_03,False,17.735631942749023
fedavg,loud,3,18,rsna_06,False,20.28251838684082
fedavg,loud,3,19,rsna_12,True,36.45450973510742
fedavg,loud,3,19,kerm_03,False,20.318988800048828
fedavg,loud,3,19,kerm_01,False,21.76349639892578
fedavg,loud,3,19,rsna_04,False,25.090227127075195
fedavg,loud,3,19,kerm_08,False,25.371360778808594
fedavg,loud,3,19,kerm_05,False,19.585758209228516
fedavg,loud,3,19,rsna_11,False,20.18312644958496
fedavg,loud,3,19,kerm_02,False,22.3658390045166
fedavg,loud,3,19,kerm_04,False,17.26791000366211
fedavg,loud,3,19,rsna_10,False,21.90920066833496
fedavg,loud,3,19,rsna_08,False,20.140913009643555
fedavg,loud,3,19,rsna_02,False,25.06199073791504
fedavg,loud,3,19,rsna_06,False,19.804136276245117
fedavg,loud,3,19,rsna_05,False,26.855907440185547
fedavg,loud,3,19,rsna_07,False,20.22309684753418
fedavg,loud,3,20,rsna_12,True,35.75169372558594
fedavg,loud,3,20,rsna_01,False,28.43683624267578
fedavg,loud,3,20,rsna_02,False,26.90427589416504
fedavg,loud,3,20,rsna_04,False,19.95025634765625
fedavg,loud,3,20,rsna_08,False,22.786102294921875
fedavg,loud,3,20,rsna_11,False,20.60378074645996
fedavg,loud,3,20,kerm_03,False,21.898082733154297
fedavg,loud,3,20,kerm_04,False,17.764238357543945
fedavg,loud,3,20,kerm_05,False,29.440500259399414
fedavg,loud,3,20,kerm_01,False,25.235137939453125
fedavg,loud,3,20,rsna_07,False,27.744266510009766
fedavg,loud,3,20,kerm_06,False,24.767488479614258
fedavg,loud,3,20,kerm_02,False,18.781749725341797
fedavg,loud,3,20,kerm_07,False,25.315811157226562
fedavg,loud,3,20,rsna_05,False,27.112089157104492
fedavg,loud,3,21,rsna_12,True,33.61932373046875
fedavg,loud,3,21,rsna_03,False,22.481548309326172
fedavg,loud,3,21,rsna_02,False,25.332015991210938
fedavg,loud,3,21,rsna_08,False,22.079517364501953
fedavg,loud,3,21,kerm_08,False,25.87786293029785
fedavg,loud,3,21,kerm_07,False,27.892539978027344
fedavg,loud,3,21,kerm_02,False,20.096494674682617
fedavg,loud,3,21,rsna_04,False,22.686492919921875
fedavg,loud,3,21,kerm_04,False,20.171855926513672
fedavg,loud,3,21,kerm_01,False,19.947315216064453
fedavg,loud,3,21,rsna_05,False,19.5389404296875
fedavg,loud,3,21,kerm_06,False,23.41501808166504
fedavg,loud,3,21,rsna_06,False,21.083982467651367
fedavg,loud,3,21,rsna_07,False,19.367219924926758
fedavg,loud,3,21,rsna_01,False,30.00162124633789
fedavg,loud,3,22,rsna_12,True,31.618907928466797
fedavg,loud,3,22,kerm_08,False,27.75918960571289
fedavg,loud,3,22,kerm_06,False,33.29165267944336
fedavg,loud,3,22,kerm_07,False,25.055370330810547
fedavg,loud,3,22,rsna_02,False,22.429441452026367
fedavg,loud,3,22,kerm_02,False,20.267093658447266
fedavg,loud,3,22,rsna_06,False,20.354881286621094
fedavg,loud,3,22,rsna_03,False,19.919862747192383
fedavg,loud,3,22,rsna_08,False,23.383289337158203
fedavg,loud,3,22,rsna_05,False,20.01224708557129
fedavg,loud,3,22,rsna_04,False,20.57559585571289
fedavg,loud,3,22,kerm_03,False,21.833253860473633
fedavg,loud,3,22,rsna_10,False,28.17877960205078
fedavg,loud,3,22,kerm_04,False,19.704111099243164
fedavg,loud,3,22,kerm_05,False,39.00048065185547
fedavg,loud,3,23,rsna_12,True,31.18589973449707
fedavg,loud,3,23,rsna_03,False,22.852930068969727
fedavg,loud,3,23,rsna_09,False,28.472349166870117
fedavg,loud,3,23,kerm_04,False,20.14499855041504
fedavg,loud,3,23,rsna_06,False,22.12904167175293
fedavg,loud,3,23,rsna_04,False,22.967939376831055
fedavg,loud,3,23,kerm_01,False,28.092939376831055
fedavg,loud,3,23,rsna_01,False,26.111305236816406
fedavg,loud,3,23,rsna_08,False,18.781801223754883
fedavg,loud,3,23,rsna_07,False,26.724048614501953
fedavg,loud,3,23,kerm_06,False,22.273826599121094
fedavg,loud,3,23,rsna_10,False,26.093505859375
fedavg,loud,3,23,kerm_08,False,22.986129760742188
fedavg,loud,3,23,kerm_02,False,22.057270050048828
fedavg,loud,3,23,rsna_05,False,22.38733673095703
fedavg,loud,3,24,rsna_12,True,25.15789222717285
fedavg,loud,3,24,rsna_08,False,19.201595306396484
fedavg,loud,3,24,rsna_04,False,21.161712646484375
fedavg,loud,3,24,kerm_01,False,21.1745548248291
fedavg,loud,3,24,rsna_07,False,29.514881134033203
fedavg,loud,3,24,kerm_07,False,28.593286514282227
fedavg,loud,3,24,rsna_06,False,19.403779983520508
fedavg,loud,3,24,rsna_10,False,20.133676528930664
fedavg,loud,3,24,kerm_05,False,30.456716537475586
fedavg,loud,3,24,kerm_03,False,18.101272583007812
fedavg,loud,3,24,kerm_08,False,33.06235885620117
fedavg,loud,3,24,rsna_11,False,20.22863006591797
fedavg,loud,3,24,kerm_02,False,20.59205436706543
fedavg,loud,3,24,rsna_02,False,26.55038833618164
fedavg,loud,3,24,rsna_01,False,26.439746856689453
fedavg,loud,3,25,rsna_12,True,27.622304916381836
fedavg,loud,3,25,kerm_05,False,19.641647338867188
fedavg,loud,3,25,rsna_07,False,20.09164047241211
fedavg,loud,3,25,rsna_06,False,36.733245849609375
fedavg,loud,3,25,rsna_09,False,21.047107696533203
fedavg,loud,3,25,kerm_06,False,22.801883697509766
fedavg,loud,3,25,rsna_10,False,33.779781341552734
fedavg,loud,3,25,rsna_05,False,19.6007137298584
fedavg,loud,3,25,kerm_04,False,18.132699966430664
fedavg,loud,3,25,rsna_08,False,21.665918350219727
fedavg,loud,3,25,rsna_02,False,23.324247360229492
fedavg,loud,3,25,kerm_03,False,20.228361129760742
fedavg,loud,3,25,kerm_02,False,20.77400779724121
fedavg,loud,3,25,rsna_01,False,24.455909729003906
fedavg,loud,3,25,kerm_08,False,24.252534866333008
fedavg,loud,3,26,rsna_12,True,24.67157554626465
fedavg,loud,3,26,rsna_02,False,25.661592483520508
fedavg,loud,3,26,rsna_09,False,20.170207977294922
fedavg,loud,3,26,rsna_06,False,20.626388549804688
fedavg,loud,3,26,kerm_07,False,33.03130340576172
fedavg,loud,3,26,rsna_01,False,32.95718002319336
fedavg,loud,3,26,kerm_01,False,23.95877456665039
fedavg,loud,3,26,kerm_05,False,26.457746505737305
fedavg,loud,3,26,rsna_05,False,22.256107330322266
fedavg,loud,3,26,rsna_10,False,25.113996505737305
fedavg,loud,3,26,rsna_11,False,21.398860931396484
fedavg,loud,3,26,kerm_02,False,18.661762237548828
fedavg,loud,3,26,kerm_06,False,24.143112182617188
fedavg,loud,3,26,rsna_04,False,22.35062599182129
fedavg,loud,3,26,rsna_08,False,19.389490127563477
fedavg,loud,3,27,rsna_12,True,26.9390869140625
fedavg,loud,3,27,kerm_06,False,22.364046096801758
fedavg,loud,3,27,kerm_02,False,22.128154754638672
fedavg,loud,3,27,kerm_03,False,19.348609924316406
fedavg,loud,3,27,rsna_04,False,22.06829833984375
fedavg,loud,3,27,kerm_04,False,25.818965911865234
fedavg,loud,3,27,rsna_02,False,28.176362991333008
fedavg,loud,3,27,rsna_10,False,20.43563461303711
fedavg,loud,3,27,rsna_03,False,23.487394332885742
fedavg,loud,3,27,rsna_08,False,19.157859802246094
fedavg,loud,3,27,kerm_07,False,28.287765502929688
fedavg,loud,3,27,kerm_05,False,37.91820526123047
fedavg,loud,3,27,rsna_05,False,30.875755310058594
fedavg,loud,3,27,rsna_07,False,26.536165237426758
fedavg,loud,3,27,kerm_08,False,25.861190795898438
fedavg,loud,3,28,rsna_12,True,25.586511611938477
fedavg,loud,3,28,rsna_02,False,35.461181640625
fedavg,loud,3,28,rsna_06,False,19.489891052246094
fedavg,loud,3,28,rsna_07,False,20.82353401184082
fedavg,loud,3,28,rsna_11,False,23.921226501464844
fedavg,loud,3,28,rsna_10,False,25.84964942932129
fedavg,loud,3,28,kerm_02,False,19.2668514251709
fedavg,loud,3,28,rsna_04,False,22.32335090637207
fedavg,loud,3,28,kerm_04,False,18.271198272705078
fedavg,loud,3,28,kerm_07,False,24.837711334228516
fedavg,loud,3,28,rsna_05,False,23.97682762145996
fedavg,loud,3,28,rsna_03,False,28.0413818359375
fedavg,loud,3,28,rsna_08,False,22.0201358795166
fedavg,loud,3,28,kerm_01,False,29.902475357055664
fedavg,loud,3,28,kerm_08,False,24.678804397583008
fedavg,loud,3,29,rsna_12,True,31.824861526489258
fedavg,loud,3,29,rsna_09,False,19.923641204833984
fedavg,loud,3,29,rsna_10,False,33.11452102661133
fedavg,loud,3,29,rsna_04,False,20.46173095703125
fedavg,loud,3,29,kerm_05,False,30.09856414794922
fedavg,loud,3,29,rsna_11,False,21.294485092163086
fedavg,loud,3,29,kerm_04,False,24.339797973632812
fedavg,loud,3,29,rsna_06,False,22.00537109375
fedavg,loud,3,29,rsna_07,False,20.637712478637695
fedavg,loud,3,29,kerm_02,False,20.89300537109375
fedavg,loud,3,29,rsna_08,False,32.5984001159668
fedavg,loud,3,29,rsna_02,False,29.478408813476562
fedavg,loud,3,29,kerm_08,False,28.60736656188965
fedavg,loud,3,29,kerm_01,False,22.273616790771484
fedavg,loud,3,29,rsna_03,False,20.91433334350586
fedavg,loud,3,30,rsna_12,True,24.412324905395508
fedavg,loud,3,30,kerm_01,False,22.39932632446289
fedavg,loud,3,30,rsna_10,False,23.17357635498047
fedavg,loud,3,30,rsna_09,False,22.07276725769043
fedavg,loud,3,30,kerm_05,False,22.2661190032959
fedavg,loud,3,30,rsna_06,False,20.9024658203125
fedavg,loud,3,30,rsna_04,False,20.249170303344727
fedavg,loud,3,30,rsna_08,False,18.811813354492188
fedavg,loud,3,30,rsna_07,False,25.036251068115234
fedavg,loud,3,30,rsna_05,False,21.488868713378906
fedavg,loud,3,30,kerm_08,False,35.05937194824219
fedavg,loud,3,30,kerm_02,False,18.31761360168457
fedavg,loud,3,30,kerm_03,False,23.363832473754883
fedavg,loud,3,30,rsna_11,False,25.705778121948242
fedavg,loud,3,30,kerm_07,False,26.929607391357422
fedavg,loud,4,1,rsna_04,False,22.957229614257812
fedavg,loud,4,1,kerm_07,False,22.17970848083496
fedavg,loud,4,1,rsna_02,False,23.487966537475586
fedavg,loud,4,1,kerm_02,False,22.726097106933594
fedavg,loud,4,1,rsna_10,False,22.286951065063477
fedavg,loud,4,1,rsna_08,False,22.544902801513672
fedavg,loud,4,1,rsna_11,False,22.41545867919922
fedavg,loud,4,1,kerm_05,False,22.19849967956543
fedavg,loud,4,1,rsna_06,False,22.75531768798828
fedavg,loud,4,1,rsna_01,False,23.095054626464844
fedavg,loud,4,1,rsna_03,False,23.69988250732422
fedavg,loud,4,1,rsna_12,False,22.275646209716797
fedavg,loud,4,1,rsna_09,False,22.859159469604492
fedavg,loud,4,1,rsna_07,False,23.157901763916016
fedavg,loud,4,1,kerm_08,False,22.37786865234375
fedavg,loud,4,2,rsna_06,False,18.910552978515625
fedavg,loud,4,2,kerm_06,False,17.830747604370117
fedavg,loud,4,2,kerm_03,False,17.077396392822266
fedavg,loud,4,2,rsna_04,False,18.79296875
fedavg,loud,4,2,rsna_09,False,17.894412994384766
fedavg,loud,4,2,kerm_08,False,17.096559524536133
fedavg,loud,4,2,rsna_08,False,17.920263290405273
fedavg,loud,4,2,rsna_12,False,17.64263153076172
fedavg,loud,4,2,rsna_11,False,18.262903213500977
fedavg,loud,4,2,rsna_02,False,19.381372451782227
fedavg,loud,4,2,rsna_03,False,18.874235153198242
fedavg,loud,4,2,rsna_05,False,19.689510345458984
fedavg,loud,4,2,kerm_07,False,18.013748168945312
fedavg,loud,4,2,rsna_07,False,18.13359260559082
fedavg,loud,4,2,rsna_01,False,19.574390411376953
fedavg,loud,4,3,kerm_01,False,17.714658737182617
fedavg,loud,4,3,rsna_08,False,18.692153930664062
fedavg,loud,4,3,kerm_02,False,18.592872619628906
fedavg,loud,4,3,kerm_08,False,20.37837791442871
fedavg,loud,4,3,rsna_01,False,22.23995590209961
fedavg,loud,4,3,rsna_10,False,20.152944564819336
fedavg,loud,4,3,kerm_06,False,20.418231964111328
fedavg,loud,4,3,rsna_11,False,18.80876350402832
fedavg,loud,4,3,rsna_09,False,19.036081314086914
fedavg,loud,4,3,kerm_05,False,18.498403549194336
fedavg,loud,4,3,rsna_03,False,21.39284324645996
fedavg,loud,4,3,kerm_07,False,19.43464469909668
fedavg,loud,4,3,rsna_06,False,18.565563201904297
fedavg,loud,4,3,rsna_04,False,19.208433151245117
fedavg,loud,4,3,rsna_05,False,18.519615173339844
fedavg,loud,4,4,kerm_01,False,17.48891258239746
fedavg,loud,4,4,rsna_12,False,19.01643943786621
fedavg,loud,4,4,rsna_06,False,20.551733016967773
fedavg,loud,4,4,rsna_07,False,19.362346649169922
fedavg,loud,4,4,kerm_02,False,17.82090950012207
fedavg,loud,4,4,kerm_04,False,17.826231002807617
fedavg,loud,4,4,rsna_05,False,19.666589736938477
fedavg,loud,4,4,rsna_04,False,18.888988494873047
fedavg,loud,4,4,rsna_11,False,18.451143264770508
fedavg,loud,4,4,rsna_03,False,21.523361206054688
fedavg,loud,4,4,kerm_07,False,18.801931381225586
fedavg,loud,4,4,rsna_08,False,18.675687789916992
fedavg,loud,4,4,rsna_01,False,24.42244529724121
fedavg,loud,4,4,kerm_03,False,17.6416072845459
fedavg,loud,4,4,kerm_08,False,20.386579513549805
fedavg,loud,4,5,rsna_11,False,18.83194923400879
fedavg,loud,4,5,rsna_09,False,19.266714096069336
fedavg,loud,4,5,kerm_01,False,17.704050064086914
fedavg,loud,4,5,kerm_04,False,18.50543785095215
fedavg,loud,4,5,kerm_06,False,19.886051177978516
fedavg,loud,4,5,rsna_06,False,19.552814483642578
fedavg,loud,4,5,kerm_02,False,18.675870895385742
fedavg,loud,4,5,rsna_12,False,18.871540069580078
fedavg,loud,4,5,rsna_05,False,19.426380157470703
fedavg,loud,4,5,rsna_07,False,18.34941291809082
fedavg,loud,4,5,rsna_02,False,23.428977966308594
fedavg,loud,4,5,kerm_08,False,20.91627311706543
fedavg,loud,4,5,kerm_07,False,19.92853546142578
fedavg,loud,4,5,kerm_03,False,17.0618953704834
fedavg,loud,4,5,rsna_10,False,18.663694381713867
fedavg,loud,4,6,rsna_02,False,23.09873390197754
fedavg,loud,4,6,rsna_11,False,18.80190086364746
fedavg,loud,4,6,rsna_04,False,23.618762969970703
fedavg,loud,4,6,rsna_12,False,18.131444931030273
fedavg,loud,4,6,kerm_07,False,19.639558792114258
fedavg,loud,4,6,kerm_08,False,20.19658660888672
fedavg,loud,4,6,rsna_03,False,24.316743850708008
fedavg,loud,4,6,rsna_07,False,19.12541389465332
fedavg,loud,4,6,kerm_03,False,18.582975387573242
fedavg,loud,4,6,kerm_04,False,17.644832611083984
fedavg,loud,4,6,kerm_06,False,18.468088150024414
fedavg,loud,4,6,rsna_05,False,22.686742782592773
fedavg,loud,4,6,kerm_05,False,16.704923629760742
fedavg,loud,4,6,kerm_02,False,18.867109298706055
fedavg,loud,4,6,kerm_01,False,19.329811096191406
fedavg,loud,4,7,rsna_02,False,23.551170349121094
fedavg,loud,4,7,kerm_05,False,19.947662353515625
fedavg,loud,4,7,rsna_05,False,20.76638412475586
fedavg,loud,4,7,rsna_06,False,20.79761505126953
fedavg,loud,4,7,kerm_01,False,19.340133666992188
fedavg,loud,4,7,rsna_01,False,28.580564498901367
fedavg,loud,4,7,rsna_09,False,19.984872817993164
fedavg,loud,4,7,kerm_04,False,18.532960891723633
fedavg,loud,4,7,kerm_06,False,19.35221290588379
fedavg,loud,4,7,rsna_11,False,18.46553611755371
fedavg,loud,4,7,kerm_03,False,18.880069732666016
fedavg,loud,4,7,rsna_10,False,19.85240364074707
fedavg,loud,4,7,rsna_04,False,21.89365005493164
fedavg,loud,4,7,rsna_12,False,19.247661590576172
fedavg,loud,4,7,rsna_08,False,19.37089729309082
fedavg,loud,4,8,kerm_01,False,19.353269577026367
fedavg,loud,4,8,kerm_04,False,19.07834815979004
fedavg,loud,4,8,kerm_07,False,21.39604377746582
fedavg,loud,4,8,rsna_04,False,19.906463623046875
fedavg,loud,4,8,rsna_08,False,19.4328670501709
fedavg,loud,4,8,kerm_08,False,21.935636520385742
fedavg,loud,4,8,rsna_09,False,21.843233108520508
fedavg,loud,4,8,rsna_05,False,19.022064208984375
fedavg,loud,4,8,rsna_07,False,19.24810028076172
fedavg,loud,4,8,rsna_12,False,23.04524040222168
fedavg,loud,4,8,kerm_06,False,22.421709060668945
fedavg,loud,4,8,rsna_11,False,20.26802635192871
fedavg,loud,4,8,rsna_02,False,22.326597213745117
fedavg,loud,4,8,kerm_02,False,19.15843391418457
fedavg,loud,4,8,rsna_06,False,20.77149200439453
fedavg,loud,4,9,kerm_07,False,20.40213394165039
fedavg,loud,4,9,rsna_05,False,22.02792739868164
fedavg,loud,4,9,kerm_05,False,17.969200134277344
fedavg,loud,4,9,kerm_01,False,23.978063583374023
fedavg,loud,4,9,rsna_09,False,18.729839324951172
fedavg,loud,4,9,kerm_03,False,21.265361785888672
fedavg,loud,4,9,rsna_02,False,22.998048782348633
fedavg,loud,4,9,kerm_02,False,21.728166580200195
fedavg,loud,4,9,kerm_08,False,20.379026412963867
fedavg,loud,4,9,rsna_06,False,19.785335540771484
fedavg,loud,4,9,rsna_04,False,22.338186264038086
fedavg,loud,4,9,rsna_10,False,21.237150192260742
fedavg,loud,4,9,rsna_07,False,23.05306625366211
fedavg,loud,4,9,kerm_06,False,19.888334274291992
fedavg,loud,4,9,rsna_03,False,24.666301727294922
fedavg,loud,4,10,kerm_06,False,21.218372344970703
fedavg,loud,4,10,rsna_02,False,22.594907760620117
fedavg,loud,4,10,rsna_01,False,23.479093551635742
fedavg,loud,4,10,rsna_07,False,22.626018524169922
fedavg,loud,4,10,kerm_05,False,19.272720336914062
fedavg,loud,4,10,kerm_04,False,19.687755584716797
fedavg,loud,4,10,rsna_08,False,21.45147132873535
fedavg,loud,4,10,kerm_01,False,20.38798713684082
fedavg,loud,4,10,kerm_02,False,19.413368225097656
fedavg,loud,4,10,kerm_08,False,22.60092544555664
fedavg,loud,4,10,rsna_05,False,19.16977882385254
fedavg,loud,4,10,rsna_04,False,21.036270141601562
fedavg,loud,4,10,rsna_06,False,20.833576202392578
fedavg,loud,4,10,kerm_03,False,19.08660125732422
fedavg,loud,4,10,rsna_03,False,26.244993209838867
fedavg,loud,4,11,kerm_06,False,20.585119247436523
fedavg,loud,4,11,kerm_07,False,22.958934783935547
fedavg,loud,4,11,rsna_12,False,20.62774085998535
fedavg,loud,4,11,kerm_05,False,20.9659481048584
fedavg,loud,4,11,rsna_10,False,22.6757869720459
fedavg,loud,4,11,rsna_08,False,24.422447204589844
fedavg,loud,4,11,rsna_04,False,25.78582191467285
fedavg,loud,4,11,kerm_08,False,23.461210250854492
fedavg,loud,4,11,rsna_07,False,20.880680084228516
fedavg,loud,4,11,kerm_01,False,19.782575607299805
fedavg,loud,4,11,rsna_06,False,21.733003616333008
fedavg,loud,4,11,rsna_02,False,22.806133270263672
fedavg,loud,4,11,kerm_04,False,19.4760684967041
fedavg,loud,4,11,rsna_01,False,25.724288940429688
fedavg,loud,4,11,rsna_09,False,20.54069709777832
fedavg,loud,4,12,rsna_05,False,23.672836303710938
fedavg,loud,4,12,rsna_09,False,18.35032844543457
fedavg,loud,4,12,rsna_10,False,21.632062911987305
fedavg,loud,4,12,rsna_08,False,25.15888214111328
fedavg,loud,4,12,kerm_08,False,21.737634658813477
fedavg,loud,4,12,rsna_02,False,23.466350555419922
fedavg,loud,4,12,kerm_07,False,21.01978874206543
fedavg,loud,4,12,rsna_01,False,26.072519302368164
fedavg,loud,4,12,rsna_11,False,20.785518646240234
fedavg,loud,4,12,kerm_06,False,21.335168838500977
fedavg,loud,4,12,kerm_03,False,18.90127944946289
fedavg,loud,4,12,rsna_12,False,18.98837661743164
fedavg,loud,4,12,kerm_04,False,19.758398056030273
fedavg,loud,4,12,rsna_03,False,24.26823616027832
fedavg,loud,4,12,rsna_07,False,20.372615814208984
fedavg,loud,4,13,rsna_01,False,25.551801681518555
fedavg,loud,4,13,rsna_04,False,23.42442512512207
fedavg,loud,4,13,rsna_03,False,25.292993545532227
fedavg,loud,4,13,kerm_03,False,26.615163803100586
fedavg,loud,4,13,rsna_08,False,20.249540328979492
fedavg,loud,4,13,rsna_09,False,19.53615951538086
fedavg,loud,4,13,kerm_07,False,20.72279167175293
fedavg,loud,4,13,rsna_10,False,19.82162857055664
fedavg,loud,4,13,rsna_05,False,20.863309860229492
fedavg,loud,4,13,kerm_06,False,20.80223846435547
fedavg,loud,4,13,kerm_01,False,22.915855407714844
fedavg,loud,4,13,rsna_12,False,20.408557891845703
fedavg,loud,4,13,rsna_06,False,21.386505126953125
fedavg,loud,4,13,rsna_07,False,18.39879035949707
fedavg,loud,4,13,kerm_02,False,21.88758659362793
fedavg,loud,4,14,kerm_01,False,21.786603927612305
fedavg,loud,4,14,rsna_09,False,23.36033058166504
fedavg,loud,4,14,rsna_05,False,27.575244903564453
fedavg,loud,4,14,kerm_02,False,22.82535743713379
fedavg,loud,4,14,rsna_01,False,24.638580322265625
fedavg,loud,4,14,rsna_10,False,22.072227478027344
fedavg,loud,4,14,kerm_08,False,23.81110382080078
fedavg,loud,4,14,rsna_04,False,20.730243682861328
fedavg,loud,4,14,rsna_11,False,22.533306121826172
fedavg,loud,4,14,rsna_03,False,25.36341094970703
fedavg,loud,4,14,kerm_03,False,22.574750900268555
fedavg,loud,4,14,kerm_05,False,20.12665367126465
fedavg,loud,4,14,rsna_02,False,28.703319549560547
fedavg,loud,4,14,rsna_06,False,19.756345748901367
fedavg,loud,4,14,kerm_07,False,25.007572174072266
fedavg,loud,4,15,rsna_12,True,35.83246994018555
fedavg,loud,4,15,rsna_06,False,19.98179817199707
fedavg,loud,4,15,rsna_01,False,25.081315994262695
fedavg,loud,4,15,rsna_02,False,23.501323699951172
fedavg,loud,4,15,rsna_04,False,24.981632232666016
fedavg,loud,4,15,rsna_05,False,26.846572875976562
fedavg,loud,4,15,kerm_02,False,24.63236427307129
fedavg,loud,4,15,kerm_06,False,22.178146362304688
fedavg,loud,4,15,rsna_09,False,19.769325256347656
fedavg,loud,4,15,kerm_03,False,19.74661636352539
fedavg,loud,4,15,rsna_10,False,23.783464431762695
fedavg,loud,4,15,rsna_03,False,29.33000373840332
fedavg,loud,4,15,rsna_11,False,19.235980987548828
fedavg,loud,4,15,kerm_07,False,23.86786460876465
fedavg,loud,4,15,kerm_04,False,19.98101043701172
fedavg,loud,4,16,rsna_12,True,26.209705352783203
fedavg,loud,4,16,kerm_07,False,24.378217697143555
fedavg,loud,4,16,kerm_06,False,25.85770034790039
fedavg,loud,4,16,rsna_08,False,31.907180786132812
fedavg,loud,4,16,kerm_03,False,21.177888870239258
fedavg,loud,4,16,kerm_01,False,24.367603302001953
fedavg,loud,4,16,rsna_04,False,21.89097023010254
fedavg,loud,4,16,rsna_01,False,33.07018280029297
fedavg,loud,4,16,rsna_07,False,22.758289337158203
fedavg,loud,4,16,rsna_02,False,27.241777420043945
fedavg,loud,4,16,rsna_11,False,19.64126968383789
fedavg,loud,4,16,rsna_03,False,26.30034065246582
fedavg,loud,4,16,kerm_08,False,27.047019958496094
fedavg,loud,4,16,rsna_10,False,22.565044403076172
fedavg,loud,4,16,kerm_05,False,22.44407081604004
fedavg,loud,4,17,rsna_12,True,28.70167350769043
fedavg,loud,4,17,kerm_02,False,19.22759437561035
fedavg,loud,4,17,rsna_10,False,21.02910804748535
fedavg,loud,4,17,kerm_01,False,26.76535987854004
fedavg,loud,4,17,rsna_04,False,24.77056884765625
fedavg,loud,4,17,rsna_11,False,21.53986167907715
fedavg,loud,4,17,rsna_06,False,23.865633010864258
fedavg,loud,4,17,kerm_07,False,23.264097213745117
fedavg,loud,4,17,kerm_05,False,23.81657600402832
fedavg,loud,4,17,kerm_04,False,21.46842384338379
fedavg,loud,4,17,rsna_03,False,24.677915573120117
fedavg,loud,4,17,rsna_01,False,25.907182693481445
fedavg,loud,4,17,kerm_06,False,25.351058959960938
fedavg,loud,4,17,rsna_07,False,23.1680850982666
fedavg,loud,4,17,kerm_03,False,22.348867416381836
fedavg,loud,4,18,rsna_12,True,24.165483474731445
fedavg,loud,4,18,rsna_07,False,27.593040466308594
fedavg,loud,4,18,kerm_03,False,19.7069149017334
fedavg,loud,4,18,kerm_08,False,27.039304733276367
fedavg,loud,4,18,kerm_02,False,21.441326141357422
fedavg,loud,4,18,rsna_08,False,32.56414794921875
fedavg,loud,4,18,kerm_01,False,24.561094284057617
fedavg,loud,4,18,rsna_09,False,20.82544708251953
fedavg,loud,4,18,kerm_04,False,20.75140380859375
fedavg,loud,4,18,rsna_01,False,28.450498580932617
fedavg,loud,4,18,rsna_10,False,21.097286224365234
fedavg,loud,4,18,rsna_11,False,20.953960418701172
fedavg,loud,4,18,rsna_04,False,19.51573944091797
fedavg,loud,4,18,rsna_02,False,27.421289443969727
fedavg,loud,4,18,rsna_06,False,22.227994918823242
fedavg,loud,4,19,rsna_12,True,28.82247543334961
fedavg,loud,4,19,rsna_06,False,21.333337783813477
fedavg,loud,4,19,kerm_05,False,20.84764862060547
fedavg,loud,4,19,rsna_04,False,25.856544494628906
fedavg,loud,4,19,rsna_01,False,25.30695343017578
fedavg,loud,4,19,kerm_01,False,23.98786163330078
fedavg,loud,4,19,kerm_02,False,20.873971939086914
fedavg,loud,4,19,rsna_10,False,26.372127532958984
fedavg,loud,4,19,kerm_03,False,20.173749923706055
fedavg,loud,4,19,rsna_07,False,20.49860191345215
fedavg,loud,4,19,kerm_08,False,26.94639015197754
fedavg,loud,4,19,rsna_08,False,26.30389404296875
fedavg,loud,4,19,kerm_06,False,22.38628578186035
fedavg,loud,4,19,kerm_04,False,23.38459014892578
fedavg,loud,4,19,kerm_07,False,25.14484405517578
fedavg,loud,4,20,rsna_12,True,24.43905258178711
fedavg,loud,4,20,kerm_03,False,20.134504318237305
fedavg,loud,4,20,kerm_08,False,23.845491409301758
fedavg,loud,4,20,rsna_07,False,19.80902099609375
fedavg,loud,4,20,kerm_06,False,24.238849639892578
fedavg,loud,4,20,rsna_03,False,25.54659080505371
fedavg,loud,4,20,rsna_10,False,29.129030227661133
fedavg,loud,4,20,rsna_05,False,32.018165588378906
fedavg,loud,4,20,rsna_09,False,20.933753967285156
fedavg,loud,4,20,rsna_06,False,23.2171573638916
fedavg,loud,4,20,rsna_04,False,24.908809661865234
fedavg,loud,4,20,rsna_01,False,35.59827423095703
fedavg,loud,4,20,kerm_04,False,20.545597076416016
fedavg,loud,4,20,rsna_02,False,27.456043243408203
fedavg,loud,4,20,rsna_08,False,27.289182662963867
fedavg,loud,4,21,rsna_12,True,22.815471649169922
fedavg,loud,4,21,rsna_07,False,22.68199920654297
fedavg,loud,4,21,kerm_03,False,21.19038200378418
fedavg,loud,4,21,rsna_11,False,23.106243133544922
fedavg,loud,4,21,rsna_05,False,29.747533798217773
fedavg,loud,4,21,kerm_08,False,29.63005828857422
fedavg,loud,4,21,rsna_02,False,23.527448654174805
fedavg,loud,4,21,rsna_03,False,29.683547973632812
fedavg,loud,4,21,rsna_01,False,27.476558685302734
fedavg,loud,4,21,rsna_08,False,19.666101455688477
fedavg,loud,4,21,kerm_04,False,24.706052780151367
fedavg,loud,4,21,rsna_04,False,27.014991760253906
fedavg,loud,4,21,kerm_02,False,22.006820678710938
fedavg,loud,4,21,rsna_09,False,24.723854064941406
fedavg,loud,4,21,kerm_07,False,28.257917404174805
fedavg,loud,4,22,rsna_12,True,26.232511520385742
fedavg,loud,4,22,rsna_09,False,20.609949111938477
fedavg,loud,4,22,kerm_04,False,28.283170700073242
fedavg,loud,4,22,kerm_03,False,24.163421630859375
fedavg,loud,4,22,kerm_01,False,22.215805053710938
fedavg,loud,4,22,rsna_04,False,30.237430572509766
fedavg,loud,4,22,rsna_05,False,22.24126625061035
fedavg,loud,4,22,kerm_08,False,27.357847213745117
fedavg,loud,4,22,kerm_06,False,27.091049194335938
fedavg,loud,4,22,rsna_08,False,23.35259437561035
fedavg,loud,4,22,rsna_02,False,27.136295318603516
fedavg,loud,4,22,kerm_02,False,24.332456588745117
fedavg,loud,4,22,rsna_01,False,31.621742248535156
fedavg,loud,4,22,rsna_07,False,24.846467971801758
fedavg,loud,4,22,rsna_11,False,23.030725479125977
fedavg,loud,4,23,rsna_12,True,24.469379425048828
fedavg,loud,4,23,kerm_06,False,25.941240310668945
fedavg,loud,4,23,rsna_07,False,20.877872467041016
fedavg,loud,4,23,rsna_06,False,25.671710968017578
fedavg,loud,4,23,kerm_01,False,22.92807960510254
fedavg,loud,4,23,rsna_01,False,35.063507080078125
fedavg,loud,4,23,rsna_04,False,22.465925216674805
fedavg,loud,4,23,rsna_10,False,25.796669006347656
fedavg,loud,4,23,kerm_07,False,26.10894775390625
fedavg,loud,4,23,kerm_03,False,18.750158309936523
fedavg,loud,4,23,kerm_04,False,20.692827224731445
fedavg,loud,4,23,rsna_11,False,23.87696647644043
fedavg,loud,4,23,rsna_09,False,22.57133674621582
fedavg,loud,4,23,rsna_02,False,24.203922271728516
fedavg,loud,4,23,rsna_05,False,21.871389389038086
fedavg,loud,4,24,rsna_12,True,26.66615867614746
fedavg,loud,4,24,rsna_10,False,27.942781448364258
fedavg,loud,4,24,rsna_06,False,24.122608184814453
fedavg,loud,4,24,kerm_06,False,28.9213924407959
fedavg,loud,4,24,rsna_02,False,25.395915985107422
fedavg,loud,4,24,rsna_04,False,24.521350860595703
fedavg,loud,4,24,rsna_09,False,33.38667678833008
fedavg,loud,4,24,kerm_08,False,29.785018920898438
fedavg,loud,4,24,kerm_07,False,25.801006317138672
fedavg,loud,4,24,kerm_03,False,20.273252487182617
fedavg,loud,4,24,kerm_04,False,28.53664207458496
fedavg,loud,4,24,kerm_02,False,22.736095428466797
fedavg,loud,4,24,rsna_01,False,26.726346969604492
fedavg,loud,4,24,kerm_05,False,20.377296447753906
fedavg,loud,4,24,rsna_07,False,18.99405288696289
fedavg,loud,4,25,rsna_12,True,29.170032501220703
fedavg,loud,4,25,rsna_02,False,26.103689193725586
fedavg,loud,4,25,kerm_08,False,27.905702590942383
fedavg,loud,4,25,kerm_07,False,25.090486526489258
fedavg,loud,4,25,kerm_05,False,23.529638290405273
fedavg,loud,4,25,rsna_09,False,20.834379196166992
fedavg,loud,4,25,rsna_07,False,22.595006942749023
fedavg,loud,4,25,rsna_04,False,23.959779739379883
fedavg,loud,4,25,rsna_03,False,31.836835861206055
fedavg,loud,4,25,kerm_06,False,24.624874114990234
fedavg,loud,4,25,kerm_01,False,24.16745948791504
fedavg,loud,4,25,kerm_02,False,23.68642234802246
fedavg,loud,4,25,rsna_10,False,27.353038787841797
fedavg,loud,4,25,rsna_11,False,22.134159088134766
fedavg,loud,4,25,rsna_01,False,34.11457443237305
fedavg,loud,4,26,rsna_12,True,29.99920654296875
fedavg,loud,4,26,kerm_07,False,28.166854858398438
fedavg,loud,4,26,kerm_05,False,22.366493225097656
fedavg,loud,4,26,rsna_09,False,22.421972274780273
fedavg,loud,4,26,rsna_06,False,23.989137649536133
fedavg,loud,4,26,kerm_01,False,22.667783737182617
fedavg,loud,4,26,kerm_04,False,20.522905349731445
fedavg,loud,4,26,rsna_02,False,26.453271865844727
fedavg,loud,4,26,kerm_02,False,27.541051864624023
fedavg,loud,4,26,rsna_07,False,25.819713592529297
fedavg,loud,4,26,rsna_01,False,33.242454528808594
fedavg,loud,4,26,kerm_06,False,27.661300659179688
fedavg,loud,4,26,rsna_05,False,27.105690002441406
fedavg,loud,4,26,kerm_08,False,29.56515121459961
fedavg,loud,4,26,rsna_04,False,21.615840911865234
fedavg,loud,4,27,rsna_12,True,25.946035385131836
fedavg,loud,4,27,rsna_03,False,24.2756290435791
fedavg,loud,4,27,kerm_02,False,20.888805389404297
fedavg,loud,4,27,kerm_06,False,24.817705154418945
fedavg,loud,4,27,kerm_04,False,27.398895263671875
fedavg,loud,4,27,rsna_09,False,19.520456314086914
fedavg,loud,4,27,rsna_01,False,31.3226318359375
fedavg,loud,4,27,rsna_08,False,24.551889419555664
fedavg,loud,4,27,rsna_05,False,22.5734920501709
fedavg,loud,4,27,kerm_07,False,32.53964614868164
fedavg,loud,4,27,kerm_08,False,33.88075637817383
fedavg,loud,4,27,rsna_04,False,21.55458641052246
fedavg,loud,4,27,rsna_02,False,39.20094299316406
fedavg,loud,4,27,kerm_01,False,22.959177017211914
fedavg,loud,4,27,kerm_03,False,32.40291213989258
fedavg,loud,4,28,rsna_12,True,28.9538516998291
fedavg,loud,4,28,rsna_01,False,28.19071388244629
fedavg,loud,4,28,kerm_08,False,34.325889587402344
fedavg,loud,4,28,rsna_05,False,29.50499725341797
fedavg,loud,4,28,rsna_07,False,22.751399993896484
fedavg,loud,4,28,rsna_08,False,29.962242126464844
fedavg,loud,4,28,rsna_03,False,33.85560989379883
fedavg,loud,4,28,rsna_09,False,26.40399932861328
fedavg,loud,4,28,rsna_11,False,31.78656005859375
fedavg,loud,4,28,rsna_02,False,26.61067008972168
fedavg,loud,4,28,kerm_07,False,24.37984848022461
fedavg,loud,4,28,kerm_02,False,26.946149826049805
fedavg,loud,4,28,rsna_04,False,23.182275772094727
fedavg,loud,4,28,kerm_05,False,23.808229446411133
fedavg,loud,4,28,kerm_04,False,27.04899787902832
fedavg,loud,4,29,rsna_12,True,26.407617568969727
fedavg,loud,4,29,rsna_01,False,36.08248519897461
fedavg,loud,4,29,rsna_11,False,22.411128997802734
fedavg,loud,4,29,kerm_01,False,24.120851516723633
fedavg,loud,4,29,rsna_02,False,32.45166778564453
fedavg,loud,4,29,rsna_05,False,28.68890953063965
fedavg,loud,4,29,kerm_05,False,26.310312271118164
fedavg,loud,4,29,rsna_03,False,28.11226463317871
fedavg,loud,4,29,rsna_09,False,24.177364349365234
fedavg,loud,4,29,kerm_06,False,27.430984497070312
fedavg,loud,4,29,rsna_06,False,22.569915771484375
fedavg,loud,4,29,kerm_08,False,33.06307601928711
fedavg,loud,4,29,kerm_02,False,25.579164505004883
fedavg,loud,4,29,rsna_04,False,21.139057159423828
fedavg,loud,4,29,rsna_10,False,26.19353485107422
fedavg,loud,4,30,rsna_12,True,40.88776397705078
fedavg,loud,4,30,rsna_11,False,26.939023971557617
fedavg,loud,4,30,rsna_03,False,30.479103088378906
fedavg,loud,4,30,rsna_01,False,44.857208251953125
fedavg,loud,4,30,rsna_08,False,45.8129768371582
fedavg,loud,4,30,kerm_07,False,31.3095645904541
fedavg,loud,4,30,kerm_01,False,26.12066078186035
fedavg,loud,4,30,rsna_07,False,27.961750030517578
fedavg,loud,4,30,rsna_05,False,24.77389907836914
fedavg,loud,4,30,rsna_09,False,30.91549301147461
fedavg,loud,4,30,kerm_05,False,29.219228744506836
fedavg,loud,4,30,rsna_02,False,33.01118087768555
fedavg,loud,4,30,kerm_04,False,27.64914321899414
fedavg,loud,4,30,kerm_02,False,27.346885681152344
fedavg,loud,4,30,rsna_06,False,22.264768600463867
clipping,none,0,1,kerm_03,False,22.675161361694336
clipping,none,0,1,kerm_05,False,22.583099365234375
clipping,none,0,1,rsna_08,False,22.604673385620117
clipping,none,0,1,rsna_11,False,22.10215950012207
clipping,none,0,1,kerm_04,False,22.470598220825195
clipping,none,0,1,rsna_07,False,23.213665008544922
clipping,none,0,1,kerm_06,False,22.593978881835938
clipping,none,0,1,kerm_01,False,23.626388549804688
clipping,none,0,1,rsna_02,False,22.828989028930664
clipping,none,0,1,kerm_08,False,22.98975372314453
clipping,none,0,1,rsna_12,False,22.653423309326172
clipping,none,0,1,rsna_04,False,22.91455078125
clipping,none,0,1,rsna_05,False,22.801307678222656
clipping,none,0,1,rsna_06,False,23.00326156616211
clipping,none,0,1,rsna_03,False,23.262493133544922
clipping,none,0,2,kerm_03,False,16.668027877807617
clipping,none,0,2,rsna_08,False,18.434627532958984
clipping,none,0,2,kerm_06,False,16.71646499633789
clipping,none,0,2,rsna_06,False,18.023048400878906
clipping,none,0,2,rsna_01,False,20.383882522583008
clipping,none,0,2,rsna_03,False,18.82175636291504
clipping,none,0,2,rsna_09,False,18.531475067138672
clipping,none,0,2,kerm_01,False,17.9755859375
clipping,none,0,2,rsna_11,False,18.369670867919922
clipping,none,0,2,rsna_10,False,17.83701515197754
clipping,none,0,2,kerm_02,False,17.115100860595703
clipping,none,0,2,rsna_05,False,18.490684509277344
clipping,none,0,2,kerm_07,False,17.867019653320312
clipping,none,0,2,kerm_08,False,17.305601119995117
clipping,none,0,2,kerm_05,False,17.490951538085938
clipping,none,0,3,rsna_10,False,18.329957962036133
clipping,none,0,3,rsna_06,False,18.58993911743164
clipping,none,0,3,rsna_04,False,19.49200439453125
clipping,none,0,3,kerm_07,False,18.493261337280273
clipping,none,0,3,rsna_12,False,18.959903717041016
clipping,none,0,3,kerm_05,False,17.65726661682129
clipping,none,0,3,kerm_08,False,18.458499908447266
clipping,none,0,3,rsna_07,False,17.75346565246582
clipping,none,0,3,rsna_01,False,24.654075622558594
clipping,none,0,3,rsna_03,False,19.447223663330078
clipping,none,0,3,rsna_11,False,18.93027687072754
clipping,none,0,3,kerm_06,False,17.9539794921875
clipping,none,0,3,rsna_09,False,17.686107635498047
clipping,none,0,3,rsna_08,False,17.873336791992188
clipping,none,0,3,kerm_02,False,16.618085861206055
clipping,none,0,4,rsna_03,False,20.36515998840332
clipping,none,0,4,kerm_08,False,19.29154396057129
clipping,none,0,4,rsna_05,False,20.342496871948242
clipping,none,0,4,kerm_06,False,18.610097885131836
clipping,none,0,4,rsna_06,False,19.1995849609375
clipping,none,0,4,kerm_01,False,18.538860321044922
clipping,none,0,4,rsna_08,False,18.8187255859375
clipping,none,0,4,kerm_04,False,19.191730499267578
clipping,none,0,4,rsna_04,False,19.5018310546875
clipping,none,0,4,kerm_07,False,19.795570373535156
clipping,none,0,4,kerm_03,False,17.22093391418457
clipping,none,0,4,rsna_07,False,18.713125228881836
clipping,none,0,4,kerm_02,False,17.489181518554688
clipping,none,0,4,rsna_01,False,22.34801483154297
clipping,none,0,4,rsna_02,False,23.79145050048828
clipping,none,0,5,kerm_02,False,16.782150268554688
clipping,none,0,5,rsna_04,False,19.856918334960938
clipping,none,0,5,rsna_11,False,19.84770393371582
clipping,none,0,5,kerm_06,False,22.519155502319336
clipping,none,0,5,kerm_03,False,18.62224769592285
clipping,none,0,5,rsna_06,False,19.302696228027344
clipping,none,0,5,rsna_09,False,18.630605697631836
clipping,none,0,5,rsna_03,False,21.346372604370117
clipping,none,0,5,kerm_01,False,17.400543212890625
clipping,none,0,5,kerm_05,False,18.545368194580078
clipping,none,0,5,rsna_12,False,19.748714447021484
clipping,none,0,5,rsna_07,False,18.87093734741211
clipping,none,0,5,kerm_07,False,20.85079002380371
clipping,none,0,5,rsna_10,False,18.63975715637207
clipping,none,0,5,rsna_02,False,19.541505813598633
clipping,none,0,6,rsna_05,False,20.034700393676758
clipping,none,0,6,rsna_11,False,18.74941635131836
clipping,none,0,6,kerm_02,False,17.16415023803711
clipping,none,0,6,rsna_07,False,18.808231353759766
clipping,none,0,6,kerm_04,False,18.215517044067383
clipping,none,0,6,rsna_01,False,22.0921630859375
clipping,none,0,6,kerm_03,False,18.69004249572754
clipping,none,0,6,kerm_06,False,21.334705352783203
clipping,none,0,6,kerm_08,False,20.10295867919922
clipping,none,0,6,rsna_03,False,20.79425811767578
clipping,none,0,6,kerm_05,False,22.012908935546875
clipping,none,0,6,rsna_02,False,24.89575958251953
clipping,none,0,6,kerm_01,False,18.1281681060791
clipping,none,0,6,rsna_08,False,18.989072799682617
clipping,none,0,6,rsna_10,False,19.250822067260742
clipping,none,0,7,rsna_07,False,18.64195442199707
clipping,none,0,7,rsna_01,False,28.48035430908203
clipping,none,0,7,rsna_08,False,18.363155364990234
clipping,none,0,7,kerm_06,False,19.088281631469727
clipping,none,0,7,rsna_09,False,18.35747718811035
clipping,none,0,7,rsna_05,False,20.739639282226562
clipping,none,0,7,rsna_04,False,20.119659423828125
clipping,none,0,7,kerm_02,False,17.336103439331055
clipping,none,0,7,rsna_06,False,19.68655776977539
clipping,none,0,7,rsna_03,False,20.897371292114258
clipping,none,0,7,kerm_07,False,20.029531478881836
clipping,none,0,7,rsna_02,False,23.697351455688477
clipping,none,0,7,kerm_03,False,17.6060791015625
clipping,none,0,7,kerm_01,False,17.953054428100586
clipping,none,0,7,rsna_12,False,19.937923431396484
clipping,none,0,8,kerm_04,False,22.07308006286621
clipping,none,0,8,kerm_07,False,24.42832374572754
clipping,none,0,8,rsna_02,False,20.266956329345703
clipping,none,0,8,rsna_01,False,25.24093246459961
clipping,none,0,8,kerm_03,False,20.397085189819336
clipping,none,0,8,rsna_07,False,19.041046142578125
clipping,none,0,8,kerm_01,False,17.764812469482422
clipping,none,0,8,rsna_11,False,20.016429901123047
clipping,none,0,8,rsna_06,False,20.262405395507812
clipping,none,0,8,kerm_02,False,18.74956703186035
clipping,none,0,8,rsna_03,False,19.320743560791016
clipping,none,0,8,kerm_06,False,21.70017433166504
clipping,none,0,8,kerm_08,False,25.489986419677734
clipping,none,0,8,rsna_08,False,19.003334045410156
clipping,none,0,8,rsna_09,False,18.777769088745117
clipping,none,0,9,rsna_07,False,19.069807052612305
clipping,none,0,9,kerm_08,False,21.98346519470215
clipping,none,0,9,kerm_05,False,18.470163345336914
clipping,none,0,9,rsna_09,False,18.681325912475586
clipping,none,0,9,rsna_02,False,23.382164001464844
clipping,none,0,9,kerm_06,False,23.20231056213379
clipping,none,0,9,rsna_12,False,19.307239532470703
clipping,none,0,9,kerm_07,False,24.683746337890625
clipping,none,0,9,rsna_05,False,21.867624282836914
clipping,none,0,9,rsna_11,False,20.462400436401367
clipping,none,0,9,kerm_03,False,18.384628295898438
clipping,none,0,9,rsna_08,False,19.197547912597656
clipping,none,0,9,kerm_01,False,18.97648048400879
clipping,none,0,9,kerm_04,False,18.7988338470459
clipping,none,0,9,rsna_06,False,21.311233520507812
clipping,none,0,10,kerm_07,False,20.944177627563477
clipping,none,0,10,rsna_01,False,26.379642486572266
clipping,none,0,10,rsna_10,False,18.687450408935547
clipping,none,0,10,rsna_04,False,21.02628517150879
clipping,none,0,10,kerm_06,False,19.204126358032227
clipping,none,0,10,rsna_07,False,20.547622680664062
clipping,none,0,10,rsna_05,False,25.00422477722168
clipping,none,0,10,rsna_09,False,19.119829177856445
clipping,none,0,10,kerm_05,False,18.820411682128906
clipping,none,0,10,kerm_01,False,19.862070083618164
clipping,none,0,10,kerm_04,False,19.799320220947266
clipping,none,0,10,rsna_02,False,27.693647384643555
clipping,none,0,10,rsna_06,False,21.158018112182617
clipping,none,0,10,rsna_11,False,18.789710998535156
clipping,none,0,10,rsna_08,False,19.3116512298584
clipping,none,0,11,kerm_03,False,18.53786849975586
clipping,none,0,11,kerm_02,False,18.658660888671875
clipping,none,0,11,kerm_08,False,22.01980972290039
clipping,none,0,11,rsna_05,False,18.47432518005371
clipping,none,0,11,kerm_01,False,19.052358627319336
clipping,none,0,11,kerm_06,False,19.997486114501953
clipping,none,0,11,rsna_10,False,19.870450973510742
clipping,none,0,11,rsna_02,False,24.505565643310547
clipping,none,0,11,rsna_09,False,19.51760482788086
clipping,none,0,11,rsna_07,False,19.068864822387695
clipping,none,0,11,rsna_11,False,20.14920425415039
clipping,none,0,11,rsna_04,False,20.25836181640625
clipping,none,0,11,rsna_06,False,17.789318084716797
clipping,none,0,11,rsna_01,False,23.908716201782227
clipping,none,0,11,kerm_07,False,22.20998191833496
clipping,none,0,12,kerm_06,False,20.169437408447266
clipping,none,0,12,rsna_12,False,18.524799346923828
clipping,none,0,12,kerm_01,False,22.971956253051758
clipping,none,0,12,rsna_09,False,19.119670867919922
clipping,none,0,12,rsna_01,False,27.206172943115234
clipping,none,0,12,rsna_11,False,19.7856502532959
clipping,none,0,12,kerm_05,False,21.674800872802734
clipping,none,0,12,kerm_08,False,20.66956901550293
clipping,none,0,12,rsna_07,False,18.488698959350586
clipping,none,0,12,rsna_03,False,20.437389373779297
clipping,none,0,12,kerm_04,False,20.474206924438477
clipping,none,0,12,rsna_05,False,19.609163284301758
clipping,none,0,12,rsna_06,False,19.162076950073242
clipping,none,0,12,rsna_10,False,19.956584930419922
clipping,none,0,12,kerm_07,False,20.756080627441406
clipping,none,0,13,rsna_07,False,20.392559051513672
clipping,none,0,13,rsna_03,False,22.073108673095703
clipping,none,0,13,kerm_03,False,18.640222549438477
clipping,none,0,13,rsna_12,False,21.2060489654541
clipping,none,0,13,rsna_08,False,20.68540382385254
clipping,none,0,13,rsna_02,False,22.002704620361328
clipping,none,0,13,rsna_09,False,17.950347900390625
clipping,none,0,13,rsna_06,False,17.764963150024414
clipping,none,0,13,rsna_04,False,20.519575119018555
clipping,none,0,13,kerm_02,False,19.679702758789062
clipping,none,0,13,rsna_11,False,20.18474006652832
clipping,none,0,13,rsna_10,False,19.14120864868164
clipping,none,0,13,kerm_07,False,21.128271102905273
clipping,none,0,13,rsna_05,False,19.695995330810547
clipping,none,0,13,kerm_08,False,22.086029052734375
clipping,none,0,14,rsna_10,False,19.66697120666504
clipping,none,0,14,kerm_08,False,26.278844833374023
clipping,none,0,14,rsna_01,False,24.539886474609375
clipping,none,0,14,kerm_01,False,19.8468017578125
clipping,none,0,14,kerm_07,False,27.429035186767578
clipping,none,0,14,kerm_05,False,19.831865310668945
clipping,none,0,14,rsna_12,False,20.381927490234375
clipping,none,0,14,rsna_08,False,18.451812744140625
clipping,none,0,14,kerm_02,False,21.73654556274414
clipping,none,0,14,rsna_09,False,21.779035568237305
clipping,none,0,14,rsna_06,False,18.570354461669922
clipping,none,0,14,rsna_07,False,16.987415313720703
clipping,none,0,14,rsna_02,False,25.919113159179688
clipping,none,0,14,kerm_04,False,21.974090576171875
clipping,none,0,14,rsna_04,False,21.804521560668945
clipping,none,0,15,rsna_02,False,23.14228630065918
clipping,none,0,15,rsna_06,False,21.614179611206055
clipping,none,0,15,rsna_11,False,20.677629470825195
clipping,none,0,15,rsna_01,False,25.96843147277832
clipping,none,0,15,rsna_10,False,20.648374557495117
clipping,none,0,15,kerm_02,False,21.4403133392334
clipping,none,0,15,rsna_08,False,18.040916442871094
clipping,none,0,15,rsna_12,False,21.275693893432617
clipping,none,0,15,rsna_03,False,21.883777618408203
clipping,none,0,15,rsna_05,False,20.6676082611084
clipping,none,0,15,kerm_04,False,19.005680084228516
clipping,none,0,15,rsna_09,False,19.43948745727539
clipping,none,0,15,kerm_07,False,23.58322525024414
clipping,none,0,15,rsna_07,False,18.40315818786621
clipping,none,0,15,kerm_06,False,20.530336380004883
clipping,none,0,16,kerm_04,False,22.107223510742188
clipping,none,0,16,kerm_02,False,22.80846405029297
clipping,none,0,16,rsna_02,False,24.04462432861328
clipping,none,0,16,rsna_04,False,21.65610694885254
clipping,none,0,16,rsna_12,False,21.854433059692383
clipping,none,0,16,rsna_01,False,25.428213119506836
clipping,none,0,16,rsna_11,False,25.142162322998047
clipping,none,0,16,rsna_09,False,23.539133071899414
clipping,none,0,16,kerm_08,False,26.462692260742188
clipping,none,0,16,kerm_05,False,20.826231002807617
clipping,none,0,16,kerm_03,False,23.835634231567383
clipping,none,0,16,rsna_03,False,21.105125427246094
clipping,none,0,16,rsna_10,False,18.073789596557617
clipping,none,0,16,rsna_06,False,18.28032684326172
clipping,none,0,16,rsna_08,False,19.75908088684082
clipping,none,0,17,rsna_07,False,18.14818572998047
clipping,none,0,17,rsna_10,False,17.604572296142578
clipping,none,0,17,kerm_01,False,20.764177322387695
clipping,none,0,17,kerm_04,False,18.632993698120117
clipping,none,0,17,kerm_03,False,21.053722381591797
clipping,none,0,17,rsna_06,False,18.097871780395508
clipping,none,0,17,rsna_09,False,19.71720314025879
clipping,none,0,17,kerm_02,False,21.288320541381836
clipping,none,0,17,rsna_02,False,24.51960563659668
clipping,none,0,17,kerm_05,False,18.904624938964844
clipping,none,0,17,rsna_04,False,21.187454223632812
clipping,none,0,17,kerm_08,False,24.543474197387695
clipping,none,0,17,kerm_06,False,22.449506759643555
clipping,none,0,17,rsna_05,False,22.084699630737305
clipping,none,0,17,rsna_03,False,21.064393997192383
clipping,none,0,18,kerm_02,False,19.9679012298584
clipping,none,0,18,rsna_11,False,22.512042999267578
clipping,none,0,18,kerm_08,False,22.741470336914062
clipping,none,0,18,rsna_01,False,28.646629333496094
clipping,none,0,18,rsna_12,False,26.138721466064453
clipping,none,0,18,kerm_01,False,26.248489379882812
clipping,none,0,18,rsna_09,False,21.605030059814453
clipping,none,0,18,rsna_08,False,19.66684913635254
clipping,none,0,18,rsna_07,False,18.489368438720703
clipping,none,0,18,kerm_06,False,19.542715072631836
clipping,none,0,18,rsna_10,False,19.800819396972656
clipping,none,0,18,rsna_03,False,22.87845802307129
clipping,none,0,18,kerm_04,False,23.408138275146484
clipping,none,0,18,rsna_04,False,22.358705520629883
clipping,none,0,18,kerm_07,False,31.59632682800293
clipping,none,0,19,rsna_02,False,26.6219482421875
clipping,none,0,19,rsna_12,False,22.493989944458008
clipping,none,0,19,rsna_09,False,18.979724884033203
clipping,none,0,19,rsna_08,False,20.885726928710938
clipping,none,0,19,rsna_01,False,27.43027687072754
clipping,none,0,19,kerm_07,False,21.619741439819336
clipping,none,0,19,rsna_10,False,17.848419189453125
clipping,none,0,19,kerm_03,False,19.949430465698242
clipping,none,0,19,rsna_05,False,24.121938705444336
clipping,none,0,19,rsna_11,False,19.780040740966797
clipping,none,0,19,rsna_06,False,19.484325408935547
clipping,none,0,19,rsna_03,False,23.571029663085938
clipping,none,0,19,kerm_05,False,18.569055557250977
clipping,none,0,19,kerm_08,False,24.598957061767578
clipping,none,0,19,rsna_04,False,22.34764862060547
clipping,none,0,20,rsna_02,False,25.027172088623047
clipping,none,0,20,kerm_06,False,24.049945831298828
clipping,none,0,20,rsna_10,False,22.420570373535156
clipping,none,0,20,kerm_04,False,20.425540924072266
clipping,none,0,20,rsna_07,False,27.3858585357666
clipping,none,0,20,kerm_05,False,23.066022872924805
clipping,none,0,20,rsna_09,False,19.477514266967773
clipping,none,0,20,rsna_11,False,20.281845092773438
clipping,none,0,20,rsna_06,False,19.359643936157227
clipping,none,0,20,rsna_05,False,23.441123962402344
clipping,none,0,20,kerm_01,False,21.251224517822266
clipping,none,0,20,rsna_08,False,20.309846878051758
clipping,none,0,20,rsna_01,False,25.118663787841797
clipping,none,0,20,rsna_04,False,21.199535369873047
clipping,none,0,20,kerm_07,False,23.03270721435547
clipping,none,0,21,kerm_01,False,20.902339935302734
clipping,none,0,21,kerm_03,False,27.32121467590332
clipping,none,0,21,rsna_05,False,20.984081268310547
clipping,none,0,21,rsna_04,False,23.220272064208984
clipping,none,0,21,kerm_02,False,22.093311309814453
clipping,none,0,21,kerm_08,False,27.329668045043945
clipping,none,0,21,rsna_09,False,20.310184478759766
clipping,none,0,21,rsna_08,False,19.47418212890625
clipping,none,0,21,rsna_10,False,19.898712158203125
clipping,none,0,21,kerm_06,False,26.40785026550293
clipping,none,0,21,kerm_07,False,22.747045516967773
clipping,none,0,21,rsna_11,False,21.92222785949707
clipping,none,0,21,rsna_02,False,26.203447341918945
clipping,none,0,21,kerm_05,False,24.453964233398438
clipping,none,0,21,rsna_12,False,23.353191375732422
clipping,none,0,22,kerm_08,False,23.857158660888672
clipping,none,0,22,kerm_04,False,19.71015739440918
clipping,none,0,22,rsna_06,False,22.068912506103516
clipping,none,0,22,kerm_05,False,19.720752716064453
clipping,none,0,22,rsna_05,False,22.45868682861328
clipping,none,0,22,kerm_06,False,26.930057525634766
clipping,none,0,22,kerm_07,False,21.983055114746094
clipping,none,0,22,kerm_01,False,21.742630004882812
clipping,none,0,22,rsna_10,False,24.931461334228516
clipping,none,0,22,rsna_09,False,18.317970275878906
clipping,none,0,22,rsna_02,False,26.013656616210938
clipping,none,0,22,kerm_03,False,25.330045700073242
clipping,none,0,22,rsna_11,False,19.80401039123535
clipping,none,0,22,rsna_12,False,21.2346248626709
clipping,none,0,22,rsna_08,False,19.525243759155273
clipping,none,0,23,rsna_04,False,27.061115264892578
clipping,none,0,23,rsna_03,False,26.1872615814209
clipping,none,0,23,kerm_03,False,27.19412612915039
clipping,none,0,23,kerm_07,False,22.184831619262695
clipping,none,0,23,kerm_06,False,22.542097091674805
clipping,none,0,23,rsna_10,False,25.0814208984375
clipping,none,0,23,rsna_07,False,19.658100128173828
clipping,none,0,23,kerm_04,False,21.22479248046875
clipping,none,0,23,rsna_09,False,19.288589477539062
clipping,none,0,23,kerm_08,False,29.747743606567383
clipping,none,0,23,rsna_01,False,28.36832046508789
clipping,none,0,23,rsna_12,False,21.16731834411621
clipping,none,0,23,rsna_06,False,23.02247428894043
clipping,none,0,23,rsna_11,False,19.55785369873047
clipping,none,0,23,kerm_02,False,32.873291015625
clipping,none,0,24,rsna_06,False,23.008703231811523
clipping,none,0,24,kerm_05,False,18.89521026611328
clipping,none,0,24,rsna_05,False,21.766016006469727
clipping,none,0,24,rsna_10,False,18.80317497253418
clipping,none,0,24,kerm_06,False,24.876693725585938
clipping,none,0,24,kerm_01,False,26.016889572143555
clipping,none,0,24,rsna_12,False,20.763826370239258
clipping,none,0,24,rsna_01,False,30.24066162109375
clipping,none,0,24,rsna_11,False,19.949726104736328
clipping,none,0,24,rsna_02,False,27.372817993164062
clipping,none,0,24,kerm_04,False,22.346254348754883
clipping,none,0,24,kerm_08,False,26.3751163482666
clipping,none,0,24,kerm_03,False,21.79066276550293
clipping,none,0,24,rsna_03,False,29.59471893310547
clipping,none,0,24,kerm_02,False,24.388065338134766
clipping,none,0,25,kerm_04,False,22.318941116333008
clipping,none,0,25,kerm_02,False,27.55536460876465
clipping,none,0,25,rsna_06,False,19.78929328918457
clipping,none,0,25,kerm_01,False,30.93620491027832
clipping,none,0,25,rsna_09,False,22.6490535736084
clipping,none,0,25,rsna_03,False,32.74951171875
clipping,none,0,25,kerm_03,False,25.952768325805664
clipping,none,0,25,rsna_04,False,25.65975570678711
clipping,none,0,25,rsna_01,False,26.503236770629883
clipping,none,0,25,rsna_11,False,22.075258255004883
clipping,none,0,25,rsna_10,False,21.568918228149414
clipping,none,0,25,rsna_12,False,21.654640197753906
clipping,none,0,25,rsna_07,False,20.224075317382812
clipping,none,0,25,kerm_06,False,24.250329971313477
clipping,none,0,25,kerm_08,False,31.840852737426758
clipping,none,0,26,kerm_07,False,27.310213088989258
clipping,none,0,26,rsna_05,False,22.848981857299805
clipping,none,0,26,rsna_12,False,21.8403377532959
clipping,none,0,26,rsna_10,False,25.89324378967285
clipping,none,0,26,kerm_03,False,27.025390625
clipping,none,0,26,rsna_01,False,26.196598052978516
clipping,none,0,26,kerm_04,False,19.656261444091797
clipping,none,0,26,rsna_06,False,21.797388076782227
clipping,none,0,26,rsna_03,False,26.970914840698242
clipping,none,0,26,kerm_08,False,27.439498901367188
clipping,none,0,26,rsna_07,False,18.49294090270996
clipping,none,0,26,kerm_01,False,21.26636505126953
clipping,none,0,26,rsna_11,False,19.962963104248047
clipping,none,0,26,rsna_04,False,24.30893898010254
clipping,none,0,26,rsna_09,False,21.65301513671875
clipping,none,0,27,rsna_04,False,22.818593978881836
clipping,none,0,27,kerm_03,False,29.80359649658203
clipping,none,0,27,rsna_06,False,20.054391860961914
clipping,none,0,27,kerm_06,False,27.81790542602539
clipping,none,0,27,kerm_05,False,26.768226623535156
clipping,none,0,27,rsna_09,False,17.631179809570312
clipping,none,0,27,kerm_01,False,21.551738739013672
clipping,none,0,27,rsna_03,False,27.62741470336914
clipping,none,0,27,rsna_12,False,21.90475082397461
clipping,none,0,27,kerm_04,False,24.726896286010742
clipping,none,0,27,rsna_01,False,26.870437622070312
clipping,none,0,27,rsna_07,False,24.460784912109375
clipping,none,0,27,kerm_07,False,28.486478805541992
clipping,none,0,27,kerm_02,False,33.512447357177734
clipping,none,0,27,rsna_10,False,20.013032913208008
clipping,none,0,28,rsna_11,False,24.476276397705078
clipping,none,0,28,rsna_10,False,21.1395320892334
clipping,none,0,28,rsna_08,False,20.796756744384766
clipping,none,0,28,rsna_04,False,24.7618408203125
clipping,none,0,28,rsna_02,False,25.509798049926758
clipping,none,0,28,kerm_02,False,26.22936248779297
clipping,none,0,28,kerm_06,False,23.686044692993164
clipping,none,0,28,kerm_05,False,22.34111785888672
clipping,none,0,28,kerm_03,False,20.29649543762207
clipping,none,0,28,rsna_01,False,38.82407760620117
clipping,none,0,28,kerm_04,False,24.530813217163086
clipping,none,0,28,kerm_08,False,31.1806583404541
clipping,none,0,28,rsna_09,False,19.478601455688477
clipping,none,0,28,kerm_07,False,30.241044998168945
clipping,none,0,28,rsna_12,False,25.006881713867188
clipping,none,0,29,rsna_09,False,17.486913681030273
clipping,none,0,29,kerm_05,False,20.441017150878906
clipping,none,0,29,kerm_02,False,26.287315368652344
clipping,none,0,29,rsna_12,False,23.351999282836914
clipping,none,0,29,kerm_08,False,34.80562210083008
clipping,none,0,29,rsna_02,False,29.908029556274414
clipping,none,0,29,rsna_04,False,25.18520164489746
clipping,none,0,29,kerm_06,False,23.917253494262695
clipping,none,0,29,rsna_05,False,29.6140079498291
clipping,none,0,29,kerm_03,False,26.60342025756836
clipping,none,0,29,rsna_11,False,24.760555267333984
clipping,none,0,29,rsna_03,False,25.869895935058594
clipping,none,0,29,rsna_08,False,23.37965965270996
clipping,none,0,29,rsna_07,False,22.219791412353516
clipping,none,0,29,rsna_06,False,19.04823112487793
clipping,none,0,30,kerm_04,False,22.78451919555664
clipping,none,0,30,rsna_04,False,24.09054946899414
clipping,none,0,30,rsna_01,False,35.06837844848633
clipping,none,0,30,kerm_02,False,24.506433486938477
clipping,none,0,30,rsna_08,False,18.767776489257812
clipping,none,0,30,kerm_01,False,41.1981086730957
clipping,none,0,30,rsna_03,False,25.719860076904297
clipping,none,0,30,rsna_07,False,18.492643356323242
clipping,none,0,30,rsna_12,False,21.352439880371094
clipping,none,0,30,kerm_08,False,30.588918685913086
clipping,none,0,30,kerm_06,False,33.126129150390625
clipping,none,0,30,rsna_05,False,25.94600486755371
clipping,none,0,30,kerm_03,False,26.377635955810547
clipping,none,0,30,kerm_07,False,31.415225982666016
clipping,none,0,30,rsna_10,False,22.940690994262695
clipping,none,1,1,rsna_10,False,22.28628921508789
clipping,none,1,1,rsna_08,False,22.417783737182617
clipping,none,1,1,kerm_07,False,22.129972457885742
clipping,none,1,1,kerm_02,False,22.782339096069336
clipping,none,1,1,kerm_08,False,22.259235382080078
clipping,none,1,1,kerm_01,False,22.904762268066406
clipping,none,1,1,rsna_01,False,23.948932647705078
clipping,none,1,1,rsna_11,False,22.641372680664062
clipping,none,1,1,kerm_06,False,22.065250396728516
clipping,none,1,1,rsna_06,False,22.789995193481445
clipping,none,1,1,kerm_03,False,22.4008731842041
clipping,none,1,1,kerm_04,False,22.683717727661133
clipping,none,1,1,rsna_05,False,22.888925552368164
clipping,none,1,1,kerm_05,False,22.472726821899414
clipping,none,1,1,rsna_02,False,22.948501586914062
clipping,none,1,2,kerm_06,False,17.169580459594727
clipping,none,1,2,rsna_08,False,18.35178565979004
clipping,none,1,2,rsna_11,False,17.80249786376953
clipping,none,1,2,rsna_06,False,18.69880485534668
clipping,none,1,2,rsna_02,False,20.534608840942383
clipping,none,1,2,rsna_01,False,20.68218421936035
clipping,none,1,2,kerm_04,False,16.091901779174805
clipping,none,1,2,kerm_05,False,16.657569885253906
clipping,none,1,2,kerm_02,False,16.823301315307617
clipping,none,1,2,kerm_08,False,16.92101287841797
clipping,none,1,2,kerm_03,False,16.840978622436523
clipping,none,1,2,rsna_09,False,18.4307804107666
clipping,none,1,2,kerm_01,False,16.89397430419922
clipping,none,1,2,rsna_04,False,19.05640411376953
clipping,none,1,2,rsna_05,False,18.696455001831055
clipping,none,1,3,rsna_01,False,20.617786407470703
clipping,none,1,3,kerm_04,False,20.433048248291016
clipping,none,1,3,kerm_07,False,18.801361083984375
clipping,none,1,3,rsna_06,False,18.80288314819336
clipping,none,1,3,rsna_09,False,18.43280601501465
clipping,none,1,3,rsna_10,False,18.200008392333984
clipping,none,1,3,kerm_03,False,18.088542938232422
clipping,none,1,3,rsna_04,False,19.284875869750977
clipping,none,1,3,rsna_12,False,18.32449722290039
clipping,none,1,3,kerm_05,False,18.91884422302246
clipping,none,1,3,rsna_03,False,21.473543167114258
clipping,none,1,3,rsna_11,False,18.74456024169922
clipping,none,1,3,kerm_06,False,17.927732467651367
clipping,none,1,3,rsna_08,False,18.622695922851562
clipping,none,1,3,kerm_02,False,16.7050838470459
clipping,none,1,4,kerm_08,False,20.051179885864258
clipping,none,1,4,rsna_02,False,23.358970642089844
clipping,none,1,4,rsna_07,False,19.533592224121094
clipping,none,1,4,rsna_08,False,18.9318790435791
clipping,none,1,4,rsna_05,False,20.211071014404297
clipping,none,1,4,kerm_02,False,17.834341049194336
clipping,none,1,4,kerm_01,False,18.53713607788086
clipping,none,1,4,kerm_03,False,17.81123161315918
clipping,none,1,4,kerm_06,False,18.8349552154541
clipping,none,1,4,rsna_03,False,21.80129623413086
clipping,none,1,4,rsna_04,False,20.022796630859375
clipping,none,1,4,kerm_07,False,19.21398162841797
clipping,none,1,4,rsna_11,False,17.84722328186035
clipping,none,1,4,rsna_06,False,19.1208553314209
clipping,none,1,4,rsna_09,False,18.46600914001465
clipping,none,1,5,kerm_08,False,19.545482635498047
clipping,none,1,5,kerm_05,False,19.149036407470703
clipping,none,1,5,kerm_07,False,22.127721786499023
clipping,none,1,5,rsna_12,False,19.351469039916992
clipping,none,1,5,kerm_06,False,19.43461036682129
clipping,none,1,5,kerm_04,False,20.6993465423584
clipping,none,1,5,rsna_11,False,18.388397216796875
clipping,none,1,5,rsna_07,False,18.8826904296875
clipping,none,1,5,rsna_08,False,19.07988739013672
clipping,none,1,5,rsna_05,False,18.110767364501953
clipping,none,1,5,kerm_01,False,17.171585083007812
clipping,none,1,5,rsna_06,False,18.65845489501953
clipping,none,1,5,kerm_03,False,17.638580322265625
clipping,none,1,5,rsna_04,False,21.20165252685547
clipping,none,1,5,rsna_02,False,21.84759521484375
clipping,none,1,6,rsna_10,False,18.483713150024414
clipping,none,1,6,rsna_03,False,24.81486701965332
clipping,none,1,6,rsna_09,False,20.34576988220215
clipping,none,1,6,kerm_06,False,18.776472091674805
clipping,none,1,6,rsna_06,False,20.86417007446289
clipping,none,1,6,rsna_02,False,24.914594650268555
clipping,none,1,6,kerm_01,False,19.353248596191406
clipping,none,1,6,rsna_12,False,20.072467803955078
clipping,none,1,6,rsna_11,False,18.833890914916992
clipping,none,1,6,rsna_08,False,19.444555282592773
clipping,none,1,6,rsna_05,False,20.07893180847168
clipping,none,1,6,kerm_04,False,16.955364227294922
clipping,none,1,6,rsna_01,False,23.598730087280273
clipping,none,1,6,rsna_07,False,19.874210357666016
clipping,none,1,6,kerm_07,False,18.59898567199707
clipping,none,1,7,rsna_02,False,20.1114501953125
clipping,none,1,7,rsna_06,False,17.973299026489258
clipping,none,1,7,rsna_08,False,18.84796714782715
clipping,none,1,7,kerm_07,False,21.18243980407715
clipping,none,1,7,rsna_07,False,20.126684188842773
clipping,none,1,7,kerm_03,False,19.011945724487305
clipping,none,1,7,kerm_08,False,23.21312713623047
clipping,none,1,7,kerm_01,False,18.764911651611328
clipping,none,1,7,rsna_10,False,18.654216766357422
clipping,none,1,7,rsna_05,False,19.223207473754883
clipping,none,1,7,kerm_02,False,19.109174728393555
clipping,none,1,7,rsna_11,False,19.739717483520508
clipping,none,1,7,rsna_03,False,20.796829223632812
clipping,none,1,7,rsna_01,False,20.568151473999023
clipping,none,1,7,kerm_04,False,20.39272689819336
clipping,none,1,8,rsna_10,False,20.508777618408203
clipping,none,1,8,kerm_01,False,19.707773208618164
clipping,none,1,8,rsna_08,False,19.04915428161621
clipping,none,1,8,kerm_04,False,18.98563003540039
clipping,none,1,8,rsna_07,False,19.1367244720459
clipping,none,1,8,rsna_02,False,26.906612396240234
clipping,none,1,8,rsna_04,False,24.268461227416992
clipping,none,1,8,kerm_08,False,21.811275482177734
clipping,none,1,8,kerm_05,False,21.467151641845703
clipping,none,1,8,kerm_03,False,16.810144424438477
clipping,none,1,8,rsna_09,False,20.88662338256836
clipping,none,1,8,rsna_11,False,19.080347061157227
clipping,none,1,8,rsna_12,False,22.1252384185791
clipping,none,1,8,rsna_01,False,23.93417739868164
clipping,none,1,8,kerm_07,False,20.23467445373535
clipping,none,1,9,rsna_05,False,20.20736312866211
clipping,none,1,9,rsna_08,False,20.751062393188477
clipping,none,1,9,rsna_11,False,18.746423721313477
clipping,none,1,9,kerm_06,False,19.710403442382812
clipping,none,1,9,rsna_07,False,19.990419387817383
clipping,none,1,9,kerm_08,False,21.10835838317871
clipping,none,1,9,rsna_01,False,23.763233184814453
clipping,none,1,9,rsna_06,False,21.70444107055664
clipping,none,1,9,kerm_01,False,23.98995018005371
clipping,none,1,9,kerm_03,False,17.25688934326172
clipping,none,1,9,kerm_05,False,17.964570999145508
clipping,none,1,9,kerm_07,False,23.203296661376953
clipping,none,1,9,rsna_04,False,24.353914260864258
clipping,none,1,9,kerm_04,False,17.72933006286621
clipping,none,1,9,rsna_03,False,28.852109909057617
clipping,none,1,10,rsna_05,False,20.66771697998047
clipping,none,1,10,rsna_10,False,22.49434471130371
clipping,none,1,10,kerm_05,False,19.567216873168945
clipping,none,1,10,rsna_06,False,20.49971580505371
clipping,none,1,10,rsna_03,False,21.361268997192383
clipping,none,1,10,kerm_07,False,24.09735107421875
clipping,none,1,10,kerm_03,False,18.68857765197754
clipping,none,1,10,rsna_01,False,23.353424072265625
clipping,none,1,10,rsna_11,False,18.557111740112305
clipping,none,1,10,kerm_02,False,18.971647262573242
clipping,none,1,10,rsna_09,False,19.98526382446289
clipping,none,1,10,rsna_04,False,22.564105987548828
clipping,none,1,10,rsna_02,False,23.165456771850586
clipping,none,1,10,rsna_07,False,18.570064544677734
clipping,none,1,10,rsna_12,False,20.39345932006836
clipping,none,1,11,rsna_12,False,21.934316635131836
clipping,none,1,11,kerm_08,False,23.375289916992188
clipping,none,1,11,kerm_02,False,19.52900505065918
clipping,none,1,11,kerm_03,False,17.91360855102539
clipping,none,1,11,rsna_11,False,18.198768615722656
clipping,none,1,11,kerm_07,False,23.206214904785156
clipping,none,1,11,rsna_08,False,18.645952224731445
clipping,none,1,11,rsna_03,False,23.27303123474121
clipping,none,1,11,rsna_02,False,24.011287689208984
clipping,none,1,11,rsna_10,False,22.30175018310547
clipping,none,1,11,kerm_06,False,22.84941864013672
clipping,none,1,11,rsna_07,False,21.96589469909668
clipping,none,1,11,rsna_09,False,19.92378044128418
clipping,none,1,11,rsna_05,False,21.609132766723633
clipping,none,1,11,rsna_01,False,21.92167091369629
clipping,none,1,12,rsna_01,False,26.39955711364746
clipping,none,1,12,rsna_12,False,21.58353042602539
clipping,none,1,12,kerm_05,False,22.657121658325195
clipping,none,1,12,rsna_03,False,23.074201583862305
clipping,none,1,12,rsna_02,False,24.987213134765625
clipping,none,1,12,rsna_09,False,23.39822769165039
clipping,none,1,12,kerm_01,False,20.9995174407959
clipping,none,1,12,rsna_06,False,18.601808547973633
clipping,none,1,12,kerm_08,False,21.526201248168945
clipping,none,1,12,rsna_07,False,17.51604652404785
clipping,none,1,12,kerm_06,False,21.669008255004883
clipping,none,1,12,kerm_04,False,18.255373001098633
clipping,none,1,12,rsna_10,False,18.82769775390625
clipping,none,1,12,kerm_03,False,19.54383087158203
clipping,none,1,12,rsna_08,False,19.73125457763672
clipping,none,1,13,rsna_11,False,20.061920166015625
clipping,none,1,13,rsna_09,False,22.29697036743164
clipping,none,1,13,rsna_01,False,26.842653274536133
clipping,none,1,13,kerm_07,False,24.67689323425293
clipping,none,1,13,kerm_01,False,30.117877960205078
clipping,none,1,13,rsna_05,False,33.28919219970703
clipping,none,1,13,rsna_02,False,23.56281280517578
clipping,none,1,13,rsna_10,False,21.07103157043457
clipping,none,1,13,kerm_03,False,18.68939781188965
clipping,none,1,13,kerm_05,False,18.777904510498047
clipping,none,1,13,rsna_07,False,21.924659729003906
clipping,none,1,13,rsna_03,False,26.650714874267578
clipping,none,1,13,kerm_06,False,21.446083068847656
clipping,none,1,13,rsna_08,False,20.796993255615234
clipping,none,1,13,rsna_04,False,26.876707077026367
clipping,none,1,14,rsna_01,False,28.531553268432617
clipping,none,1,14,kerm_07,False,26.60708999633789
clipping,none,1,14,kerm_05,False,25.83422088623047
clipping,none,1,14,rsna_12,False,21.50824737548828
clipping,none,1,14,kerm_06,False,22.921541213989258
clipping,none,1,14,rsna_08,False,20.32155990600586
clipping,none,1,14,rsna_05,False,21.182504653930664
clipping,none,1,14,rsna_07,False,17.771530151367188
clipping,none,1,14,kerm_03,False,18.144977569580078
clipping,none,1,14,kerm_02,False,19.229145050048828
clipping,none,1,14,rsna_06,False,21.940919876098633
clipping,none,1,14,rsna_11,False,21.615798950195312
clipping,none,1,14,kerm_01,False,22.270442962646484
clipping,none,1,14,kerm_08,False,24.4844970703125
clipping,none,1,14,rsna_04,False,22.895727157592773
clipping,none,1,15,rsna_09,False,24.6795654296875
clipping,none,1,15,rsna_03,False,25.269325256347656
clipping,none,1,15,rsna_05,False,35.08916473388672
clipping,none,1,15,kerm_03,False,17.68222427368164
clipping,none,1,15,rsna_06,False,34.1566047668457
clipping,none,1,15,rsna_07,False,25.945545196533203
clipping,none,1,15,kerm_08,False,24.089704513549805
clipping,none,1,15,kerm_04,False,17.487136840820312
clipping,none,1,15,rsna_04,False,47.24746322631836
clipping,none,1,15,kerm_06,False,25.027477264404297
clipping,none,1,15,rsna_01,False,24.59052085876465
clipping,none,1,15,kerm_02,False,22.114376068115234
clipping,none,1,15,rsna_11,False,20.361902236938477
clipping,none,1,15,rsna_10,False,28.26284408569336
clipping,none,1,15,kerm_05,False,18.742084503173828
clipping,none,1,16,rsna_07,False,19.917417526245117
clipping,none,1,16,kerm_06,False,26.156753540039062
clipping,none,1,16,kerm_07,False,24.35922622680664
clipping,none,1,16,kerm_01,False,30.011260986328125
clipping,none,1,16,rsna_04,False,26.775362014770508
clipping,none,1,16,rsna_05,False,27.005952835083008
clipping,none,1,16,rsna_09,False,22.3845157623291
clipping,none,1,16,rsna_06,False,20.59960174560547
clipping,none,1,16,kerm_02,False,22.752975463867188
clipping,none,1,16,kerm_03,False,19.255001068115234
clipping,none,1,16,rsna_02,False,25.682640075683594
clipping,none,1,16,kerm_05,False,20.597694396972656
clipping,none,1,16,rsna_10,False,22.105867385864258
clipping,none,1,16,rsna_12,False,19.819538116455078
clipping,none,1,16,rsna_08,False,18.641204833984375
clipping,none,1,17,rsna_08,False,22.646697998046875
clipping,none,1,17,rsna_04,False,48.92573165893555
clipping,none,1,17,rsna_03,False,25.55274772644043
clipping,none,1,17,kerm_08,False,29.53782844543457
clipping,none,1,17,rsna_07,False,25.548381805419922
clipping,none,1,17,kerm_05,False,22.70947265625
clipping,none,1,17,kerm_03,False,21.58445167541504
clipping,none,1,17,rsna_09,False,20.499643325805664
clipping,none,1,17,rsna_12,False,21.430770874023438
clipping,none,1,17,kerm_07,False,32.42699432373047
clipping,none,1,17,rsna_01,False,29.09974479675293
clipping,none,1,17,rsna_05,False,23.5926570892334
clipping,none,1,17,rsna_10,False,23.942813873291016
clipping,none,1,17,kerm_04,False,21.038057327270508
clipping,none,1,17,kerm_02,False,26.393686294555664
clipping,none,1,18,rsna_01,False,33.22029113769531
clipping,none,1,18,rsna_06,False,23.714111328125
clipping,none,1,18,rsna_05,False,24.102258682250977
clipping,none,1,18,rsna_09,False,22.88016700744629
clipping,none,1,18,kerm_06,False,24.037067413330078
clipping,none,1,18,rsna_04,False,23.729333877563477
clipping,none,1,18,rsna_08,False,20.421812057495117
clipping,none,1,18,kerm_07,False,28.47907257080078
clipping,none,1,18,rsna_10,False,23.52847671508789
clipping,none,1,18,kerm_02,False,23.816837310791016
clipping,none,1,18,kerm_05,False,24.609500885009766
clipping,none,1,18,rsna_02,False,28.390104293823242
clipping,none,1,18,kerm_08,False,28.016407012939453
clipping,none,1,18,rsna_12,False,28.06707763671875
clipping,none,1,18,kerm_01,False,34.44453811645508
clipping,none,1,19,kerm_06,False,27.827253341674805
clipping,none,1,19,kerm_01,False,31.21234130859375
clipping,none,1,19,rsna_03,False,41.01442337036133
clipping,none,1,19,rsna_07,False,22.930288314819336
clipping,none,1,19,rsna_10,False,21.03721046447754
clipping,none,1,19,rsna_04,False,22.136363983154297
clipping,none,1,19,kerm_02,False,32.18667984008789
clipping,none,1,19,rsna_06,False,26.051666259765625
clipping,none,1,19,kerm_03,False,21.227712631225586
clipping,none,1,19,rsna_11,False,19.039770126342773
clipping,none,1,19,kerm_07,False,26.006715774536133
clipping,none,1,19,rsna_08,False,18.757095336914062
clipping,none,1,19,rsna_02,False,34.87350845336914
clipping,none,1,19,kerm_05,False,27.046676635742188
clipping,none,1,19,rsna_09,False,25.478891372680664
clipping,none,1,20,rsna_02,False,26.090023040771484
clipping,none,1,20,rsna_05,False,21.976285934448242
clipping,none,1,20,rsna_10,False,22.555450439453125
clipping,none,1,20,kerm_08,False,26.350980758666992
clipping,none,1,20,rsna_09,False,22.757598876953125
clipping,none,1,20,rsna_03,False,25.879478454589844
clipping,none,1,20,rsna_01,False,26.88808250427246
clipping,none,1,20,rsna_08,False,19.647737503051758
clipping,none,1,20,rsna_07,False,20.21428680419922
clipping,none,1,20,rsna_11,False,23.019006729125977
clipping,none,1,20,kerm_02,False,29.74662971496582
clipping,none,1,20,kerm_01,False,41.34041976928711
clipping,none,1,20,kerm_07,False,27.189048767089844
clipping,none,1,20,rsna_12,False,25.928333282470703
clipping,none,1,20,rsna_06,False,22.58249282836914
clipping,none,1,21,kerm_05,False,23.830060958862305
clipping,none,1,21,rsna_10,False,25.86697006225586
clipping,none,1,21,rsna_08,False,20.87403106689453
clipping,none,1,21,kerm_03,False,22.923080444335938
clipping,none,1,21,rsna_11,False,21.158954620361328
clipping,none,1,21,rsna_06,False,28.93619155883789
clipping,none,1,21,rsna_12,False,24.46363067626953
clipping,none,1,21,kerm_01,False,32.34657669067383
clipping,none,1,21,kerm_07,False,29.540138244628906
clipping,none,1,21,rsna_02,False,24.751989364624023
clipping,none,1,21,kerm_02,False,37.797950744628906
clipping,none,1,21,rsna_05,False,24.221290588378906
clipping,none,1,21,kerm_06,False,32.00790023803711
clipping,none,1,21,rsna_03,False,29.79398536682129
clipping,none,1,21,rsna_09,False,21.580448150634766
clipping,none,1,22,kerm_06,False,25.682954788208008
clipping,none,1,22,kerm_01,False,22.711687088012695
clipping,none,1,22,rsna_02,False,27.10926055908203
clipping,none,1,22,kerm_05,False,23.239858627319336
clipping,none,1,22,kerm_03,False,24.851486206054688
clipping,none,1,22,rsna_04,False,38.543739318847656
clipping,none,1,22,rsna_07,False,21.985252380371094
clipping,none,1,22,rsna_11,False,19.707965850830078
clipping,none,1,22,rsna_05,False,26.344600677490234
clipping,none,1,22,rsna_09,False,20.378177642822266
clipping,none,1,22,kerm_07,False,27.826339721679688
clipping,none,1,22,rsna_01,False,36.73914337158203
clipping,none,1,22,rsna_03,False,28.35175323486328
clipping,none,1,22,rsna_12,False,22.480913162231445
clipping,none,1,22,rsna_06,False,21.60489845275879
clipping,none,1,23,rsna_05,False,28.95942497253418
clipping,none,1,23,rsna_06,False,24.83177375793457
clipping,none,1,23,rsna_03,False,26.73736000061035
clipping,none,1,23,rsna_04,False,24.33416748046875
clipping,none,1,23,kerm_07,False,33.332523345947266
clipping,none,1,23,rsna_09,False,21.218873977661133
clipping,none,1,23,rsna_12,False,28.404499053955078
clipping,none,1,23,rsna_01,False,32.45003128051758
clipping,none,1,23,kerm_05,False,38.68578338623047
clipping,none,1,23,rsna_11,False,21.24062728881836
clipping,none,1,23,rsna_10,False,34.00584030151367
clipping,none,1,23,rsna_02,False,29.60647201538086
clipping,none,1,23,kerm_02,False,33.88010787963867
clipping,none,1,23,kerm_01,False,36.32901382446289
clipping,none,1,23,rsna_07,False,20.898733139038086
clipping,none,1,24,kerm_02,False,28.80104637145996
clipping,none,1,24,rsna_04,False,27.387418746948242
clipping,none,1,24,rsna_10,False,30.849063873291016
clipping,none,1,24,rsna_01,False,35.15639877319336
clipping,none,1,24,rsna_11,False,25.40453338623047
clipping,none,1,24,rsna_05,False,29.055492401123047
clipping,none,1,24,rsna_07,False,22.849929809570312
clipping,none,1,24,kerm_04,False,27.465232849121094
clipping,none,1,24,kerm_01,False,24.798643112182617
clipping,none,1,24,kerm_06,False,36.55039596557617
clipping,none,1,24,rsna_08,False,21.055784225463867
clipping,none,1,24,rsna_12,False,27.08448600769043
clipping,none,1,24,rsna_03,False,25.727874755859375
clipping,none,1,24,rsna_06,False,22.40752601623535
clipping,none,1,24,kerm_03,False,21.853012084960938
clipping,none,1,25,rsna_07,False,27.930524826049805
clipping,none,1,25,rsna_09,False,20.85086441040039
clipping,none,1,25,rsna_11,False,28.334320068359375
clipping,none,1,25,kerm_04,False,24.00751304626465
clipping,none,1,25,rsna_06,False,21.287160873413086
clipping,none,1,25,kerm_08,False,35.708152770996094
clipping,none,1,25,kerm_06,False,30.349409103393555
clipping,none,1,25,kerm_02,False,30.42963981628418
clipping,none,1,25,rsna_10,False,24.14777183532715
clipping,none,1,25,rsna_12,False,28.353580474853516
clipping,none,1,25,rsna_04,False,30.391019821166992
clipping,none,1,25,rsna_03,False,30.901643753051758
clipping,none,1,25,rsna_02,False,41.0876350402832
clipping,none,1,25,rsna_08,False,23.049327850341797
clipping,none,1,25,rsna_05,False,44.93529510498047
clipping,none,1,26,rsna_10,False,22.988895416259766
clipping,none,1,26,rsna_02,False,31.736085891723633
clipping,none,1,26,kerm_06,False,28.733444213867188
clipping,none,1,26,kerm_04,False,29.623123168945312
clipping,none,1,26,kerm_05,False,27.222667694091797
clipping,none,1,26,kerm_02,False,23.618383407592773
clipping,none,1,26,kerm_08,False,29.553932189941406
clipping,none,1,26,rsna_07,False,23.48432731628418
clipping,none,1,26,kerm_03,False,22.93107032775879
clipping,none,1,26,kerm_07,False,32.829345703125
clipping,none,1,26,rsna_08,False,24.425025939941406
clipping,none,1,26,rsna_06,False,21.91727638244629
clipping,none,1,26,rsna_11,False,26.39181900024414
clipping,none,1,26,rsna_03,False,33.656375885009766
clipping,none,1,26,rsna_05,False,31.44500160217285
clipping,none,1,27,rsna_11,False,19.895166397094727
clipping,none,1,27,rsna_09,False,20.269306182861328
clipping,none,1,27,rsna_10,False,21.139162063598633
clipping,none,1,27,rsna_08,False,27.031980514526367
clipping,none,1,27,kerm_02,False,26.12629508972168
clipping,none,1,27,rsna_01,False,32.253196716308594
clipping,none,1,27,kerm_07,False,33.0797233581543
clipping,none,1,27,kerm_05,False,27.901552200317383
clipping,none,1,27,rsna_02,False,35.01284408569336
clipping,none,1,27,rsna_12,False,27.494508743286133
clipping,none,1,27,kerm_06,False,26.31209945678711
clipping,none,1,27,rsna_06,False,24.82649803161621
clipping,none,1,27,rsna_03,False,27.666763305664062
clipping,none,1,27,rsna_07,False,23.19446563720703
clipping,none,1,27,kerm_01,False,49.0589714050293
clipping,none,1,28,rsna_06,False,20.82863998413086
clipping,none,1,28,rsna_11,False,21.800018310546875
clipping,none,1,28,kerm_07,False,36.415008544921875
clipping,none,1,28,kerm_08,False,33.56064224243164
clipping,none,1,28,rsna_01,False,27.693382263183594
clipping,none,1,28,kerm_05,False,29.69217872619629
clipping,none,1,28,rsna_04,False,35.641143798828125
clipping,none,1,28,rsna_03,False,25.789655685424805
clipping,none,1,28,kerm_06,False,26.882856369018555
clipping,none,1,28,kerm_02,False,47.510009765625
clipping,none,1,28,rsna_05,False,22.33817481994629
clipping,none,1,28,rsna_09,False,40.778011322021484
clipping,none,1,28,kerm_04,False,24.220443725585938
clipping,none,1,28,rsna_02,False,27.976232528686523
clipping,none,1,28,rsna_08,False,21.067340850830078
clipping,none,1,29,rsna_10,False,19.625629425048828
clipping,none,1,29,rsna_09,False,22.872879028320312
clipping,none,1,29,rsna_12,False,30.412864685058594
clipping,none,1,29,rsna_04,False,32.141456604003906
clipping,none,1,29,kerm_02,False,32.961666107177734
clipping,none,1,29,rsna_08,False,22.831220626831055
clipping,none,1,29,rsna_03,False,29.363876342773438
clipping,none,1,29,kerm_05,False,23.99907112121582
clipping,none,1,29,rsna_06,False,31.67408561706543
clipping,none,1,29,rsna_11,False,19.529497146606445
clipping,none,1,29,kerm_08,False,39.200618743896484
clipping,none,1,29,rsna_07,False,21.08436393737793
clipping,none,1,29,kerm_03,False,23.4778995513916
clipping,none,1,29,rsna_05,False,39.78870391845703
clipping,none,1,29,kerm_06,False,30.543338775634766
clipping,none,1,30,kerm_06,False,38.59197998046875
clipping,none,1,30,rsna_02,False,41.08906936645508
clipping,none,1,30,rsna_04,False,24.293609619140625
clipping,none,1,30,rsna_11,False,19.765087127685547
clipping,none,1,30,rsna_10,False,22.4683837890625
clipping,none,1,30,rsna_12,False,25.17514419555664
clipping,none,1,30,kerm_05,False,30.000354766845703
clipping,none,1,30,rsna_01,False,51.99588394165039
clipping,none,1,30,rsna_06,False,23.435407638549805
clipping,none,1,30,kerm_08,False,33.77657699584961
clipping,none,1,30,rsna_09,False,25.32970428466797
clipping,none,1,30,kerm_04,False,24.070022583007812
clipping,none,1,30,rsna_08,False,23.828556060791016
clipping,none,1,30,rsna_05,False,47.79077911376953
clipping,none,1,30,rsna_07,False,22.21917152404785
clipping,none,2,1,rsna_12,False,22.13913917541504
clipping,none,2,1,rsna_04,False,23.87453269958496
clipping,none,2,1,rsna_02,False,23.051584243774414
clipping,none,2,1,rsna_06,False,22.736480712890625
clipping,none,2,1,rsna_08,False,22.453996658325195
clipping,none,2,1,kerm_05,False,22.386234283447266
clipping,none,2,1,kerm_02,False,22.47532081604004
clipping,none,2,1,rsna_09,False,22.467422485351562
clipping,none,2,1,rsna_01,False,23.073257446289062
clipping,none,2,1,rsna_10,False,22.07537269592285
clipping,none,2,1,kerm_04,False,22.725933074951172
clipping,none,2,1,kerm_01,False,22.449079513549805
clipping,none,2,1,kerm_03,False,23.120437622070312
clipping,none,2,1,rsna_05,False,22.69562530517578
clipping,none,2,1,kerm_06,False,22.241167068481445
clipping,none,2,2,rsna_04,False,19.073514938354492
clipping,none,2,2,kerm_03,False,18.124868392944336
clipping,none,2,2,rsna_11,False,21.819704055786133
clipping,none,2,2,rsna_02,False,19.761499404907227
clipping,none,2,2,rsna_03,False,18.66725730895996
clipping,none,2,2,kerm_06,False,17.63834571838379
clipping,none,2,2,kerm_02,False,16.94870948791504
clipping,none,2,2,kerm_05,False,16.94877815246582
clipping,none,2,2,rsna_06,False,18.0534610748291
clipping,none,2,2,rsna_01,False,21.53685760498047
clipping,none,2,2,rsna_12,False,17.164743423461914
clipping,none,2,2,kerm_01,False,16.962444305419922
clipping,none,2,2,rsna_09,False,18.05545997619629
clipping,none,2,2,kerm_07,False,17.333467483520508
clipping,none,2,2,rsna_08,False,17.96039581298828
clipping,none,2,3,kerm_01,False,16.644607543945312
clipping,none,2,3,kerm_05,False,19.13363265991211
clipping,none,2,3,rsna_03,False,21.355323791503906
clipping,none,2,3,kerm_03,False,18.119192123413086
clipping,none,2,3,rsna_10,False,18.463781356811523
clipping,none,2,3,rsna_11,False,19.380138397216797
clipping,none,2,3,kerm_07,False,18.964614868164062
clipping,none,2,3,rsna_06,False,18.02320098876953
clipping,none,2,3,kerm_02,False,17.178184509277344
clipping,none,2,3,kerm_08,False,18.696460723876953
clipping,none,2,3,rsna_05,False,18.80202865600586
clipping,none,2,3,rsna_02,False,18.810880661010742
clipping,none,2,3,rsna_04,False,19.17879867553711
clipping,none,2,3,rsna_08,False,18.21042823791504
clipping,none,2,3,rsna_01,False,18.924951553344727
clipping,none,2,4,rsna_02,False,21.35669708251953
clipping,none,2,4,kerm_01,False,16.61932373046875
clipping,none,2,4,kerm_03,False,18.791446685791016
clipping,none,2,4,kerm_06,False,18.336585998535156
clipping,none,2,4,rsna_05,False,21.336544036865234
clipping,none,2,4,rsna_03,False,22.60810661315918
clipping,none,2,4,kerm_04,False,23.30988883972168
clipping,none,2,4,rsna_07,False,19.007972717285156
clipping,none,2,4,rsna_09,False,18.95525360107422
clipping,none,2,4,rsna_12,False,19.225826263427734
clipping,none,2,4,rsna_10,False,18.224302291870117
clipping,none,2,4,kerm_02,False,17.85020637512207
clipping,none,2,4,rsna_01,False,23.514362335205078
clipping,none,2,4,kerm_07,False,22.23474884033203
clipping,none,2,4,rsna_06,False,18.314315795898438
clipping,none,2,5,kerm_05,False,19.956499099731445
clipping,none,2,5,rsna_07,False,18.59670066833496
clipping,none,2,5,kerm_06,False,19.32064437866211
clipping,none,2,5,rsna_12,False,20.877500534057617
clipping,none,2,5,kerm_08,False,19.666526794433594
clipping,none,2,5,rsna_09,False,17.323049545288086
clipping,none,2,5,rsna_05,False,18.63034439086914
clipping,none,2,5,rsna_04,False,19.943681716918945
clipping,none,2,5,rsna_08,False,19.217300415039062
clipping,none,2,5,kerm_01,False,17.379255294799805
clipping,none,2,5,rsna_02,False,21.64388084411621
clipping,none,2,5,kerm_02,False,17.291866302490234
clipping,none,2,5,kerm_03,False,17.915245056152344
clipping,none,2,5,rsna_03,False,21.53330421447754
clipping,none,2,5,rsna_10,False,18.90151596069336
clipping,none,2,6,rsna_06,False,19.427072525024414
clipping,none,2,6,kerm_07,False,19.554153442382812
clipping,none,2,6,kerm_02,False,16.79540252685547
clipping,none,2,6,rsna_12,False,18.585569381713867
clipping,none,2,6,rsna_10,False,19.10634994506836
clipping,none,2,6,rsna_05,False,20.042280197143555
clipping,none,2,6,rsna_11,False,20.70195770263672
clipping,none,2,6,rsna_04,False,20.551593780517578
clipping,none,2,6,kerm_08,False,24.906139373779297
clipping,none,2,6,rsna_07,False,18.508724212646484
clipping,none,2,6,kerm_03,False,17.936513900756836
clipping,none,2,6,rsna_01,False,23.850217819213867
clipping,none,2,6,kerm_04,False,23.719741821289062
clipping,none,2,6,kerm_05,False,21.024288177490234
clipping,none,2,6,kerm_01,False,19.265398025512695
clipping,none,2,7,rsna_06,False,20.926673889160156
clipping,none,2,7,kerm_05,False,20.654621124267578
clipping,none,2,7,rsna_10,False,19.766014099121094
clipping,none,2,7,kerm_01,False,17.368982315063477
clipping,none,2,7,rsna_05,False,19.696815490722656
clipping,none,2,7,rsna_08,False,18.964759826660156
clipping,none,2,7,kerm_06,False,18.990219116210938
clipping,none,2,7,rsna_09,False,19.926570892333984
clipping,none,2,7,kerm_04,False,21.369131088256836
clipping,none,2,7,kerm_07,False,19.26014518737793
clipping,none,2,7,rsna_12,False,18.61908531188965
clipping,none,2,7,rsna_07,False,19.37355613708496
clipping,none,2,7,rsna_01,False,23.08430290222168
clipping,none,2,7,rsna_11,False,18.86516571044922
clipping,none,2,7,rsna_03,False,23.09270477294922
clipping,none,2,8,rsna_03,False,23.644655227661133
clipping,none,2,8,rsna_11,False,17.910276412963867
clipping,none,2,8,kerm_05,False,21.081148147583008
clipping,none,2,8,rsna_05,False,20.172998428344727
clipping,none,2,8,kerm_08,False,21.756229400634766
clipping,none,2,8,kerm_03,False,19.567598342895508
clipping,none,2,8,kerm_04,False,18.91963005065918
clipping,none,2,8,kerm_01,False,19.226591110229492
clipping,none,2,8,rsna_04,False,21.761911392211914
clipping,none,2,8,kerm_07,False,29.123027801513672
clipping,none,2,8,rsna_07,False,17.5383358001709
clipping,none,2,8,kerm_02,False,18.733003616333008
clipping,none,2,8,rsna_06,False,20.960906982421875
clipping,none,2,8,rsna_08,False,18.511457443237305
clipping,none,2,8,rsna_12,False,18.171764373779297
clipping,none,2,9,kerm_02,False,16.608461380004883
clipping,none,2,9,kerm_03,False,18.992895126342773
clipping,none,2,9,kerm_08,False,20.167654037475586
clipping,none,2,9,kerm_06,False,21.1319580078125
clipping,none,2,9,rsna_10,False,18.711162567138672
clipping,none,2,9,rsna_07,False,21.153202056884766
clipping,none,2,9,kerm_01,False,19.575393676757812
clipping,none,2,9,rsna_02,False,25.07168960571289
clipping,none,2,9,kerm_05,False,18.511245727539062
clipping,none,2,9,rsna_08,False,20.079866409301758
clipping,none,2,9,rsna_06,False,20.723543167114258
clipping,none,2,9,rsna_04,False,23.551496505737305
clipping,none,2,9,rsna_12,False,17.759992599487305
clipping,none,2,9,rsna_05,False,20.070762634277344
clipping,none,2,9,rsna_03,False,22.128488540649414
clipping,none,2,10,kerm_02,False,16.362586975097656
clipping,none,2,10,rsna_04,False,20.759035110473633
clipping,none,2,10,rsna_07,False,17.481470108032227
clipping,none,2,10,kerm_05,False,21.423324584960938
clipping,none,2,10,rsna_02,False,23.33724021911621
clipping,none,2,10,rsna_06,False,19.102046966552734
clipping,none,2,10,rsna_10,False,19.047061920166016
clipping,none,2,10,kerm_06,False,19.285171508789062
clipping,none,2,10,rsna_08,False,18.441503524780273
clipping,none,2,10,kerm_03,False,19.374298095703125
clipping,none,2,10,rsna_01,False,25.57322883605957
clipping,none,2,10,kerm_01,False,18.498472213745117
clipping,none,2,10,rsna_11,False,18.80485725402832
clipping,none,2,10,kerm_04,False,18.773412704467773
clipping,none,2,10,rsna_05,False,19.86737632751465
clipping,none,2,11,rsna_01,False,23.364152908325195
clipping,none,2,11,rsna_11,False,19.518646240234375
clipping,none,2,11,kerm_02,False,18.27967071533203
clipping,none,2,11,rsna_09,False,19.77256202697754
clipping,none,2,11,kerm_08,False,29.669767379760742
clipping,none,2,11,rsna_08,False,19.514404296875
clipping,none,2,11,kerm_05,False,32.2896728515625
clipping,none,2,11,rsna_02,False,24.164045333862305
clipping,none,2,11,kerm_03,False,20.783308029174805
clipping,none,2,11,kerm_07,False,20.429811477661133
clipping,none,2,11,rsna_05,False,19.39058494567871
clipping,none,2,11,rsna_04,False,20.274097442626953
clipping,none,2,11,kerm_06,False,21.200634002685547
clipping,none,2,11,rsna_06,False,18.73301124572754
clipping,none,2,11,rsna_07,False,20.055908203125
clipping,none,2,12,kerm_05,False,19.531288146972656
clipping,none,2,12,kerm_07,False,20.57668113708496
clipping,none,2,12,kerm_02,False,18.0189151763916
clipping,none,2,12,rsna_09,False,17.909624099731445
clipping,none,2,12,rsna_03,False,27.964345932006836
clipping,none,2,12,rsna_04,False,23.505115509033203
clipping,none,2,12,rsna_10,False,22.347715377807617
clipping,none,2,12,rsna_07,False,18.62101936340332
clipping,none,2,12,rsna_12,False,18.655824661254883
clipping,none,2,12,kerm_08,False,20.642818450927734
clipping,none,2,12,kerm_06,False,29.178468704223633
clipping,none,2,12,kerm_01,False,26.269611358642578
clipping,none,2,12,rsna_02,False,29.24990463256836
clipping,none,2,12,rsna_08,False,18.7802677154541
clipping,none,2,12,kerm_03,False,18.061227798461914
clipping,none,2,13,rsna_01,False,28.823707580566406
clipping,none,2,13,rsna_07,False,20.34843635559082
clipping,none,2,13,rsna_06,False,22.26630973815918
clipping,none,2,13,rsna_12,False,19.527524948120117
clipping,none,2,13,rsna_02,False,22.073802947998047
clipping,none,2,13,rsna_08,False,18.484472274780273
clipping,none,2,13,kerm_06,False,20.706300735473633
clipping,none,2,13,rsna_04,False,22.671009063720703
clipping,none,2,13,kerm_01,False,21.017189025878906
clipping,none,2,13,kerm_05,False,19.512001037597656
clipping,none,2,13,kerm_08,False,21.87000846862793
clipping,none,2,13,kerm_02,False,20.69288444519043
clipping,none,2,13,kerm_07,False,19.561290740966797
clipping,none,2,13,rsna_09,False,19.850265502929688
clipping,none,2,13,rsna_11,False,19.064804077148438
clipping,none,2,14,kerm_04,False,21.06954574584961
clipping,none,2,14,rsna_05,False,21.023176193237305
clipping,none,2,14,kerm_02,False,18.254011154174805
clipping,none,2,14,kerm_03,False,18.6738224029541
clipping,none,2,14,rsna_02,False,27.624788284301758
clipping,none,2,14,rsna_08,False,20.353374481201172
clipping,none,2,14,rsna_09,False,18.707359313964844
clipping,none,2,14,rsna_01,False,27.343908309936523
clipping,none,2,14,kerm_07,False,20.48269271850586
clipping,none,2,14,kerm_06,False,20.762964248657227
clipping,none,2,14,rsna_03,False,22.259733200073242
clipping,none,2,14,rsna_06,False,19.45577621459961
clipping,none,2,14,rsna_12,False,20.817058563232422
clipping,none,2,14,kerm_05,False,23.39459800720215
clipping,none,2,14,rsna_07,False,18.582489013671875
clipping,none,2,15,rsna_03,False,28.341249465942383
clipping,none,2,15,kerm_02,False,17.934024810791016
clipping,none,2,15,kerm_08,False,23.057823181152344
clipping,none,2,15,rsna_10,False,18.823116302490234
clipping,none,2,15,kerm_06,False,21.109413146972656
clipping,none,2,15,rsna_09,False,18.748441696166992
clipping,none,2,15,kerm_03,False,21.12431526184082
clipping,none,2,15,rsna_06,False,22.60219383239746
clipping,none,2,15,rsna_04,False,30.335269927978516
clipping,none,2,15,rsna_07,False,18.17798614501953
clipping,none,2,15,rsna_05,False,23.199756622314453
clipping,none,2,15,rsna_11,False,24.089637756347656
clipping,none,2,15,rsna_02,False,25.986360549926758
clipping,none,2,15,kerm_04,False,19.302091598510742
clipping,none,2,15,kerm_05,False,21.11503028869629
clipping,none,2,16,rsna_07,False,18.54003143310547
clipping,none,2,16,kerm_02,False,21.835187911987305
clipping,none,2,16,rsna_01,False,24.1878604888916
clipping,none,2,16,rsna_05,False,19.742063522338867
clipping,none,2,16,rsna_12,False,19.214370727539062
clipping,none,2,16,rsna_10,False,25.147422790527344
clipping,none,2,16,kerm_06,False,26.5233154296875
clipping,none,2,16,kerm_01,False,22.386777877807617
clipping,none,2,16,rsna_11,False,20.756980895996094
clipping,none,2,16,rsna_02,False,22.716379165649414
clipping,none,2,16,rsna_04,False,20.450801849365234
clipping,none,2,16,kerm_04,False,24.15604591369629
clipping,none,2,16,rsna_08,False,19.657817840576172
clipping,none,2,16,kerm_03,False,18.933929443359375
clipping,none,2,16,kerm_07,False,21.3914852142334
clipping,none,2,17,rsna_03,False,27.082042694091797
clipping,none,2,17,rsna_11,False,22.5488224029541
clipping,none,2,17,kerm_08,False,23.95477294921875
clipping,none,2,17,rsna_05,False,20.824508666992188
clipping,none,2,17,kerm_01,False,26.667007446289062
clipping,none,2,17,kerm_05,False,18.702350616455078
clipping,none,2,17,kerm_06,False,22.151796340942383
clipping,none,2,17,rsna_12,False,19.787948608398438
clipping,none,2,17,rsna_01,False,23.869253158569336
clipping,none,2,17,kerm_02,False,20.695552825927734
clipping,none,2,17,rsna_09,False,17.66754913330078
clipping,none,2,17,kerm_03,False,19.68129539489746
clipping,none,2,17,kerm_04,False,23.729169845581055
clipping,none,2,17,rsna_02,False,29.38011932373047
clipping,none,2,17,rsna_04,False,25.650646209716797
clipping,none,2,18,rsna_04,False,36.319969177246094
clipping,none,2,18,rsna_07,False,20.38465118408203
clipping,none,2,18,rsna_10,False,30.673091888427734
clipping,none,2,18,rsna_06,False,24.210039138793945
clipping,none,2,18,kerm_03,False,20.169471740722656
clipping,none,2,18,kerm_04,False,34.160606384277344
clipping,none,2,18,rsna_02,False,24.29368782043457
clipping,none,2,18,rsna_09,False,17.697599411010742
clipping,none,2,18,kerm_06,False,34.01744842529297
clipping,none,2,18,kerm_02,False,17.897226333618164
clipping,none,2,18,kerm_07,False,23.610639572143555
clipping,none,2,18,rsna_03,False,25.270780563354492
clipping,none,2,18,rsna_05,False,26.627046585083008
clipping,none,2,18,rsna_01,False,23.081161499023438
clipping,none,2,18,kerm_05,False,21.02738380432129
clipping,none,2,19,rsna_01,False,23.082439422607422
clipping,none,2,19,rsna_08,False,18.984758377075195
clipping,none,2,19,rsna_11,False,24.07830810546875
clipping,none,2,19,kerm_04,False,20.835880279541016
clipping,none,2,19,rsna_12,False,24.802757263183594
clipping,none,2,19,kerm_07,False,23.26515769958496
clipping,none,2,19,rsna_03,False,23.803672790527344
clipping,none,2,19,kerm_05,False,19.841815948486328
clipping,none,2,19,rsna_10,False,21.93596649169922
clipping,none,2,19,rsna_05,False,22.484352111816406
clipping,none,2,19,kerm_02,False,18.617155075073242
clipping,none,2,19,kerm_06,False,23.727672576904297
clipping,none,2,19,kerm_08,False,28.613523483276367
clipping,none,2,19,rsna_04,False,22.455434799194336
clipping,none,2,19,kerm_01,False,25.799724578857422
clipping,none,2,20,rsna_05,False,21.913265228271484
clipping,none,2,20,kerm_08,False,22.978496551513672
clipping,none,2,20,kerm_05,False,21.48772430419922
clipping,none,2,20,rsna_10,False,21.163555145263672
clipping,none,2,20,kerm_07,False,23.087196350097656
clipping,none,2,20,kerm_04,False,24.659141540527344
clipping,none,2,20,rsna_07,False,22.558149337768555
clipping,none,2,20,kerm_02,False,21.208261489868164
clipping,none,2,20,kerm_06,False,19.445608139038086
clipping,none,2,20,rsna_02,False,29.11783218383789
clipping,none,2,20,rsna_12,False,20.513891220092773
clipping,none,2,20,kerm_01,False,26.114471435546875
clipping,none,2,20,rsna_08,False,18.35721778869629
clipping,none,2,20,rsna_11,False,22.091630935668945
clipping,none,2,20,rsna_09,False,18.448923110961914
clipping,none,2,21,rsna_07,False,21.08024787902832
clipping,none,2,21,rsna_11,False,19.143821716308594
clipping,none,2,21,rsna_10,False,28.338533401489258
clipping,none,2,21,kerm_05,False,19.000015258789062
clipping,none,2,21,kerm_06,False,20.799331665039062
clipping,none,2,21,kerm_04,False,20.54171371459961
clipping,none,2,21,kerm_08,False,22.685415267944336
clipping,none,2,21,rsna_12,False,23.555328369140625
clipping,none,2,21,kerm_03,False,23.817296981811523
clipping,none,2,21,kerm_01,False,30.45938491821289
clipping,none,2,21,kerm_02,False,18.64488410949707
clipping,none,2,21,rsna_03,False,26.05017852783203
clipping,none,2,21,rsna_08,False,21.5820369720459
clipping,none,2,21,rsna_04,False,24.415138244628906
clipping,none,2,21,kerm_07,False,23.930988311767578
clipping,none,2,22,rsna_04,False,29.943166732788086
clipping,none,2,22,rsna_07,False,22.63872718811035
clipping,none,2,22,kerm_07,False,20.608848571777344
clipping,none,2,22,kerm_06,False,21.87986183166504
clipping,none,2,22,rsna_01,False,33.810909271240234
clipping,none,2,22,kerm_01,False,26.172330856323242
clipping,none,2,22,kerm_04,False,17.49750518798828
clipping,none,2,22,rsna_08,False,21.787525177001953
clipping,none,2,22,kerm_08,False,21.449003219604492
clipping,none,2,22,kerm_05,False,17.598438262939453
clipping,none,2,22,rsna_09,False,18.4815731048584
clipping,none,2,22,rsna_11,False,21.238483428955078
clipping,none,2,22,rsna_06,False,25.48433494567871
clipping,none,2,22,rsna_05,False,23.58441925048828
clipping,none,2,22,rsna_10,False,22.243425369262695
clipping,none,2,23,kerm_06,False,22.339330673217773
clipping,none,2,23,rsna_12,False,19.84127426147461
clipping,none,2,23,rsna_01,False,33.82658004760742
clipping,none,2,23,kerm_04,False,22.30866241455078
clipping,none,2,23,kerm_07,False,23.076759338378906
clipping,none,2,23,kerm_08,False,24.590652465820312
clipping,none,2,23,rsna_11,False,19.47170639038086
clipping,none,2,23,kerm_02,False,19.124204635620117
clipping,none,2,23,rsna_05,False,25.450908660888672
clipping,none,2,23,kerm_01,False,23.399404525756836
clipping,none,2,23,kerm_05,False,19.610227584838867
clipping,none,2,23,rsna_04,False,25.20650863647461
clipping,none,2,23,rsna_07,False,26.400712966918945
clipping,none,2,23,rsna_02,False,29.053844451904297
clipping,none,2,23,kerm_03,False,28.309219360351562
clipping,none,2,24,kerm_07,False,23.047950744628906
clipping,none,2,24,kerm_02,False,21.511585235595703
clipping,none,2,24,kerm_06,False,25.18662452697754
clipping,none,2,24,rsna_01,False,31.22060203552246
clipping,none,2,24,kerm_04,False,20.365318298339844
clipping,none,2,24,rsna_06,False,30.891494750976562
clipping,none,2,24,rsna_05,False,22.044109344482422
clipping,none,2,24,rsna_11,False,19.222854614257812
clipping,none,2,24,rsna_09,False,20.60504722595215
clipping,none,2,24,rsna_03,False,25.141969680786133
clipping,none,2,24,rsna_07,False,22.241657257080078
clipping,none,2,24,kerm_03,False,22.15736198425293
clipping,none,2,24,kerm_08,False,26.449926376342773
clipping,none,2,24,rsna_08,False,21.547792434692383
clipping,none,2,24,rsna_10,False,18.582347869873047
clipping,none,2,25,kerm_03,False,23.286945343017578
clipping,none,2,25,rsna_10,False,32.07826232910156
clipping,none,2,25,kerm_01,False,23.965564727783203
clipping,none,2,25,rsna_09,False,25.18601417541504
clipping,none,2,25,kerm_07,False,25.01312255859375
clipping,none,2,25,rsna_07,False,24.921354293823242
clipping,none,2,25,kerm_04,False,25.525794982910156
clipping,none,2,25,rsna_11,False,19.852659225463867
clipping,none,2,25,rsna_02,False,27.775192260742188
clipping,none,2,25,rsna_06,False,25.05929946899414
clipping,none,2,25,kerm_02,False,19.49054527282715
clipping,none,2,25,rsna_04,False,26.248884201049805
clipping,none,2,25,rsna_01,False,26.556760787963867
clipping,none,2,25,rsna_08,False,19.972938537597656
clipping,none,2,25,kerm_08,False,30.281843185424805
clipping,none,2,26,kerm_05,False,22.535076141357422
clipping,none,2,26,rsna_10,False,20.95065689086914
clipping,none,2,26,rsna_01,False,28.48583984375
clipping,none,2,26,kerm_01,False,19.87551498413086
clipping,none,2,26,rsna_03,False,30.08246612548828
clipping,none,2,26,kerm_07,False,26.999107360839844
clipping,none,2,26,rsna_05,False,26.25287437438965
clipping,none,2,26,rsna_09,False,21.410913467407227
clipping,none,2,26,kerm_06,False,23.22113609313965
clipping,none,2,26,rsna_12,False,24.257164001464844
clipping,none,2,26,rsna_06,False,23.855287551879883
clipping,none,2,26,rsna_08,False,19.536710739135742
clipping,none,2,26,rsna_07,False,22.855897903442383
clipping,none,2,26,kerm_08,False,24.691944122314453
clipping,none,2,26,rsna_11,False,26.318506240844727
clipping,none,2,27,rsna_11,False,23.263694763183594
clipping,none,2,27,rsna_03,False,27.212125778198242
clipping,none,2,27,rsna_02,False,38.1878547668457
clipping,none,2,27,rsna_12,False,22.862045288085938
clipping,none,2,27,rsna_06,False,23.12387466430664
clipping,none,2,27,rsna_08,False,25.372718811035156
clipping,none,2,27,rsna_07,False,18.702720642089844
clipping,none,2,27,kerm_02,False,25.397985458374023
clipping,none,2,27,rsna_10,False,22.851886749267578
clipping,none,2,27,kerm_03,False,24.9663143157959
clipping,none,2,27,kerm_06,False,22.878164291381836
clipping,none,2,27,kerm_07,False,23.981300354003906
clipping,none,2,27,kerm_01,False,23.229869842529297
clipping,none,2,27,rsna_01,False,37.610408782958984
clipping,none,2,27,kerm_04,False,23.54471778869629
clipping,none,2,28,rsna_08,False,18.351734161376953
clipping,none,2,28,kerm_05,False,23.505311965942383
clipping,none,2,28,rsna_05,False,26.952709197998047
clipping,none,2,28,kerm_07,False,27.545385360717773
clipping,none,2,28,rsna_12,False,24.185897827148438
clipping,none,2,28,kerm_06,False,26.17146110534668
clipping,none,2,28,kerm_08,False,34.93706512451172
clipping,none,2,28,rsna_10,False,21.079486846923828
clipping,none,2,28,rsna_01,False,24.143278121948242
clipping,none,2,28,rsna_04,False,30.85184097290039
clipping,none,2,28,rsna_09,False,26.214298248291016
clipping,none,2,28,rsna_06,False,28.99612808227539
clipping,none,2,28,rsna_03,False,42.36408233642578
clipping,none,2,28,kerm_03,False,20.07183074951172
clipping,none,2,28,rsna_07,False,21.200796127319336
clipping,none,2,29,kerm_08,False,26.00187873840332
clipping,none,2,29,rsna_12,False,21.566396713256836
clipping,none,2,29,rsna_06,False,34.238155364990234
clipping,none,2,29,kerm_05,False,27.668054580688477
clipping,none,2,29,rsna_10,False,23.417579650878906
clipping,none,2,29,rsna_01,False,25.8739013671875
clipping,none,2,29,kerm_04,False,19.240985870361328
clipping,none,2,29,rsna_08,False,17.05133819580078
clipping,none,2,29,rsna_11,False,21.49880027770996
clipping,none,2,29,kerm_02,False,21.484542846679688
clipping,none,2,29,kerm_06,False,28.544570922851562
clipping,none,2,29,kerm_07,False,24.919002532958984
clipping,none,2,29,rsna_09,False,20.602073669433594
clipping,none,2,29,kerm_01,False,29.801774978637695
clipping,none,2,29,rsna_04,False,27.274513244628906
clipping,none,2,30,kerm_04,False,21.564104080200195
clipping,none,2,30,rsna_12,False,20.348337173461914
clipping,none,2,30,kerm_07,False,23.43962860107422
clipping,none,2,30,kerm_01,False,27.961536407470703
clipping,none,2,30,rsna_02,False,45.1826057434082
clipping,none,2,30,rsna_08,False,18.762081146240234
clipping,none,2,30,rsna_09,False,19.4481143951416
clipping,none,2,30,rsna_11,False,19.046932220458984
clipping,none,2,30,rsna_06,False,23.719881057739258
clipping,none,2,30,kerm_02,False,23.773035049438477
clipping,none,2,30,rsna_04,False,26.73362922668457
clipping,none,2,30,rsna_01,False,32.62099075317383
clipping,none,2,30,rsna_10,False,18.40640640258789
clipping,none,2,30,rsna_03,False,35.854576110839844
clipping,none,2,30,kerm_06,False,23.597408294677734
clipping,none,3,1,rsna_03,False,22.906436920166016
clipping,none,3,1,rsna_09,False,23.292116165161133
clipping,none,3,1,kerm_06,False,22.58348846435547
clipping,none,3,1,rsna_04,False,22.928396224975586
clipping,none,3,1,rsna_01,False,23.00794792175293
clipping,none,3,1,rsna_12,False,22.735450744628906
clipping,none,3,1,rsna_06,False,22.758813858032227
clipping,none,3,1,kerm_08,False,22.345643997192383
clipping,none,3,1,kerm_03,False,22.56019401550293
clipping,none,3,1,rsna_02,False,23.26282501220703
clipping,none,3,1,kerm_01,False,22.84163475036621
clipping,none,3,1,kerm_05,False,22.20652198791504
clipping,none,3,1,rsna_11,False,22.83110809326172
clipping,none,3,1,rsna_07,False,22.683378219604492
clipping,none,3,1,kerm_02,False,22.64385223388672
clipping,none,3,2,rsna_06,False,18.079105377197266
clipping,none,3,2,rsna_05,False,18.4820499420166
clipping,none,3,2,rsna_04,False,18.407018661499023
clipping,none,3,2,rsna_09,False,18.163209915161133
clipping,none,3,2,rsna_08,False,19.189512252807617
clipping,none,3,2,kerm_08,False,17.398418426513672
clipping,none,3,2,kerm_01,False,16.91582679748535
clipping,none,3,2,kerm_02,False,17.01715087890625
clipping,none,3,2,kerm_04,False,17.60367202758789
clipping,none,3,2,rsna_02,False,18.369924545288086
clipping,none,3,2,kerm_05,False,17.631357192993164
clipping,none,3,2,rsna_01,False,19.4135799407959
clipping,none,3,2,kerm_06,False,17.157581329345703
clipping,none,3,2,kerm_03,False,16.965309143066406
clipping,none,3,2,rsna_12,False,17.434253692626953
clipping,none,3,3,rsna_06,False,19.088476181030273
clipping,none,3,3,rsna_12,False,18.630630493164062
clipping,none,3,3,kerm_08,False,18.55013084411621
clipping,none,3,3,kerm_02,False,17.34425926208496
clipping,none,3,3,rsna_08,False,18.532329559326172
clipping,none,3,3,rsna_03,False,19.15605354309082
clipping,none,3,3,kerm_01,False,17.358144760131836
clipping,none,3,3,rsna_09,False,19.835487365722656
clipping,none,3,3,kerm_05,False,19.931018829345703
clipping,none,3,3,rsna_11,False,20.065792083740234
clipping,none,3,3,rsna_01,False,19.622591018676758
clipping,none,3,3,kerm_04,False,18.500595092773438
clipping,none,3,3,rsna_07,False,18.864912033081055
clipping,none,3,3,rsna_04,False,19.318634033203125
clipping,none,3,3,kerm_03,False,18.114761352539062
clipping,none,3,4,rsna_01,False,22.037092208862305
clipping,none,3,4,kerm_05,False,21.10361099243164
clipping,none,3,4,rsna_06,False,20.128944396972656
clipping,none,3,4,kerm_08,False,19.51934814453125
clipping,none,3,4,rsna_07,False,20.48536491394043
clipping,none,3,4,rsna_05,False,20.161649703979492
clipping,none,3,4,kerm_07,False,23.014131546020508
clipping,none,3,4,rsna_04,False,20.842424392700195
clipping,none,3,4,rsna_02,False,20.17531967163086
clipping,none,3,4,rsna_10,False,19.79033851623535
clipping,none,3,4,rsna_09,False,19.492626190185547
clipping,none,3,4,kerm_02,False,18.633432388305664
clipping,none,3,4,rsna_11,False,20.326215744018555
clipping,none,3,4,kerm_04,False,22.405536651611328
clipping,none,3,4,rsna_03,False,21.14163589477539
clipping,none,3,5,kerm_01,False,17.795886993408203
clipping,none,3,5,kerm_06,False,27.28998565673828
clipping,none,3,5,rsna_04,False,18.745262145996094
clipping,none,3,5,kerm_08,False,24.776578903198242
clipping,none,3,5,rsna_11,False,20.420011520385742
clipping,none,3,5,rsna_03,False,19.367755889892578
clipping,none,3,5,rsna_02,False,20.21477699279785
clipping,none,3,5,rsna_10,False,19.606351852416992
clipping,none,3,5,rsna_07,False,18.530223846435547
clipping,none,3,5,kerm_03,False,18.357397079467773
clipping,none,3,5,kerm_05,False,25.033283233642578
clipping,none,3,5,rsna_05,False,18.468990325927734
clipping,none,3,5,rsna_09,False,18.37147331237793
clipping,none,3,5,rsna_12,False,23.827199935913086
clipping,none,3,5,kerm_02,False,17.32651138305664
clipping,none,3,6,rsna_11,False,18.793598175048828
clipping,none,3,6,rsna_12,False,19.35593032836914
clipping,none,3,6,rsna_10,False,19.062047958374023
clipping,none,3,6,kerm_02,False,17.44640350341797
clipping,none,3,6,rsna_07,False,18.59086036682129
clipping,none,3,6,kerm_06,False,20.278051376342773
clipping,none,3,6,rsna_09,False,19.085105895996094
clipping,none,3,6,rsna_04,False,21.7706356048584
clipping,none,3,6,kerm_07,False,19.712432861328125
clipping,none,3,6,kerm_04,False,20.48720932006836
clipping,none,3,6,kerm_01,False,18.97392463684082
clipping,none,3,6,rsna_01,False,22.461729049682617
clipping,none,3,6,kerm_05,False,24.209247589111328
clipping,none,3,6,kerm_03,False,17.80479621887207
clipping,none,3,6,rsna_05,False,19.923614501953125
clipping,none,3,7,rsna_01,False,25.06974983215332
clipping,none,3,7,kerm_08,False,20.021554946899414
clipping,none,3,7,rsna_06,False,21.400224685668945
clipping,none,3,7,kerm_01,False,21.390790939331055
clipping,none,3,7,rsna_05,False,20.32271957397461
clipping,none,3,7,kerm_06,False,21.46222496032715
clipping,none,3,7,rsna_03,False,23.11589813232422
clipping,none,3,7,rsna_11,False,18.743722915649414
clipping,none,3,7,kerm_04,False,16.491474151611328
clipping,none,3,7,rsna_09,False,18.854442596435547
clipping,none,3,7,kerm_02,False,17.976070404052734
clipping,none,3,7,kerm_07,False,21.724824905395508
clipping,none,3,7,rsna_04,False,22.434215545654297
clipping,none,3,7,kerm_05,False,22.460006713867188
clipping,none,3,7,kerm_03,False,18.06036949157715
clipping,none,3,8,kerm_03,False,16.730079650878906
clipping,none,3,8,rsna_02,False,22.428112030029297
clipping,none,3,8,rsna_06,False,18.83175277709961
clipping,none,3,8,kerm_06,False,18.750946044921875
clipping,none,3,8,kerm_01,False,18.100570678710938
clipping,none,3,8,rsna_01,False,23.524621963500977
clipping,none,3,8,rsna_11,False,18.491846084594727
clipping,none,3,8,kerm_07,False,30.114107131958008
clipping,none,3,8,rsna_09,False,18.672924041748047
clipping,none,3,8,rsna_10,False,19.630939483642578
clipping,none,3,8,kerm_04,False,21.744291305541992
clipping,none,3,8,rsna_08,False,19.30536651611328
clipping,none,3,8,kerm_05,False,24.544912338256836
clipping,none,3,8,kerm_08,False,20.371530532836914
clipping,none,3,8,rsna_12,False,19.516584396362305
clipping,none,3,9,rsna_07,False,20.355234146118164
clipping,none,3,9,kerm_02,False,20.43474006652832
clipping,none,3,9,rsna_01,False,29.827150344848633
clipping,none,3,9,rsna_09,False,19.57671356201172
clipping,none,3,9,kerm_04,False,18.6468505859375
clipping,none,3,9,rsna_05,False,23.32364273071289
clipping,none,3,9,kerm_03,False,17.604633331298828
clipping,none,3,9,rsna_04,False,22.808330535888672
clipping,none,3,9,rsna_02,False,27.89676856994629
clipping,none,3,9,kerm_07,False,18.753372192382812
clipping,none,3,9,kerm_01,False,21.18540382385254
clipping,none,3,9,rsna_06,False,22.612276077270508
clipping,none,3,9,rsna_08,False,20.26914405822754
clipping,none,3,9,rsna_11,False,17.506872177124023
clipping,none,3,9,rsna_10,False,19.08841323852539
clipping,none,3,10,rsna_01,False,24.705663681030273
clipping,none,3,10,kerm_07,False,21.9396915435791
clipping,none,3,10,rsna_11,False,19.35619354248047
clipping,none,3,10,rsna_06,False,18.13568878173828
clipping,none,3,10,kerm_02,False,18.752296447753906
clipping,none,3,10,rsna_08,False,21.97301483154297
clipping,none,3,10,rsna_12,False,21.808019638061523
clipping,none,3,10,kerm_08,False,21.711610794067383
clipping,none,3,10,rsna_05,False,19.531038284301758
clipping,none,3,10,rsna_10,False,19.370712280273438
clipping,none,3,10,rsna_09,False,18.80678367614746
clipping,none,3,10,rsna_04,False,22.130399703979492
clipping,none,3,10,kerm_06,False,29.296630859375
clipping,none,3,10,kerm_05,False,29.230607986450195
clipping,none,3,10,kerm_04,False,19.545970916748047
clipping,none,3,11,rsna_01,False,28.70488166809082
clipping,none,3,11,rsna_02,False,30.704967498779297
clipping,none,3,11,rsna_11,False,18.778064727783203
clipping,none,3,11,kerm_07,False,22.238662719726562
clipping,none,3,11,rsna_04,False,24.550817489624023
clipping,none,3,11,rsna_10,False,21.514482498168945
clipping,none,3,11,kerm_05,False,21.0060977935791
clipping,none,3,11,rsna_06,False,21.04859733581543
clipping,none,3,11,rsna_03,False,27.38457679748535
clipping,none,3,11,kerm_03,False,16.949182510375977
clipping,none,3,11,rsna_05,False,25.441722869873047
clipping,none,3,11,rsna_07,False,19.65875816345215
clipping,none,3,11,kerm_04,False,18.053388595581055
clipping,none,3,11,rsna_09,False,20.700136184692383
clipping,none,3,11,kerm_02,False,19.93210792541504
clipping,none,3,12,rsna_07,False,21.4788875579834
clipping,none,3,12,kerm_01,False,19.899538040161133
clipping,none,3,12,kerm_03,False,19.894596099853516
clipping,none,3,12,rsna_04,False,21.345325469970703
clipping,none,3,12,rsna_12,False,20.317079544067383
clipping,none,3,12,rsna_09,False,18.98790740966797
clipping,none,3,12,rsna_11,False,21.291732788085938
clipping,none,3,12,rsna_10,False,21.118974685668945
clipping,none,3,12,rsna_03,False,20.594343185424805
clipping,none,3,12,rsna_06,False,20.241147994995117
clipping,none,3,12,rsna_08,False,17.95049476623535
clipping,none,3,12,rsna_02,False,24.42115592956543
clipping,none,3,12,kerm_02,False,17.889568328857422
clipping,none,3,12,kerm_06,False,29.678831100463867
clipping,none,3,12,kerm_08,False,23.21174430847168
clipping,none,3,13,rsna_06,False,18.858158111572266
clipping,none,3,13,rsna_01,False,22.44765853881836
clipping,none,3,13,kerm_01,False,20.279130935668945
clipping,none,3,13,rsna_02,False,22.306392669677734
clipping,none,3,13,kerm_06,False,23.734722137451172
clipping,none,3,13,rsna_12,False,20.0718994140625
clipping,none,3,13,rsna_04,False,21.611482620239258
clipping,none,3,13,rsna_09,False,19.40639305114746
clipping,none,3,13,rsna_10,False,18.43853759765625
clipping,none,3,13,rsna_11,False,18.49726676940918
clipping,none,3,13,rsna_07,False,19.351716995239258
clipping,none,3,13,kerm_05,False,25.76309585571289
clipping,none,3,13,rsna_03,False,24.894582748413086
clipping,none,3,13,kerm_03,False,21.265033721923828
clipping,none,3,13,kerm_08,False,21.202627182006836
clipping,none,3,14,rsna_09,False,19.529966354370117
clipping,none,3,14,rsna_08,False,18.507041931152344
clipping,none,3,14,kerm_05,False,35.815982818603516
clipping,none,3,14,rsna_06,False,21.889488220214844
clipping,none,3,14,kerm_04,False,29.11855125427246
clipping,none,3,14,rsna_04,False,21.003856658935547
clipping,none,3,14,kerm_06,False,27.762954711914062
clipping,none,3,14,rsna_02,False,29.43783950805664
clipping,none,3,14,kerm_07,False,21.391969680786133
clipping,none,3,14,rsna_10,False,20.95858383178711
clipping,none,3,14,rsna_03,False,27.1462345123291
clipping,none,3,14,kerm_02,False,18.602157592773438
clipping,none,3,14,kerm_08,False,21.55463981628418
clipping,none,3,14,rsna_07,False,22.315143585205078
clipping,none,3,14,rsna_05,False,19.73858070373535
clipping,none,3,15,rsna_10,False,19.695253372192383
clipping,none,3,15,rsna_05,False,30.503210067749023
clipping,none,3,15,kerm_08,False,22.147356033325195
clipping,none,3,15,rsna_03,False,26.91387939453125
clipping,none,3,15,kerm_05,False,22.638568878173828
clipping,none,3,15,rsna_11,False,18.24924659729004
clipping,none,3,15,kerm_02,False,21.083833694458008
clipping,none,3,15,rsna_01,False,29.847068786621094
clipping,none,3,15,rsna_06,False,23.21613883972168
clipping,none,3,15,rsna_12,False,19.190073013305664
clipping,none,3,15,kerm_06,False,25.636037826538086
clipping,none,3,15,kerm_03,False,19.438039779663086
clipping,none,3,15,kerm_07,False,21.08156967163086
clipping,none,3,15,rsna_02,False,23.64459228515625
clipping,none,3,15,kerm_04,False,21.245412826538086
clipping,none,3,16,rsna_09,False,25.676166534423828
clipping,none,3,16,rsna_10,False,21.370361328125
clipping,none,3,16,kerm_02,False,18.623592376708984
clipping,none,3,16,kerm_07,False,23.728595733642578
clipping,none,3,16,kerm_08,False,22.729284286499023
clipping,none,3,16,rsna_04,False,25.06130599975586
clipping,none,3,16,rsna_05,False,21.39890480041504
clipping,none,3,16,rsna_08,False,20.307228088378906
clipping,none,3,16,rsna_03,False,22.641651153564453
clipping,none,3,16,kerm_04,False,17.970834732055664
clipping,none,3,16,rsna_01,False,26.54973602294922
clipping,none,3,16,rsna_07,False,27.300188064575195
clipping,none,3,16,rsna_12,False,19.80712890625
clipping,none,3,16,kerm_03,False,17.94497299194336
clipping,none,3,16,rsna_06,False,24.969636917114258
clipping,none,3,17,rsna_08,False,19.185121536254883
clipping,none,3,17,kerm_03,False,18.554656982421875
clipping,none,3,17,rsna_04,False,29.46390724182129
clipping,none,3,17,kerm_02,False,21.324182510375977
clipping,none,3,17,rsna_03,False,22.51128387451172
clipping,none,3,17,rsna_06,False,23.311676025390625
clipping,none,3,17,rsna_01,False,25.103830337524414
clipping,none,3,17,kerm_04,False,25.013574600219727
clipping,none,3,17,kerm_05,False,24.968902587890625
clipping,none,3,17,kerm_01,False,27.881559371948242
clipping,none,3,17,rsna_11,False,20.17450714111328
clipping,none,3,17,rsna_10,False,18.789661407470703
clipping,none,3,17,rsna_09,False,20.12803840637207
clipping,none,3,17,kerm_08,False,29.89155387878418
clipping,none,3,17,rsna_07,False,33.06194305419922
clipping,none,3,18,kerm_06,False,23.81926918029785
clipping,none,3,18,rsna_02,False,23.567258834838867
clipping,none,3,18,rsna_03,False,28.55572509765625
clipping,none,3,18,rsna_06,False,24.364360809326172
clipping,none,3,18,rsna_11,False,19.321945190429688
clipping,none,3,18,kerm_04,False,34.91252136230469
clipping,none,3,18,rsna_12,False,21.451171875
clipping,none,3,18,rsna_07,False,20.056013107299805
clipping,none,3,18,rsna_10,False,19.837444305419922
clipping,none,3,18,kerm_03,False,21.145483016967773
clipping,none,3,18,rsna_04,False,32.43568420410156
clipping,none,3,18,kerm_07,False,24.699037551879883
clipping,none,3,18,rsna_01,False,24.957916259765625
clipping,none,3,18,kerm_08,False,26.029342651367188
clipping,none,3,18,rsna_05,False,22.70110511779785
clipping,none,3,19,rsna_03,False,24.019174575805664
clipping,none,3,19,kerm_05,False,22.783628463745117
clipping,none,3,19,kerm_03,False,18.145715713500977
clipping,none,3,19,kerm_02,False,18.66153907775879
clipping,none,3,19,rsna_01,False,23.515933990478516
clipping,none,3,19,kerm_06,False,22.727867126464844
clipping,none,3,19,rsna_10,False,19.645360946655273
clipping,none,3,19,kerm_01,False,23.414783477783203
clipping,none,3,19,rsna_07,False,25.491722106933594
clipping,none,3,19,rsna_09,False,18.84777069091797
clipping,none,3,19,rsna_06,False,21.8520450592041
clipping,none,3,19,rsna_12,False,21.049325942993164
clipping,none,3,19,kerm_08,False,25.45062255859375
clipping,none,3,19,rsna_05,False,32.435115814208984
clipping,none,3,19,kerm_04,False,28.868030548095703
clipping,none,3,20,rsna_06,False,26.461532592773438
clipping,none,3,20,rsna_04,False,22.012939453125
clipping,none,3,20,kerm_02,False,28.914640426635742
clipping,none,3,20,kerm_07,False,22.74773597717285
clipping,none,3,20,kerm_03,False,21.393184661865234
clipping,none,3,20,kerm_05,False,27.808900833129883
clipping,none,3,20,rsna_08,False,23.567867279052734
clipping,none,3,20,rsna_02,False,24.143356323242188
clipping,none,3,20,kerm_04,False,20.797353744506836
clipping,none,3,20,rsna_05,False,27.993196487426758
clipping,none,3,20,kerm_06,False,22.704505920410156
clipping,none,3,20,rsna_11,False,22.316852569580078
clipping,none,3,20,rsna_12,False,22.451013565063477
clipping,none,3,20,kerm_01,False,21.395362854003906
clipping,none,3,20,rsna_10,False,19.01240348815918
clipping,none,3,21,kerm_02,False,18.03081703186035
clipping,none,3,21,rsna_04,False,31.105606079101562
clipping,none,3,21,rsna_01,False,24.740650177001953
clipping,none,3,21,rsna_06,False,25.117433547973633
clipping,none,3,21,kerm_01,False,20.20742416381836
clipping,none,3,21,kerm_03,False,19.975358963012695
clipping,none,3,21,rsna_07,False,23.359878540039062
clipping,none,3,21,rsna_05,False,27.78751564025879
clipping,none,3,21,kerm_08,False,24.8060245513916
clipping,none,3,21,kerm_07,False,24.495405197143555
clipping,none,3,21,rsna_10,False,18.37848663330078
clipping,none,3,21,kerm_06,False,22.949501037597656
clipping,none,3,21,kerm_05,False,20.74982261657715
clipping,none,3,21,rsna_03,False,24.883007049560547
clipping,none,3,21,rsna_09,False,19.572593688964844
clipping,none,3,22,rsna_10,False,20.385761260986328
clipping,none,3,22,rsna_11,False,19.298259735107422
clipping,none,3,22,rsna_02,False,25.15252113342285
clipping,none,3,22,kerm_03,False,20.139116287231445
clipping,none,3,22,rsna_01,False,33.48226547241211
clipping,none,3,22,kerm_01,False,26.633316040039062
clipping,none,3,22,rsna_06,False,21.398780822753906
clipping,none,3,22,rsna_05,False,20.905244827270508
clipping,none,3,22,kerm_02,False,18.398813247680664
clipping,none,3,22,kerm_07,False,25.38117027282715
clipping,none,3,22,kerm_05,False,20.960657119750977
clipping,none,3,22,rsna_09,False,23.755352020263672
clipping,none,3,22,kerm_06,False,27.269418716430664
clipping,none,3,22,rsna_03,False,22.661409378051758
clipping,none,3,22,rsna_07,False,25.72014045715332
clipping,none,3,23,rsna_01,False,25.14910316467285
clipping,none,3,23,rsna_12,False,22.739437103271484
clipping,none,3,23,rsna_08,False,18.722339630126953
clipping,none,3,23,kerm_03,False,23.226856231689453
clipping,none,3,23,kerm_06,False,26.722896575927734
clipping,none,3,23,rsna_07,False,28.408885955810547
clipping,none,3,23,kerm_01,False,30.928497314453125
clipping,none,3,23,kerm_05,False,25.23554801940918
clipping,none,3,23,kerm_07,False,27.172218322753906
clipping,none,3,23,rsna_02,False,25.228572845458984
clipping,none,3,23,rsna_09,False,19.545766830444336
clipping,none,3,23,kerm_02,False,23.183151245117188
clipping,none,3,23,rsna_05,False,25.103837966918945
clipping,none,3,23,rsna_06,False,22.3798885345459
clipping,none,3,23,rsna_04,False,33.34623336791992
clipping,none,3,24,rsna_08,False,29.13627815246582
clipping,none,3,24,rsna_04,False,25.918949127197266
clipping,none,3,24,kerm_05,False,24.477184295654297
clipping,none,3,24,rsna_11,False,23.74892807006836
clipping,none,3,24,rsna_05,False,28.15492057800293
clipping,none,3,24,kerm_02,False,18.398853302001953
clipping,none,3,24,rsna_01,False,26.275474548339844
clipping,none,3,24,kerm_04,False,18.610559463500977
clipping,none,3,24,kerm_01,False,21.369253158569336
clipping,none,3,24,kerm_08,False,27.202274322509766
clipping,none,3,24,kerm_03,False,18.56767463684082
clipping,none,3,24,kerm_07,False,29.052865982055664
clipping,none,3,24,rsna_03,False,23.914560317993164
clipping,none,3,24,rsna_07,False,19.70936393737793
clipping,none,3,24,rsna_06,False,19.371971130371094
clipping,none,3,25,rsna_06,False,18.759244918823242
clipping,none,3,25,kerm_03,False,24.83560562133789
clipping,none,3,25,kerm_04,False,21.940427780151367
clipping,none,3,25,kerm_06,False,28.304609298706055
clipping,none,3,25,kerm_08,False,30.151721954345703
clipping,none,3,25,rsna_07,False,29.773277282714844
clipping,none,3,25,rsna_11,False,29.561845779418945
clipping,none,3,25,rsna_02,False,22.78976058959961
clipping,none,3,25,rsna_08,False,21.649559020996094
clipping,none,3,25,rsna_10,False,24.785581588745117
clipping,none,3,25,rsna_09,False,19.697322845458984
clipping,none,3,25,rsna_04,False,21.613332748413086
clipping,none,3,25,rsna_01,False,29.842256546020508
clipping,none,3,25,kerm_02,False,18.164751052856445
clipping,none,3,25,rsna_05,False,19.991891860961914
clipping,none,3,26,kerm_08,False,28.315170288085938
clipping,none,3,26,rsna_08,False,22.770122528076172
clipping,none,3,26,rsna_02,False,25.80890464782715
clipping,none,3,26,rsna_11,False,19.903459548950195
clipping,none,3,26,rsna_09,False,25.824445724487305
clipping,none,3,26,kerm_06,False,28.123151779174805
clipping,none,3,26,kerm_05,False,30.952293395996094
clipping,none,3,26,kerm_03,False,20.42047691345215
clipping,none,3,26,rsna_03,False,27.232397079467773
clipping,none,3,26,rsna_06,False,23.74818229675293
clipping,none,3,26,rsna_05,False,31.965595245361328
clipping,none,3,26,rsna_12,False,21.7453556060791
clipping,none,3,26,rsna_01,False,27.936548233032227
clipping,none,3,26,rsna_07,False,25.267122268676758
clipping,none,3,26,kerm_04,False,21.378578186035156
clipping,none,3,27,rsna_01,False,33.8927116394043
clipping,none,3,27,rsna_04,False,24.2865047454834
clipping,none,3,27,kerm_05,False,25.34859848022461
clipping,none,3,27,rsna_09,False,38.052528381347656
clipping,none,3,27,rsna_10,False,22.33101463317871
clipping,none,3,27,rsna_12,False,22.939863204956055
clipping,none,3,27,rsna_02,False,27.726530075073242
clipping,none,3,27,kerm_01,False,27.540842056274414
clipping,none,3,27,rsna_05,False,26.622913360595703
clipping,none,3,27,rsna_08,False,17.836868286132812
clipping,none,3,27,rsna_11,False,24.447402954101562
clipping,none,3,27,kerm_03,False,27.859853744506836
clipping,none,3,27,kerm_07,False,29.06134605407715
clipping,none,3,27,rsna_07,False,24.623441696166992
clipping,none,3,27,rsna_03,False,25.323678970336914
clipping,none,3,28,rsna_08,False,17.924705505371094
clipping,none,3,28,rsna_10,False,22.01590347290039
clipping,none,3,28,rsna_01,False,30.07036781311035
clipping,none,3,28,kerm_02,False,25.8343563079834
clipping,none,3,28,kerm_06,False,34.56901168823242
clipping,none,3,28,rsna_04,False,27.270132064819336
clipping,none,3,28,kerm_07,False,33.68120193481445
clipping,none,3,28,rsna_07,False,23.469863891601562
clipping,none,3,28,kerm_08,False,32.27151107788086
clipping,none,3,28,kerm_05,False,26.678998947143555
clipping,none,3,28,rsna_12,False,21.84967613220215
clipping,none,3,28,rsna_11,False,22.847131729125977
clipping,none,3,28,rsna_05,False,19.18765640258789
clipping,none,3,28,kerm_01,False,27.552968978881836
clipping,none,3,28,rsna_03,False,24.18691062927246
clipping,none,3,29,kerm_02,False,18.592226028442383
clipping,none,3,29,kerm_03,False,21.7103328704834
clipping,none,3,29,kerm_05,False,46.54684829711914
clipping,none,3,29,rsna_05,False,20.821985244750977
clipping,none,3,29,kerm_01,False,23.262828826904297
clipping,none,3,29,rsna_12,False,24.617015838623047
clipping,none,3,29,rsna_08,False,28.359821319580078
clipping,none,3,29,rsna_03,False,26.538528442382812
clipping,none,3,29,rsna_11,False,20.526235580444336
clipping,none,3,29,kerm_04,False,18.695234298706055
clipping,none,3,29,rsna_09,False,27.56327247619629
clipping,none,3,29,rsna_07,False,24.78380584716797
clipping,none,3,29,rsna_04,False,38.795127868652344
clipping,none,3,29,kerm_07,False,32.2495231628418
clipping,none,3,29,kerm_06,False,24.27208709716797
clipping,none,3,30,rsna_09,False,30.86857032775879
clipping,none,3,30,rsna_06,False,26.1375675201416
clipping,none,3,30,rsna_07,False,20.30801010131836
clipping,none,3,30,rsna_12,False,22.71399688720703
clipping,none,3,30,kerm_08,False,28.763029098510742
clipping,none,3,30,kerm_03,False,22.3245906829834
clipping,none,3,30,rsna_05,False,25.019500732421875
clipping,none,3,30,kerm_02,False,27.883758544921875
clipping,none,3,30,rsna_01,False,35.130638122558594
clipping,none,3,30,kerm_06,False,26.771717071533203
clipping,none,3,30,rsna_10,False,22.15043830871582
clipping,none,3,30,rsna_02,False,26.692630767822266
clipping,none,3,30,kerm_01,False,22.46554183959961
clipping,none,3,30,rsna_04,False,32.32341384887695
clipping,none,3,30,rsna_08,False,26.940093994140625
clipping,none,4,1,rsna_04,False,22.957292556762695
clipping,none,4,1,kerm_07,False,22.17970848083496
clipping,none,4,1,rsna_02,False,23.488018035888672
clipping,none,4,1,kerm_02,False,22.726097106933594
clipping,none,4,1,rsna_10,False,22.286954879760742
clipping,none,4,1,rsna_08,False,22.54477882385254
clipping,none,4,1,rsna_11,False,22.415456771850586
clipping,none,4,1,kerm_05,False,22.19849967956543
clipping,none,4,1,rsna_06,False,22.755245208740234
clipping,none,4,1,rsna_01,False,23.095056533813477
clipping,none,4,1,rsna_03,False,23.699995040893555
clipping,none,4,1,rsna_12,False,22.2756290435791
clipping,none,4,1,rsna_09,False,22.859132766723633
clipping,none,4,1,rsna_07,False,23.15778160095215
clipping,none,4,1,kerm_08,False,22.37786865234375
clipping,none,4,2,rsna_06,False,18.903913497924805
clipping,none,4,2,kerm_06,False,17.83473777770996
clipping,none,4,2,kerm_03,False,17.06169319152832
clipping,none,4,2,rsna_04,False,18.80548667907715
clipping,none,4,2,rsna_09,False,17.884912490844727
clipping,none,4,2,kerm_08,False,17.099206924438477
clipping,none,4,2,rsna_08,False,17.87070655822754
clipping,none,4,2,rsna_12,False,17.659107208251953
clipping,none,4,2,rsna_11,False,18.230010986328125
clipping,none,4,2,rsna_02,False,19.370332717895508
clipping,none,4,2,rsna_03,False,18.91270637512207
clipping,none,4,2,rsna_05,False,19.657230377197266
clipping,none,4,2,kerm_07,False,17.974655151367188
clipping,none,4,2,rsna_07,False,18.126033782958984
clipping,none,4,2,rsna_01,False,19.60421371459961
clipping,none,4,3,kerm_01,False,17.721961975097656
clipping,none,4,3,rsna_08,False,18.802886962890625
clipping,none,4,3,kerm_02,False,18.616628646850586
clipping,none,4,3,kerm_08,False,20.400606155395508
clipping,none,4,3,rsna_01,False,22.27667999267578
clipping,none,4,3,rsna_10,False,20.059612274169922
clipping,none,4,3,kerm_06,False,20.51925277709961
clipping,none,4,3,rsna_11,False,18.809900283813477
clipping,none,4,3,rsna_09,False,18.932331085205078
clipping,none,4,3,kerm_05,False,18.542570114135742
clipping,none,4,3,rsna_03,False,21.121658325195312
clipping,none,4,3,kerm_07,False,19.418155670166016
clipping,none,4,3,rsna_06,False,18.632322311401367
clipping,none,4,3,rsna_04,False,19.195268630981445
clipping,none,4,3,rsna_05,False,18.533489227294922
clipping,none,4,4,kerm_01,False,17.425813674926758
clipping,none,4,4,rsna_12,False,19.3010196685791
clipping,none,4,4,rsna_06,False,20.645755767822266
clipping,none,4,4,rsna_07,False,19.422887802124023
clipping,none,4,4,kerm_02,False,17.652502059936523
clipping,none,4,4,kerm_04,False,17.671003341674805
clipping,none,4,4,rsna_05,False,19.45835304260254
clipping,none,4,4,rsna_04,False,18.84827995300293
clipping,none,4,4,rsna_11,False,18.278757095336914
clipping,none,4,4,rsna_03,False,21.455190658569336
clipping,none,4,4,kerm_07,False,18.86065101623535
clipping,none,4,4,rsna_08,False,18.800453186035156
clipping,none,4,4,rsna_01,False,24.046707153320312
clipping,none,4,4,kerm_03,False,17.769758224487305
clipping,none,4,4,kerm_08,False,20.613487243652344
clipping,none,4,5,rsna_11,False,18.860597610473633
clipping,none,4,5,rsna_09,False,19.103412628173828
clipping,none,4,5,kerm_01,False,17.518314361572266
clipping,none,4,5,kerm_04,False,18.410688400268555
clipping,none,4,5,kerm_06,False,19.77901840209961
clipping,none,4,5,rsna_06,False,19.84226417541504
clipping,none,4,5,kerm_02,False,18.73377799987793
clipping,none,4,5,rsna_12,False,18.7037296295166
clipping,none,4,5,rsna_05,False,19.400711059570312
clipping,none,4,5,rsna_07,False,18.407106399536133
clipping,none,4,5,rsna_02,False,23.440561294555664
clipping,none,4,5,kerm_08,False,20.776235580444336
clipping,none,4,5,kerm_07,False,19.869768142700195
clipping,none,4,5,kerm_03,False,17.05548667907715
clipping,none,4,5,rsna_10,False,18.573638916015625
clipping,none,4,6,rsna_02,False,23.106603622436523
clipping,none,4,6,rsna_11,False,18.716279983520508
clipping,none,4,6,rsna_04,False,23.117631912231445
clipping,none,4,6,rsna_12,False,18.05007553100586
clipping,none,4,6,kerm_07,False,19.46419906616211
clipping,none,4,6,kerm_08,False,20.356182098388672
clipping,none,4,6,rsna_03,False,24.55914306640625
clipping,none,4,6,rsna_07,False,19.30271339416504
clipping,none,4,6,kerm_03,False,18.360952377319336
clipping,none,4,6,kerm_04,False,17.487815856933594
clipping,none,4,6,kerm_06,False,18.174739837646484
clipping,none,4,6,rsna_05,False,22.40169906616211
clipping,none,4,6,kerm_05,False,16.656986236572266
clipping,none,4,6,kerm_02,False,18.782175064086914
clipping,none,4,6,kerm_01,False,19.274290084838867
clipping,none,4,7,rsna_02,False,23.85192108154297
clipping,none,4,7,kerm_05,False,20.57288932800293
clipping,none,4,7,rsna_05,False,20.59746742248535
clipping,none,4,7,rsna_06,False,20.817920684814453
clipping,none,4,7,kerm_01,False,19.223838806152344
clipping,none,4,7,rsna_01,False,29.142499923706055
clipping,none,4,7,rsna_09,False,20.106487274169922
clipping,none,4,7,kerm_04,False,18.607662200927734
clipping,none,4,7,kerm_06,False,19.032697677612305
clipping,none,4,7,rsna_11,False,18.345829010009766
clipping,none,4,7,kerm_03,False,19.04769515991211
clipping,none,4,7,rsna_10,False,19.77712631225586
clipping,none,4,7,rsna_04,False,21.969581604003906
clipping,none,4,7,rsna_12,False,19.76418685913086
clipping,none,4,7,rsna_08,False,19.5414981842041
clipping,none,4,8,kerm_01,False,19.395191192626953
clipping,none,4,8,kerm_04,False,19.0574893951416
clipping,none,4,8,kerm_07,False,21.562204360961914
clipping,none,4,8,rsna_04,False,19.656309127807617
clipping,none,4,8,rsna_08,False,19.796661376953125
clipping,none,4,8,kerm_08,False,22.174571990966797
clipping,none,4,8,rsna_09,False,21.202911376953125
clipping,none,4,8,rsna_05,False,19.1375732421875
clipping,none,4,8,rsna_07,False,19.7058162689209
clipping,none,4,8,rsna_12,False,22.8172664642334
clipping,none,4,8,kerm_06,False,22.33993911743164
clipping,none,4,8,rsna_11,False,19.950971603393555
clipping,none,4,8,rsna_02,False,22.013975143432617
clipping,none,4,8,kerm_02,False,19.156417846679688
clipping,none,4,8,rsna_06,False,20.894203186035156
clipping,none,4,9,kerm_07,False,20.324554443359375
clipping,none,4,9,rsna_05,False,21.965059280395508
clipping,none,4,9,kerm_05,False,18.124553680419922
clipping,none,4,9,kerm_01,False,23.691402435302734
clipping,none,4,9,rsna_09,False,19.036178588867188
clipping,none,4,9,kerm_03,False,21.372390747070312
clipping,none,4,9,rsna_02,False,22.60764503479004
clipping,none,4,9,kerm_02,False,21.159086227416992
clipping,none,4,9,kerm_08,False,19.544878005981445
clipping,none,4,9,rsna_06,False,20.087732315063477
clipping,none,4,9,rsna_04,False,22.686019897460938
clipping,none,4,9,rsna_10,False,21.739002227783203
clipping,none,4,9,rsna_07,False,24.115066528320312
clipping,none,4,9,kerm_06,False,19.639253616333008
clipping,none,4,9,rsna_03,False,25.358936309814453
clipping,none,4,10,kerm_06,False,21.27181625366211
clipping,none,4,10,rsna_02,False,22.84494400024414
clipping,none,4,10,rsna_01,False,22.976686477661133
clipping,none,4,10,rsna_07,False,22.063678741455078
clipping,none,4,10,kerm_05,False,19.629024505615234
clipping,none,4,10,kerm_04,False,19.813047409057617
clipping,none,4,10,rsna_08,False,21.273244857788086
clipping,none,4,10,kerm_01,False,20.108627319335938
clipping,none,4,10,kerm_02,False,19.240135192871094
clipping,none,4,10,kerm_08,False,22.60854148864746
clipping,none,4,10,rsna_05,False,19.329936981201172
clipping,none,4,10,rsna_04,False,20.614131927490234
clipping,none,4,10,rsna_06,False,20.59644317626953
clipping,none,4,10,kerm_03,False,18.555517196655273
clipping,none,4,10,rsna_03,False,26.255897521972656
clipping,none,4,11,kerm_06,False,20.447282791137695
clipping,none,4,11,kerm_07,False,22.880409240722656
clipping,none,4,11,rsna_12,False,20.93341827392578
clipping,none,4,11,kerm_05,False,21.072540283203125
clipping,none,4,11,rsna_10,False,22.862775802612305
clipping,none,4,11,rsna_08,False,24.154407501220703
clipping,none,4,11,rsna_04,False,24.887344360351562
clipping,none,4,11,kerm_08,False,23.042734146118164
clipping,none,4,11,rsna_07,False,21.107603073120117
clipping,none,4,11,kerm_01,False,20.494905471801758
clipping,none,4,11,rsna_06,False,21.924943923950195
clipping,none,4,11,rsna_02,False,22.750003814697266
clipping,none,4,11,kerm_04,False,20.119136810302734
clipping,none,4,11,rsna_01,False,25.79351806640625
clipping,none,4,11,rsna_09,False,21.049510955810547
clipping,none,4,12,rsna_05,False,23.971982955932617
clipping,none,4,12,rsna_09,False,18.36713218688965
clipping,none,4,12,rsna_10,False,22.542829513549805
clipping,none,4,12,rsna_08,False,25.939207077026367
clipping,none,4,12,kerm_08,False,21.904512405395508
clipping,none,4,12,rsna_02,False,23.964277267456055
clipping,none,4,12,kerm_07,False,20.785001754760742
clipping,none,4,12,rsna_01,False,25.887805938720703
clipping,none,4,12,rsna_11,False,21.318593978881836
clipping,none,4,12,kerm_06,False,21.3799991607666
clipping,none,4,12,kerm_03,False,18.057111740112305
clipping,none,4,12,rsna_12,False,19.475139617919922
clipping,none,4,12,kerm_04,False,19.773719787597656
clipping,none,4,12,rsna_03,False,24.354759216308594
clipping,none,4,12,rsna_07,False,19.857498168945312
clipping,none,4,13,rsna_01,False,25.712080001831055
clipping,none,4,13,rsna_04,False,23.589136123657227
clipping,none,4,13,rsna_03,False,25.789756774902344
clipping,none,4,13,kerm_03,False,25.857454299926758
clipping,none,4,13,rsna_08,False,20.89271354675293
clipping,none,4,13,rsna_09,False,19.69236183166504
clipping,none,4,13,kerm_07,False,20.687402725219727
clipping,none,4,13,rsna_10,False,19.66643714904785
clipping,none,4,13,rsna_05,False,20.328710556030273
clipping,none,4,13,kerm_06,False,20.505504608154297
clipping,none,4,13,kerm_01,False,22.65534782409668
clipping,none,4,13,rsna_12,False,20.79598045349121
clipping,none,4,13,rsna_06,False,21.3466854095459
clipping,none,4,13,rsna_07,False,18.457706451416016
clipping,none,4,13,kerm_02,False,22.641422271728516
clipping,none,4,14,kerm_01,False,21.854022979736328
clipping,none,4,14,rsna_09,False,21.114519119262695
clipping,none,4,14,rsna_05,False,30.19773292541504
clipping,none,4,14,kerm_02,False,22.09674072265625
clipping,none,4,14,rsna_01,False,24.396015167236328
clipping,none,4,14,rsna_10,False,21.575834274291992
clipping,none,4,14,kerm_08,False,23.364093780517578
clipping,none,4,14,rsna_04,False,21.081483840942383
clipping,none,4,14,rsna_11,False,21.772258758544922
clipping,none,4,14,rsna_03,False,26.1334171295166
clipping,none,4,14,kerm_03,False,21.720428466796875
clipping,none,4,14,kerm_05,False,20.072599411010742
clipping,none,4,14,rsna_02,False,28.199874877929688
clipping,none,4,14,rsna_06,False,19.50185775756836
clipping,none,4,14,kerm_07,False,25.073652267456055
clipping,none,4,15,rsna_04,False,19.783323287963867
clipping,none,4,15,rsna_02,False,23.11307716369629
clipping,none,4,15,kerm_04,False,24.136476516723633
clipping,none,4,15,kerm_06,False,22.671127319335938
clipping,none,4,15,kerm_03,False,22.829980850219727
clipping,none,4,15,rsna_06,False,22.039838790893555
clipping,none,4,15,rsna_03,False,28.795181274414062
clipping,none,4,15,kerm_02,False,20.610504150390625
clipping,none,4,15,rsna_05,False,22.191017150878906
clipping,none,4,15,rsna_10,False,28.65224838256836
clipping,none,4,15,rsna_01,False,25.81827163696289
clipping,none,4,15,rsna_08,False,26.819360733032227
clipping,none,4,15,rsna_11,False,19.611980438232422
clipping,none,4,15,rsna_09,False,21.817852020263672
clipping,none,4,15,kerm_07,False,26.10204315185547
clipping,none,4,16,rsna_02,False,22.475608825683594
clipping,none,4,16,kerm_07,False,23.949857711791992
clipping,none,4,16,rsna_10,False,23.517518997192383
clipping,none,4,16,rsna_11,False,33.559505462646484
clipping,none,4,16,kerm_06,False,22.073280334472656
clipping,none,4,16,rsna_01,False,25.064847946166992
clipping,none,4,16,kerm_08,False,27.395835876464844
clipping,none,4,16,kerm_03,False,20.527345657348633
clipping,none,4,16,kerm_05,False,21.35138702392578
clipping,none,4,16,rsna_12,False,22.74134635925293
clipping,none,4,16,kerm_04,False,20.34393310546875
clipping,none,4,16,rsna_09,False,20.000526428222656
clipping,none,4,16,rsna_04,False,20.51611328125
clipping,none,4,16,rsna_07,False,19.86179542541504
clipping,none,4,16,rsna_05,False,19.14327049255371
clipping,none,4,17,rsna_03,False,28.140409469604492
clipping,none,4,17,rsna_07,False,24.405553817749023
clipping,none,4,17,rsna_11,False,24.36822509765625
clipping,none,4,17,rsna_02,False,31.574644088745117
clipping,none,4,17,rsna_04,False,24.018651962280273
clipping,none,4,17,kerm_02,False,35.451778411865234
clipping,none,4,17,kerm_03,False,24.76224136352539
clipping,none,4,17,rsna_09,False,21.320066452026367
clipping,none,4,17,kerm_01,False,32.16922378540039
clipping,none,4,17,kerm_06,False,23.15863609313965
clipping,none,4,17,kerm_07,False,23.03949546813965
clipping,none,4,17,rsna_06,False,28.46038246154785
clipping,none,4,17,rsna_01,False,28.382347106933594
clipping,none,4,17,rsna_05,False,33.38106155395508
clipping,none,4,17,kerm_04,False,22.45561981201172
clipping,none,4,18,kerm_07,False,27.878015518188477
clipping,none,4,18,rsna_01,False,31.24654197692871
clipping,none,4,18,kerm_03,False,19.84913444519043
clipping,none,4,18,rsna_11,False,23.204456329345703
clipping,none,4,18,rsna_05,False,24.829792022705078
clipping,none,4,18,rsna_10,False,35.50737762451172
clipping,none,4,18,rsna_04,False,20.882360458374023
clipping,none,4,18,rsna_03,False,23.8444766998291
clipping,none,4,18,kerm_06,False,26.762256622314453
clipping,none,4,18,rsna_06,False,23.247638702392578
clipping,none,4,18,rsna_08,False,40.4046516418457
clipping,none,4,18,rsna_02,False,25.814096450805664
clipping,none,4,18,kerm_05,False,23.533079147338867
clipping,none,4,18,kerm_02,False,20.12754249572754
clipping,none,4,18,rsna_12,False,23.281108856201172
clipping,none,4,19,rsna_05,False,25.15528678894043
clipping,none,4,19,kerm_04,False,21.213184356689453
clipping,none,4,19,rsna_10,False,30.905780792236328
clipping,none,4,19,kerm_02,False,35.66499328613281
clipping,none,4,19,rsna_04,False,28.79473304748535
clipping,none,4,19,rsna_02,False,24.11968231201172
clipping,none,4,19,rsna_03,False,24.552541732788086
clipping,none,4,19,rsna_11,False,22.885549545288086
clipping,none,4,19,rsna_06,False,22.057613372802734
clipping,none,4,19,rsna_01,False,35.68865966796875
clipping,none,4,19,rsna_07,False,20.45450210571289
clipping,none,4,19,rsna_08,False,26.683475494384766
clipping,none,4,19,kerm_07,False,24.754674911499023
clipping,none,4,19,kerm_03,False,22.56507682800293
clipping,none,4,19,kerm_08,False,26.568361282348633
clipping,none,4,20,kerm_08,False,28.226604461669922
clipping,none,4,20,rsna_07,False,19.630510330200195
clipping,none,4,20,rsna_08,False,24.426654815673828
clipping,none,4,20,rsna_06,False,19.36183738708496
clipping,none,4,20,rsna_01,False,42.54500961303711
clipping,none,4,20,rsna_02,False,35.878265380859375
clipping,none,4,20,rsna_09,False,23.742433547973633
clipping,none,4,20,rsna_10,False,20.002338409423828
clipping,none,4,20,rsna_03,False,25.065122604370117
clipping,none,4,20,kerm_04,False,20.761184692382812
clipping,none,4,20,kerm_05,False,25.86349105834961
clipping,none,4,20,kerm_07,False,24.674135208129883
clipping,none,4,20,rsna_05,False,19.878665924072266
clipping,none,4,20,kerm_06,False,25.257598876953125
clipping,none,4,20,kerm_03,False,21.771041870117188
clipping,none,4,21,kerm_06,False,21.677982330322266
clipping,none,4,21,rsna_11,False,21.33008575439453
clipping,none,4,21,rsna_10,False,30.4444637298584
clipping,none,4,21,rsna_08,False,29.67819595336914
clipping,none,4,21,kerm_08,False,25.1695499420166
clipping,none,4,21,rsna_05,False,24.18400764465332
clipping,none,4,21,kerm_01,False,29.536243438720703
clipping,none,4,21,rsna_07,False,26.21399688720703
clipping,none,4,21,rsna_02,False,26.115205764770508
clipping,none,4,21,rsna_06,False,23.43025779724121
clipping,none,4,21,rsna_09,False,23.540136337280273
clipping,none,4,21,kerm_03,False,24.414505004882812
clipping,none,4,21,rsna_01,False,28.244070053100586
clipping,none,4,21,kerm_07,False,25.588298797607422
clipping,none,4,21,rsna_12,False,23.638959884643555
clipping,none,4,22,rsna_06,False,34.2811164855957
clipping,none,4,22,rsna_08,False,32.95224380493164
clipping,none,4,22,rsna_09,False,19.661964416503906
clipping,none,4,22,rsna_12,False,22.74718475341797
clipping,none,4,22,rsna_03,False,29.55611801147461
clipping,none,4,22,kerm_03,False,24.527915954589844
clipping,none,4,22,rsna_07,False,23.121810913085938
clipping,none,4,22,kerm_07,False,22.909282684326172
clipping,none,4,22,kerm_04,False,25.536983489990234
clipping,none,4,22,kerm_01,False,27.543577194213867
clipping,none,4,22,rsna_02,False,35.1939697265625
clipping,none,4,22,kerm_06,False,24.243066787719727
clipping,none,4,22,rsna_05,False,22.96413230895996
clipping,none,4,22,kerm_08,False,30.60886001586914
clipping,none,4,22,kerm_05,False,22.995216369628906
clipping,none,4,23,rsna_08,False,23.567346572875977
clipping,none,4,23,rsna_11,False,21.53272819519043
clipping,none,4,23,rsna_05,False,29.752853393554688
clipping,none,4,23,kerm_07,False,27.363218307495117
clipping,none,4,23,kerm_03,False,31.1312255859375
clipping,none,4,23,rsna_09,False,20.00017547607422
clipping,none,4,23,kerm_06,False,22.428688049316406
clipping,none,4,23,rsna_07,False,27.000442504882812
clipping,none,4,23,rsna_10,False,25.309438705444336
clipping,none,4,23,rsna_12,False,26.24139404296875
clipping,none,4,23,rsna_04,False,25.413354873657227
clipping,none,4,23,rsna_01,False,33.687232971191406
clipping,none,4,23,rsna_02,False,28.877595901489258
clipping,none,4,23,rsna_03,False,28.65480613708496
clipping,none,4,23,kerm_08,False,26.363204956054688
clipping,none,4,24,kerm_08,False,29.146835327148438
clipping,none,4,24,rsna_02,False,31.77964210510254
clipping,none,4,24,kerm_05,False,23.38533592224121
clipping,none,4,24,rsna_08,False,26.153352737426758
clipping,none,4,24,rsna_07,False,33.76292419433594
clipping,none,4,24,rsna_09,False,22.66104507446289
clipping,none,4,24,kerm_01,False,43.802303314208984
clipping,none,4,24,kerm_02,False,36.07601547241211
clipping,none,4,24,rsna_12,False,27.49001121520996
clipping,none,4,24,rsna_01,False,44.00712585449219
clipping,none,4,24,rsna_03,False,34.7764778137207
clipping,none,4,24,rsna_05,False,25.17780113220215
clipping,none,4,24,rsna_06,False,22.938201904296875
clipping,none,4,24,rsna_04,False,25.302248001098633
clipping,none,4,24,kerm_03,False,21.391008377075195
clipping,none,4,25,rsna_09,False,21.709463119506836
clipping,none,4,25,rsna_10,False,37.41046142578125
clipping,none,4,25,rsna_06,False,27.131942749023438
clipping,none,4,25,rsna_03,False,36.518367767333984
clipping,none,4,25,rsna_07,False,20.988231658935547
clipping,none,4,25,kerm_01,False,26.760713577270508
clipping,none,4,25,rsna_12,False,27.085710525512695
clipping,none,4,25,kerm_02,False,41.90370559692383
clipping,none,4,25,rsna_04,False,22.351879119873047
clipping,none,4,25,rsna_01,False,32.1950569152832
clipping,none,4,25,rsna_08,False,25.057926177978516
clipping,none,4,25,kerm_05,False,27.498809814453125
clipping,none,4,25,kerm_07,False,28.997703552246094
clipping,none,4,25,kerm_06,False,35.47943115234375
clipping,none,4,25,rsna_02,False,25.93048858642578
clipping,none,4,26,kerm_02,False,23.135175704956055
clipping,none,4,26,rsna_10,False,22.644502639770508
clipping,none,4,26,rsna_06,False,25.360319137573242
clipping,none,4,26,rsna_12,False,23.330446243286133
clipping,none,4,26,kerm_05,False,28.701135635375977
clipping,none,4,26,rsna_08,False,40.8795166015625
clipping,none,4,26,rsna_07,False,30.56142807006836
clipping,none,4,26,rsna_03,False,26.671649932861328
clipping,none,4,26,rsna_04,False,24.116117477416992
clipping,none,4,26,kerm_08,False,29.569673538208008
clipping,none,4,26,kerm_01,False,25.017072677612305
clipping,none,4,26,kerm_07,False,29.044321060180664
clipping,none,4,26,rsna_05,False,25.528711318969727
clipping,none,4,26,rsna_11,False,23.405563354492188
clipping,none,4,26,rsna_09,False,20.955827713012695
clipping,none,4,27,rsna_06,False,22.168933868408203
clipping,none,4,27,rsna_01,False,37.327816009521484
clipping,none,4,27,rsna_04,False,29.45503807067871
clipping,none,4,27,kerm_08,False,29.672855377197266
clipping,none,4,27,rsna_11,False,43.52263641357422
clipping,none,4,27,rsna_08,False,27.012611389160156
clipping,none,4,27,rsna_10,False,28.767879486083984
clipping,none,4,27,rsna_02,False,39.428836822509766
clipping,none,4,27,kerm_02,False,22.746009826660156
clipping,none,4,27,kerm_01,False,29.21804428100586
clipping,none,4,27,rsna_03,False,30.180021286010742
clipping,none,4,27,kerm_06,False,35.279815673828125
clipping,none,4,27,kerm_03,False,25.238704681396484
clipping,none,4,27,rsna_12,False,24.402238845825195
clipping,none,4,27,rsna_05,False,27.595754623413086
clipping,none,4,28,kerm_06,False,28.073863983154297
clipping,none,4,28,rsna_02,False,30.486448287963867
clipping,none,4,28,rsna_12,False,33.281028747558594
clipping,none,4,28,rsna_06,False,24.380640029907227
clipping,none,4,28,rsna_03,False,33.293785095214844
clipping,none,4,28,rsna_01,False,29.19192123413086
clipping,none,4,28,kerm_01,False,23.10871124267578
clipping,none,4,28,rsna_04,False,25.920291900634766
clipping,none,4,28,rsna_10,False,22.29637336730957
clipping,none,4,28,rsna_05,False,24.887691497802734
clipping,none,4,28,kerm_07,False,28.97829246520996
clipping,none,4,28,kerm_08,False,34.2052001953125
clipping,none,4,28,kerm_02,False,32.36602783203125
clipping,none,4,28,rsna_08,False,40.455474853515625
clipping,none,4,28,rsna_11,False,25.670066833496094
clipping,none,4,29,kerm_01,False,34.90038299560547
clipping,none,4,29,kerm_06,False,25.743165969848633
clipping,none,4,29,kerm_02,False,24.176883697509766
clipping,none,4,29,rsna_11,False,27.760271072387695
clipping,none,4,29,rsna_10,False,23.899433135986328
clipping,none,4,29,rsna_04,False,32.66862487792969
clipping,none,4,29,rsna_05,False,31.5843448638916
clipping,none,4,29,rsna_12,False,23.644887924194336
clipping,none,4,29,kerm_03,False,35.22715377807617
clipping,none,4,29,rsna_07,False,24.660869598388672
clipping,none,4,29,rsna_08,False,31.556676864624023
clipping,none,4,29,rsna_01,False,40.858489990234375
clipping,none,4,29,rsna_06,False,41.841766357421875
clipping,none,4,29,kerm_04,False,25.7752742767334
clipping,none,4,29,kerm_08,False,41.782379150390625
clipping,none,4,30,rsna_08,False,20.89052391052246
clipping,none,4,30,rsna_10,False,24.0043888092041
clipping,none,4,30,rsna_05,False,24.893766403198242
clipping,none,4,30,rsna_02,False,30.2684268951416
clipping,none,4,30,kerm_03,False,34.85823440551758
clipping,none,4,30,rsna_04,False,58.49032211303711
clipping,none,4,30,rsna_12,False,20.388418197631836
clipping,none,4,30,rsna_09,False,24.50505828857422
clipping,none,4,30,kerm_02,False,42.952980041503906
clipping,none,4,30,kerm_01,False,28.853710174560547
clipping,none,4,30,kerm_05,False,25.631071090698242
clipping,none,4,30,rsna_07,False,27.154516220092773
clipping,none,4,30,rsna_06,False,25.827106475830078
clipping,none,4,30,rsna_03,False,37.032928466796875
clipping,none,4,30,rsna_11,False,24.13051414489746
clipping,stealthy,0,1,kerm_03,False,22.675161361694336
clipping,stealthy,0,1,kerm_05,False,22.583099365234375
clipping,stealthy,0,1,rsna_08,False,22.60469627380371
clipping,stealthy,0,1,rsna_11,False,22.1021728515625
clipping,stealthy,0,1,kerm_04,False,22.470598220825195
clipping,stealthy,0,1,rsna_07,False,23.213422775268555
clipping,stealthy,0,1,kerm_06,False,22.593978881835938
clipping,stealthy,0,1,kerm_01,False,23.626413345336914
clipping,stealthy,0,1,rsna_02,False,22.829133987426758
clipping,stealthy,0,1,kerm_08,False,22.98975372314453
clipping,stealthy,0,1,rsna_12,False,22.653385162353516
clipping,stealthy,0,1,rsna_04,False,22.91466522216797
clipping,stealthy,0,1,rsna_05,False,22.801273345947266
clipping,stealthy,0,1,rsna_06,False,23.003292083740234
clipping,stealthy,0,1,rsna_03,False,23.262514114379883
clipping,stealthy,0,2,kerm_03,False,16.639514923095703
clipping,stealthy,0,2,rsna_08,False,18.489009857177734
clipping,stealthy,0,2,kerm_06,False,16.714059829711914
clipping,stealthy,0,2,rsna_06,False,18.037681579589844
clipping,stealthy,0,2,rsna_01,False,20.415760040283203
clipping,stealthy,0,2,rsna_03,False,18.832351684570312
clipping,stealthy,0,2,rsna_09,False,18.53769874572754
clipping,stealthy,0,2,kerm_01,False,17.936338424682617
clipping,stealthy,0,2,rsna_11,False,18.347801208496094
clipping,stealthy,0,2,rsna_10,False,17.84251594543457
clipping,stealthy,0,2,kerm_02,False,17.11748695373535
clipping,stealthy,0,2,rsna_05,False,18.530683517456055
clipping,stealthy,0,2,kerm_07,False,17.852706909179688
clipping,stealthy,0,2,kerm_08,False,17.301897048950195
clipping,stealthy,0,2,kerm_05,False,17.514036178588867
clipping,stealthy,0,3,rsna_10,False,18.319713592529297
clipping,stealthy,0,3,rsna_06,False,18.54701042175293
clipping,stealthy,0,3,rsna_04,False,19.44794464111328
clipping,stealthy,0,3,kerm_07,False,18.517026901245117
clipping,stealthy,0,3,rsna_12,False,19.031869888305664
clipping,stealthy,0,3,kerm_05,False,17.691795349121094
clipping,stealthy,0,3,kerm_08,False,18.488983154296875
clipping,stealthy,0,3,rsna_07,False,17.821775436401367
clipping,stealthy,0,3,rsna_01,False,24.692827224731445
clipping,stealthy,0,3,rsna_03,False,19.36672592163086
clipping,stealthy,0,3,rsna_11,False,19.048076629638672
clipping,stealthy,0,3,kerm_06,False,17.990800857543945
clipping,stealthy,0,3,rsna_09,False,17.63147735595703
clipping,stealthy,0,3,rsna_08,False,17.839704513549805
clipping,stealthy,0,3,kerm_02,False,16.66377067565918
clipping,stealthy,0,4,rsna_03,False,20.333608627319336
clipping,stealthy,0,4,kerm_08,False,19.283815383911133
clipping,stealthy,0,4,rsna_05,False,20.313522338867188
clipping,stealthy,0,4,kerm_06,False,18.46141815185547
clipping,stealthy,0,4,rsna_06,False,19.20539093017578
clipping,stealthy,0,4,kerm_01,False,18.53495216369629
clipping,stealthy,0,4,rsna_08,False,18.85421371459961
clipping,stealthy,0,4,kerm_04,False,18.708072662353516
clipping,stealthy,0,4,rsna_04,False,19.542837142944336
clipping,stealthy,0,4,kerm_07,False,19.74848175048828
clipping,stealthy,0,4,kerm_03,False,17.10341453552246
clipping,stealthy,0,4,rsna_07,False,18.767013549804688
clipping,stealthy,0,4,kerm_02,False,17.52609634399414
clipping,stealthy,0,4,rsna_01,False,22.587961196899414
clipping,stealthy,0,4,rsna_02,False,24.015859603881836
clipping,stealthy,0,5,kerm_02,False,16.71634292602539
clipping,stealthy,0,5,rsna_04,False,20.204532623291016
clipping,stealthy,0,5,rsna_11,False,20.094825744628906
clipping,stealthy,0,5,kerm_06,False,22.62786293029785
clipping,stealthy,0,5,kerm_03,False,18.40199089050293
clipping,stealthy,0,5,rsna_06,False,19.303869247436523
clipping,stealthy,0,5,rsna_09,False,18.675067901611328
clipping,stealthy,0,5,rsna_03,False,21.248966217041016
clipping,stealthy,0,5,kerm_01,False,17.59003257751465
clipping,stealthy,0,5,kerm_05,False,18.513532638549805
clipping,stealthy,0,5,rsna_12,False,19.999813079833984
clipping,stealthy,0,5,rsna_07,False,19.066753387451172
clipping,stealthy,0,5,kerm_07,False,20.967172622680664
clipping,stealthy,0,5,rsna_10,False,18.47618293762207
clipping,stealthy,0,5,rsna_02,False,19.8554630279541
clipping,stealthy,0,6,rsna_05,False,20.662752151489258
clipping,stealthy,0,6,rsna_11,False,19.200937271118164
clipping,stealthy,0,6,kerm_02,False,17.036645889282227
clipping,stealthy,0,6,rsna_07,False,18.977739334106445
clipping,stealthy,0,6,kerm_04,False,18.3020076751709
clipping,stealthy,0,6,rsna_01,False,22.811134338378906
clipping,stealthy,0,6,kerm_03,False,18.955045700073242
clipping,stealthy,0,6,kerm_06,False,21.40910530090332
clipping,stealthy,0,6,kerm_08,False,19.941238403320312
clipping,stealthy,0,6,rsna_03,False,20.997020721435547
clipping,stealthy,0,6,kerm_05,False,21.900863647460938
clipping,stealthy,0,6,rsna_02,False,24.79081916809082
clipping,stealthy,0,6,kerm_01,False,18.000774383544922
clipping,stealthy,0,6,rsna_08,False,19.211395263671875
clipping,stealthy,0,6,rsna_10,False,19.104684829711914
clipping,stealthy,0,7,rsna_07,False,18.48750877380371
clipping,stealthy,0,7,rsna_01,False,28.370405197143555
clipping,stealthy,0,7,rsna_08,False,18.23179817199707
clipping,stealthy,0,7,kerm_06,False,19.227519989013672
clipping,stealthy,0,7,rsna_09,False,18.31570816040039
clipping,stealthy,0,7,rsna_05,False,20.642900466918945
clipping,stealthy,0,7,rsna_04,False,20.028820037841797
clipping,stealthy,0,7,kerm_02,False,17.482295989990234
clipping,stealthy,0,7,rsna_06,False,19.661449432373047
clipping,stealthy,0,7,rsna_03,False,20.60610008239746
clipping,stealthy,0,7,kerm_07,False,20.087158203125
clipping,stealthy,0,7,rsna_02,False,23.897851943969727
clipping,stealthy,0,7,kerm_03,False,17.811567306518555
clipping,stealthy,0,7,kerm_01,False,17.866817474365234
clipping,stealthy,0,7,rsna_12,False,19.900014877319336
clipping,stealthy,0,8,kerm_04,False,22.140745162963867
clipping,stealthy,0,8,kerm_07,False,24.585481643676758
clipping,stealthy,0,8,rsna_02,False,20.33144187927246
clipping,stealthy,0,8,rsna_01,False,25.1336669921875
clipping,stealthy,0,8,kerm_03,False,20.561861038208008
clipping,stealthy,0,8,rsna_07,False,18.92818260192871
clipping,stealthy,0,8,kerm_01,False,17.69701385498047
clipping,stealthy,0,8,rsna_11,False,19.479106903076172
clipping,stealthy,0,8,rsna_06,False,20.195579528808594
clipping,stealthy,0,8,kerm_02,False,18.63199806213379
clipping,stealthy,0,8,rsna_03,False,19.496376037597656
clipping,stealthy,0,8,kerm_06,False,22.183073043823242
clipping,stealthy,0,8,kerm_08,False,23.571125030517578
clipping,stealthy,0,8,rsna_08,False,19.631114959716797
clipping,stealthy,0,8,rsna_09,False,18.76474380493164
clipping,stealthy,0,9,rsna_07,False,19.547245025634766
clipping,stealthy,0,9,kerm_08,False,21.973461151123047
clipping,stealthy,0,9,kerm_05,False,18.47968292236328
clipping,stealthy,0,9,rsna_09,False,18.610170364379883
clipping,stealthy,0,9,rsna_02,False,23.566709518432617
clipping,stealthy,0,9,kerm_06,False,23.704750061035156
clipping,stealthy,0,9,rsna_12,False,19.38218116760254
clipping,stealthy,0,9,kerm_07,False,24.246501922607422
clipping,stealthy,0,9,rsna_05,False,22.420652389526367
clipping,stealthy,0,9,rsna_11,False,20.95232391357422
clipping,stealthy,0,9,kerm_03,False,17.990428924560547
clipping,stealthy,0,9,rsna_08,False,18.98877716064453
clipping,stealthy,0,9,kerm_01,False,19.036266326904297
clipping,stealthy,0,9,kerm_04,False,18.908645629882812
clipping,stealthy,0,9,rsna_06,False,21.474531173706055
clipping,stealthy,0,10,kerm_07,False,20.649152755737305
clipping,stealthy,0,10,rsna_01,False,26.9106388092041
clipping,stealthy,0,10,rsna_10,False,18.832416534423828
clipping,stealthy,0,10,rsna_04,False,20.867090225219727
clipping,stealthy,0,10,kerm_06,False,18.91871452331543
clipping,stealthy,0,10,rsna_07,False,20.80282211303711
clipping,stealthy,0,10,rsna_05,False,24.056901931762695
clipping,stealthy,0,10,rsna_09,False,19.21025276184082
clipping,stealthy,0,10,kerm_05,False,18.99541664123535
clipping,stealthy,0,10,kerm_01,False,20.299345016479492
clipping,stealthy,0,10,kerm_04,False,19.441741943359375
clipping,stealthy,0,10,rsna_02,False,27.583505630493164
clipping,stealthy,0,10,rsna_06,False,21.190893173217773
clipping,stealthy,0,10,rsna_11,False,18.354440689086914
clipping,stealthy,0,10,rsna_08,False,19.241451263427734
clipping,stealthy,0,11,kerm_03,False,18.664297103881836
clipping,stealthy,0,11,kerm_02,False,18.744277954101562
clipping,stealthy,0,11,kerm_08,False,22.276941299438477
clipping,stealthy,0,11,rsna_05,False,18.53461265563965
clipping,stealthy,0,11,kerm_01,False,19.381933212280273
clipping,stealthy,0,11,kerm_06,False,20.07337188720703
clipping,stealthy,0,11,rsna_10,False,19.761032104492188
clipping,stealthy,0,11,rsna_02,False,24.71062469482422
clipping,stealthy,0,11,rsna_09,False,18.919261932373047
clipping,stealthy,0,11,rsna_07,False,19.124998092651367
clipping,stealthy,0,11,rsna_11,False,20.376251220703125
clipping,stealthy,0,11,rsna_04,False,19.778871536254883
clipping,stealthy,0,11,rsna_06,False,17.68674659729004
clipping,stealthy,0,11,rsna_01,False,24.478105545043945
clipping,stealthy,0,11,kerm_07,False,22.578340530395508
clipping,stealthy,0,12,kerm_06,False,20.339502334594727
clipping,stealthy,0,12,rsna_12,False,18.56097412109375
clipping,stealthy,0,12,kerm_01,False,22.84450912475586
clipping,stealthy,0,12,rsna_09,False,18.912155151367188
clipping,stealthy,0,12,rsna_01,False,28.535663604736328
clipping,stealthy,0,12,rsna_11,False,20.43301010131836
clipping,stealthy,0,12,kerm_05,False,22.1574764251709
clipping,stealthy,0,12,kerm_08,False,20.816431045532227
clipping,stealthy,0,12,rsna_07,False,18.432126998901367
clipping,stealthy,0,12,rsna_03,False,20.408771514892578
clipping,stealthy,0,12,kerm_04,False,20.733963012695312
clipping,stealthy,0,12,rsna_05,False,19.63844108581543
clipping,stealthy,0,12,rsna_06,False,19.540786743164062
clipping,stealthy,0,12,rsna_10,False,19.78059196472168
clipping,stealthy,0,12,kerm_07,False,21.221988677978516
clipping,stealthy,0,13,rsna_07,False,20.43745994567871
clipping,stealthy,0,13,rsna_03,False,22.371612548828125
clipping,stealthy,0,13,kerm_03,False,19.040666580200195
clipping,stealthy,0,13,rsna_12,False,20.938323974609375
clipping,stealthy,0,13,rsna_08,False,21.029253005981445
clipping,stealthy,0,13,rsna_02,False,22.43921661376953
clipping,stealthy,0,13,rsna_09,False,18.109718322753906
clipping,stealthy,0,13,rsna_06,False,17.98456382751465
clipping,stealthy,0,13,rsna_04,False,20.388765335083008
clipping,stealthy,0,13,kerm_02,False,20.029691696166992
clipping,stealthy,0,13,rsna_11,False,20.59015464782715
clipping,stealthy,0,13,rsna_10,False,19.291030883789062
clipping,stealthy,0,13,kerm_07,False,21.167280197143555
clipping,stealthy,0,13,rsna_05,False,20.38498306274414
clipping,stealthy,0,13,kerm_08,False,22.556591033935547
clipping,stealthy,0,14,rsna_10,False,19.812421798706055
clipping,stealthy,0,14,kerm_08,False,26.79762840270996
clipping,stealthy,0,14,rsna_01,False,25.00979995727539
clipping,stealthy,0,14,kerm_01,False,20.693965911865234
clipping,stealthy,0,14,kerm_07,False,27.43566131591797
clipping,stealthy,0,14,kerm_05,False,20.364198684692383
clipping,stealthy,0,14,rsna_12,False,20.90966796875
clipping,stealthy,0,14,rsna_08,False,18.51628303527832
clipping,stealthy,0,14,kerm_02,False,21.483657836914062
clipping,stealthy,0,14,rsna_09,False,22.219491958618164
clipping,stealthy,0,14,rsna_06,False,18.759737014770508
clipping,stealthy,0,14,rsna_07,False,17.27247428894043
clipping,stealthy,0,14,rsna_02,False,26.364736557006836
clipping,stealthy,0,14,kerm_04,False,21.81195640563965
clipping,stealthy,0,14,rsna_04,False,22.28415870666504
clipping,stealthy,0,15,rsna_12,True,23.465545654296875
clipping,stealthy,0,15,rsna_08,False,18.275461196899414
clipping,stealthy,0,15,rsna_10,False,18.984256744384766
clipping,stealthy,0,15,rsna_01,False,26.294443130493164
clipping,stealthy,0,15,rsna_03,False,24.70107078552246
clipping,stealthy,0,15,rsna_09,False,19.038089752197266
clipping,stealthy,0,15,kerm_02,False,19.743581771850586
clipping,stealthy,0,15,rsna_05,False,20.99944305419922
clipping,stealthy,0,15,kerm_07,False,22.76104736328125
clipping,stealthy,0,15,kerm_04,False,20.11383628845215
clipping,stealthy,0,15,rsna_07,False,20.725961685180664
clipping,stealthy,0,15,rsna_11,False,22.200952529907227
clipping,stealthy,0,15,rsna_06,False,19.623106002807617
clipping,stealthy,0,15,kerm_06,False,23.461278915405273
clipping,stealthy,0,15,rsna_02,False,25.621292114257812
clipping,stealthy,0,16,rsna_12,True,22.183197021484375
clipping,stealthy,0,16,rsna_09,False,18.460458755493164
clipping,stealthy,0,16,rsna_03,False,21.212797164916992
clipping,stealthy,0,16,rsna_02,False,23.033700942993164
clipping,stealthy,0,16,rsna_10,False,20.70083999633789
clipping,stealthy,0,16,kerm_02,False,22.74162483215332
clipping,stealthy,0,16,kerm_05,False,22.060535430908203
clipping,stealthy,0,16,rsna_11,False,20.555788040161133
clipping,stealthy,0,16,rsna_01,False,23.084672927856445
clipping,stealthy,0,16,rsna_06,False,19.517932891845703
clipping,stealthy,0,16,rsna_04,False,21.18558692932129
clipping,stealthy,0,16,rsna_05,False,22.000043869018555
clipping,stealthy,0,16,kerm_03,False,21.0068416595459
clipping,stealthy,0,16,kerm_04,False,21.277099609375
clipping,stealthy,0,16,kerm_06,False,20.881086349487305
clipping,stealthy,0,17,rsna_12,True,25.90976333618164
clipping,stealthy,0,17,rsna_01,False,23.76272201538086
clipping,stealthy,0,17,kerm_02,False,22.960710525512695
clipping,stealthy,0,17,kerm_08,False,25.817867279052734
clipping,stealthy,0,17,kerm_01,False,24.561389923095703
clipping,stealthy,0,17,rsna_03,False,21.21180534362793
clipping,stealthy,0,17,rsna_04,False,20.918949127197266
clipping,stealthy,0,17,kerm_05,False,23.650182723999023
clipping,stealthy,0,17,rsna_02,False,25.709863662719727
clipping,stealthy,0,17,kerm_04,False,19.716983795166016
clipping,stealthy,0,17,rsna_10,False,21.239484786987305
clipping,stealthy,0,17,kerm_06,False,22.251144409179688
clipping,stealthy,0,17,rsna_09,False,21.789840698242188
clipping,stealthy,0,17,rsna_11,False,28.901391983032227
clipping,stealthy,0,17,rsna_08,False,21.032482147216797
clipping,stealthy,0,18,rsna_12,True,22.179912567138672
clipping,stealthy,0,18,rsna_11,False,21.70907974243164
clipping,stealthy,0,18,rsna_06,False,20.636564254760742
clipping,stealthy,0,18,rsna_02,False,24.413686752319336
clipping,stealthy,0,18,kerm_06,False,30.900514602661133
clipping,stealthy,0,18,kerm_02,False,23.275936126708984
clipping,stealthy,0,18,kerm_07,False,25.868070602416992
clipping,stealthy,0,18,kerm_03,False,22.77069664001465
clipping,stealthy,0,18,rsna_08,False,17.935094833374023
clipping,stealthy,0,18,rsna_09,False,19.685379028320312
clipping,stealthy,0,18,rsna_07,False,21.6810359954834
clipping,stealthy,0,18,rsna_05,False,23.062393188476562
clipping,stealthy,0,18,kerm_04,False,20.866775512695312
clipping,stealthy,0,18,kerm_08,False,23.840198516845703
clipping,stealthy,0,18,rsna_01,False,24.694358825683594
clipping,stealthy,0,19,rsna_12,True,23.637907028198242
clipping,stealthy,0,19,kerm_01,False,21.510469436645508
clipping,stealthy,0,19,rsna_05,False,19.382123947143555
clipping,stealthy,0,19,rsna_01,False,30.596227645874023
clipping,stealthy,0,19,rsna_04,False,20.208444595336914
clipping,stealthy,0,19,kerm_07,False,22.298458099365234
clipping,stealthy,0,19,rsna_11,False,20.064807891845703
clipping,stealthy,0,19,kerm_06,False,22.62746238708496
clipping,stealthy,0,19,rsna_06,False,21.893306732177734
clipping,stealthy,0,19,kerm_05,False,18.436094284057617
clipping,stealthy,0,19,rsna_08,False,20.51645278930664
clipping,stealthy,0,19,rsna_10,False,18.308977127075195
clipping,stealthy,0,19,rsna_02,False,26.784725189208984
clipping,stealthy,0,19,kerm_04,False,18.605205535888672
clipping,stealthy,0,19,rsna_03,False,21.736242294311523
clipping,stealthy,0,20,rsna_12,True,24.375646591186523
clipping,stealthy,0,20,kerm_03,False,23.66010856628418
clipping,stealthy,0,20,rsna_11,False,20.941478729248047
clipping,stealthy,0,20,kerm_05,False,20.380558013916016
clipping,stealthy,0,20,rsna_01,False,23.074750900268555
clipping,stealthy,0,20,kerm_07,False,23.02320098876953
clipping,stealthy,0,20,rsna_08,False,18.60670280456543
clipping,stealthy,0,20,rsna_04,False,21.758506774902344
clipping,stealthy,0,20,rsna_10,False,20.6114501953125
clipping,stealthy,0,20,kerm_02,False,24.585681915283203
clipping,stealthy,0,20,kerm_01,False,24.992918014526367
clipping,stealthy,0,20,kerm_04,False,24.44335174560547
clipping,stealthy,0,20,rsna_09,False,20.25102996826172
clipping,stealthy,0,20,rsna_02,False,22.47836685180664
clipping,stealthy,0,20,rsna_03,False,24.942453384399414
clipping,stealthy,0,21,rsna_12,True,27.083173751831055
clipping,stealthy,0,21,rsna_05,False,24.95671844482422
clipping,stealthy,0,21,rsna_02,False,23.029876708984375
clipping,stealthy,0,21,rsna_07,False,19.28135108947754
clipping,stealthy,0,21,rsna_06,False,20.0660400390625
clipping,stealthy,0,21,rsna_04,False,26.47412872314453
clipping,stealthy,0,21,kerm_07,False,27.10211181640625
clipping,stealthy,0,21,kerm_08,False,26.81824493408203
clipping,stealthy,0,21,rsna_08,False,22.856327056884766
clipping,stealthy,0,21,rsna_01,False,24.642885208129883
clipping,stealthy,0,21,rsna_11,False,21.590333938598633
clipping,stealthy,0,21,rsna_09,False,25.485645294189453
clipping,stealthy,0,21,kerm_04,False,21.186298370361328
clipping,stealthy,0,21,kerm_02,False,22.89493179321289
clipping,stealthy,0,21,kerm_05,False,19.985279083251953
clipping,stealthy,0,22,rsna_12,True,22.56346893310547
clipping,stealthy,0,22,rsna_11,False,21.54269027709961
clipping,stealthy,0,22,kerm_06,False,23.31302833557129
clipping,stealthy,0,22,kerm_01,False,22.389244079589844
clipping,stealthy,0,22,rsna_01,False,25.928373336791992
clipping,stealthy,0,22,rsna_10,False,22.709917068481445
clipping,stealthy,0,22,rsna_09,False,21.301979064941406
clipping,stealthy,0,22,kerm_04,False,21.254791259765625
clipping,stealthy,0,22,rsna_03,False,25.097126007080078
clipping,stealthy,0,22,kerm_08,False,30.04832649230957
clipping,stealthy,0,22,kerm_07,False,25.488290786743164
clipping,stealthy,0,22,rsna_06,False,19.233196258544922
clipping,stealthy,0,22,rsna_07,False,21.312509536743164
clipping,stealthy,0,22,kerm_03,False,19.350473403930664
clipping,stealthy,0,22,rsna_05,False,20.36123275756836
clipping,stealthy,0,23,rsna_12,True,20.756452560424805
clipping,stealthy,0,23,rsna_08,False,19.803314208984375
clipping,stealthy,0,23,rsna_05,False,20.02581214904785
clipping,stealthy,0,23,kerm_02,False,25.19362449645996
clipping,stealthy,0,23,rsna_03,False,26.217201232910156
clipping,stealthy,0,23,kerm_08,False,23.707162857055664
clipping,stealthy,0,23,rsna_04,False,26.901430130004883
clipping,stealthy,0,23,kerm_07,False,22.187679290771484
clipping,stealthy,0,23,kerm_04,False,19.931509017944336
clipping,stealthy,0,23,kerm_05,False,18.493478775024414
clipping,stealthy,0,23,kerm_03,False,22.69450569152832
clipping,stealthy,0,23,rsna_07,False,19.807453155517578
clipping,stealthy,0,23,rsna_09,False,19.841684341430664
clipping,stealthy,0,23,kerm_06,False,22.113433837890625
clipping,stealthy,0,23,rsna_11,False,19.774608612060547
clipping,stealthy,0,24,rsna_12,True,22.945823669433594
clipping,stealthy,0,24,kerm_07,False,25.741493225097656
clipping,stealthy,0,24,rsna_05,False,22.482624053955078
clipping,stealthy,0,24,rsna_08,False,19.925397872924805
clipping,stealthy,0,24,rsna_10,False,25.44564437866211
clipping,stealthy,0,24,rsna_07,False,20.186681747436523
clipping,stealthy,0,24,rsna_06,False,23.16190528869629
clipping,stealthy,0,24,rsna_02,False,26.70815086364746
clipping,stealthy,0,24,kerm_02,False,27.24673843383789
clipping,stealthy,0,24,rsna_03,False,27.892732620239258
clipping,stealthy,0,24,kerm_05,False,24.324899673461914
clipping,stealthy,0,24,rsna_09,False,18.591737747192383
clipping,stealthy,0,24,rsna_01,False,34.59461212158203
clipping,stealthy,0,24,kerm_06,False,25.47840690612793
clipping,stealthy,0,24,kerm_03,False,21.83367156982422
clipping,stealthy,0,25,rsna_12,True,21.716381072998047
clipping,stealthy,0,25,rsna_03,False,25.171855926513672
clipping,stealthy,0,25,rsna_10,False,21.029687881469727
clipping,stealthy,0,25,rsna_04,False,18.771663665771484
clipping,stealthy,0,25,rsna_06,False,20.49080467224121
clipping,stealthy,0,25,rsna_09,False,20.233932495117188
clipping,stealthy,0,25,kerm_06,False,27.850521087646484
clipping,stealthy,0,25,rsna_08,False,18.846471786499023
clipping,stealthy,0,25,rsna_11,False,20.91705894470215
clipping,stealthy,0,25,kerm_01,False,28.72772216796875
clipping,stealthy,0,25,kerm_02,False,22.772348403930664
clipping,stealthy,0,25,kerm_07,False,25.37208366394043
clipping,stealthy,0,25,rsna_05,False,20.062255859375
clipping,stealthy,0,25,kerm_05,False,20.768775939941406
clipping,stealthy,0,25,rsna_02,False,22.989683151245117
clipping,stealthy,0,26,rsna_12,True,20.528287887573242
clipping,stealthy,0,26,rsna_09,False,18.535388946533203
clipping,stealthy,0,26,rsna_03,False,23.847354888916016
clipping,stealthy,0,26,kerm_01,False,23.535995483398438
clipping,stealthy,0,26,kerm_03,False,25.288997650146484
clipping,stealthy,0,26,rsna_05,False,23.081220626831055
clipping,stealthy,0,26,rsna_04,False,28.908733367919922
clipping,stealthy,0,26,kerm_02,False,25.77625274658203
clipping,stealthy,0,26,kerm_06,False,25.40591049194336
clipping,stealthy,0,26,kerm_08,False,29.289960861206055
clipping,stealthy,0,26,rsna_06,False,21.411968231201172
clipping,stealthy,0,26,rsna_07,False,20.446012496948242
clipping,stealthy,0,26,kerm_05,False,23.738061904907227
clipping,stealthy,0,26,kerm_07,False,23.28194808959961
clipping,stealthy,0,26,rsna_02,False,27.000425338745117
clipping,stealthy,0,27,rsna_12,True,23.98784065246582
clipping,stealthy,0,27,rsna_07,False,23.175100326538086
clipping,stealthy,0,27,kerm_02,False,27.117572784423828
clipping,stealthy,0,27,rsna_01,False,25.42422866821289
clipping,stealthy,0,27,kerm_07,False,27.46826934814453
clipping,stealthy,0,27,rsna_11,False,21.8197078704834
clipping,stealthy,0,27,kerm_01,False,20.811508178710938
clipping,stealthy,0,27,rsna_08,False,22.167932510375977
clipping,stealthy,0,27,kerm_04,False,20.482162475585938
clipping,stealthy,0,27,kerm_03,False,21.443729400634766
clipping,stealthy,0,27,kerm_05,False,26.308984756469727
clipping,stealthy,0,27,rsna_06,False,20.670597076416016
clipping,stealthy,0,27,rsna_05,False,25.506332397460938
clipping,stealthy,0,27,kerm_06,False,26.92500114440918
clipping,stealthy,0,27,kerm_08,False,31.294139862060547
clipping,stealthy,0,28,rsna_12,True,25.49840545654297
clipping,stealthy,0,28,rsna_10,False,22.297054290771484
clipping,stealthy,0,28,kerm_05,False,27.556411743164062
clipping,stealthy,0,28,rsna_03,False,27.319833755493164
clipping,stealthy,0,28,rsna_01,False,31.05084800720215
clipping,stealthy,0,28,kerm_08,False,27.486799240112305
clipping,stealthy,0,28,rsna_07,False,20.08629035949707
clipping,stealthy,0,28,kerm_06,False,31.0352783203125
clipping,stealthy,0,28,rsna_06,False,21.947765350341797
clipping,stealthy,0,28,kerm_03,False,23.78407096862793
clipping,stealthy,0,28,rsna_11,False,22.073780059814453
clipping,stealthy,0,28,kerm_04,False,23.81571388244629
clipping,stealthy,0,28,kerm_01,False,24.013883590698242
clipping,stealthy,0,28,rsna_08,False,20.448333740234375
clipping,stealthy,0,28,kerm_07,False,32.69324493408203
clipping,stealthy,0,29,rsna_12,True,24.253870010375977
clipping,stealthy,0,29,rsna_08,False,19.952211380004883
clipping,stealthy,0,29,kerm_05,False,20.88495635986328
clipping,stealthy,0,29,rsna_02,False,30.35466194152832
clipping,stealthy,0,29,rsna_04,False,34.426090240478516
clipping,stealthy,0,29,rsna_10,False,28.14842414855957
clipping,stealthy,0,29,kerm_02,False,27.997682571411133
clipping,stealthy,0,29,kerm_06,False,25.513261795043945
clipping,stealthy,0,29,kerm_03,False,24.974637985229492
clipping,stealthy,0,29,kerm_08,False,30.820533752441406
clipping,stealthy,0,29,rsna_01,False,29.52617073059082
clipping,stealthy,0,29,kerm_04,False,17.83964729309082
clipping,stealthy,0,29,rsna_09,False,28.545549392700195
clipping,stealthy,0,29,rsna_03,False,27.824010848999023
clipping,stealthy,0,29,rsna_11,False,22.07074546813965
clipping,stealthy,0,30,rsna_12,True,24.98816680908203
clipping,stealthy,0,30,rsna_03,False,23.190885543823242
clipping,stealthy,0,30,kerm_03,False,27.533618927001953
clipping,stealthy,0,30,rsna_08,False,18.70194435119629
clipping,stealthy,0,30,kerm_04,False,23.57939338684082
clipping,stealthy,0,30,kerm_06,False,22.44344139099121
clipping,stealthy,0,30,rsna_06,False,20.888620376586914
clipping,stealthy,0,30,kerm_07,False,29.153234481811523
clipping,stealthy,0,30,rsna_09,False,18.123458862304688
clipping,stealthy,0,30,rsna_01,False,29.503877639770508
clipping,stealthy,0,30,rsna_07,False,19.63860321044922
clipping,stealthy,0,30,rsna_05,False,25.484054565429688
clipping,stealthy,0,30,rsna_10,False,21.351903915405273
clipping,stealthy,0,30,rsna_04,False,22.247291564941406
clipping,stealthy,0,30,rsna_11,False,20.225704193115234
clipping,stealthy,1,1,rsna_10,False,22.286222457885742
clipping,stealthy,1,1,rsna_08,False,22.41795539855957
clipping,stealthy,1,1,kerm_07,False,22.129972457885742
clipping,stealthy,1,1,kerm_02,False,22.782339096069336
clipping,stealthy,1,1,kerm_08,False,22.259235382080078
clipping,stealthy,1,1,kerm_01,False,22.904762268066406
clipping,stealthy,1,1,rsna_01,False,23.94901466369629
clipping,stealthy,1,1,rsna_11,False,22.641271591186523
clipping,stealthy,1,1,kerm_06,False,22.065250396728516
clipping,stealthy,1,1,rsna_06,False,22.79000473022461
clipping,stealthy,1,1,kerm_03,False,22.4008731842041
clipping,stealthy,1,1,kerm_04,False,22.683717727661133
clipping,stealthy,1,1,rsna_05,False,22.88882827758789
clipping,stealthy,1,1,kerm_05,False,22.472726821899414
clipping,stealthy,1,1,rsna_02,False,22.948230743408203
clipping,stealthy,1,2,kerm_06,False,17.166500091552734
clipping,stealthy,1,2,rsna_08,False,18.385478973388672
clipping,stealthy,1,2,rsna_11,False,17.823081970214844
clipping,stealthy,1,2,rsna_06,False,18.72060775756836
clipping,stealthy,1,2,rsna_02,False,20.500816345214844
clipping,stealthy,1,2,rsna_01,False,20.7033634185791
clipping,stealthy,1,2,kerm_04,False,16.061094284057617
clipping,stealthy,1,2,kerm_05,False,16.649375915527344
clipping,stealthy,1,2,kerm_02,False,16.7928409576416
clipping,stealthy,1,2,kerm_08,False,16.91504669189453
clipping,stealthy,1,2,kerm_03,False,16.804655075073242
clipping,stealthy,1,2,rsna_09,False,18.43839454650879
clipping,stealthy,1,2,kerm_01,False,16.87971305847168
clipping,stealthy,1,2,rsna_04,False,19.06546401977539
clipping,stealthy,1,2,rsna_05,False,18.723735809326172
clipping,stealthy,1,3,rsna_01,False,20.568111419677734
clipping,stealthy,1,3,kerm_04,False,20.3414306640625
clipping,stealthy,1,3,kerm_07,False,18.874404907226562
clipping,stealthy,1,3,rsna_06,False,18.834630966186523
clipping,stealthy,1,3,rsna_09,False,18.46806526184082
clipping,stealthy,1,3,rsna_10,False,18.10528564453125
clipping,stealthy,1,3,kerm_03,False,18.070459365844727
clipping,stealthy,1,3,rsna_04,False,19.270479202270508
clipping,stealthy,1,3,rsna_12,False,18.304994583129883
clipping,stealthy,1,3,kerm_05,False,18.77239990234375
clipping,stealthy,1,3,rsna_03,False,21.237285614013672
clipping,stealthy,1,3,rsna_11,False,18.724960327148438
clipping,stealthy,1,3,kerm_06,False,17.897098541259766
clipping,stealthy,1,3,rsna_08,False,18.641942977905273
clipping,stealthy,1,3,kerm_02,False,16.71681022644043
clipping,stealthy,1,4,kerm_08,False,19.992172241210938
clipping,stealthy,1,4,rsna_02,False,23.24298095703125
clipping,stealthy,1,4,rsna_07,False,19.653966903686523
clipping,stealthy,1,4,rsna_08,False,18.988698959350586
clipping,stealthy,1,4,rsna_05,False,20.393728256225586
clipping,stealthy,1,4,kerm_02,False,17.703229904174805
clipping,stealthy,1,4,kerm_01,False,18.650026321411133
clipping,stealthy,1,4,kerm_03,False,17.75717544555664
clipping,stealthy,1,4,kerm_06,False,18.896038055419922
clipping,stealthy,1,4,rsna_03,False,21.864452362060547
clipping,stealthy,1,4,rsna_04,False,20.03412628173828
clipping,stealthy,1,4,kerm_07,False,19.235980987548828
clipping,stealthy,1,4,rsna_11,False,17.809919357299805
clipping,stealthy,1,4,rsna_06,False,19.340436935424805
clipping,stealthy,1,4,rsna_09,False,18.365686416625977
clipping,stealthy,1,5,kerm_08,False,19.50486183166504
clipping,stealthy,1,5,kerm_05,False,19.00265121459961
clipping,stealthy,1,5,kerm_07,False,21.977006912231445
clipping,stealthy,1,5,rsna_12,False,19.143592834472656
clipping,stealthy,1,5,kerm_06,False,19.20328712463379
clipping,stealthy,1,5,kerm_04,False,20.21055793762207
clipping,stealthy,1,5,rsna_11,False,18.27265167236328
clipping,stealthy,1,5,rsna_07,False,18.727367401123047
clipping,stealthy,1,5,rsna_08,False,19.24688148498535
clipping,stealthy,1,5,rsna_05,False,18.014545440673828
clipping,stealthy,1,5,kerm_01,False,17.047931671142578
clipping,stealthy,1,5,rsna_06,False,18.540197372436523
clipping,stealthy,1,5,kerm_03,False,17.54445457458496
clipping,stealthy,1,5,rsna_04,False,21.383831024169922
clipping,stealthy,1,5,rsna_02,False,21.678924560546875
clipping,stealthy,1,6,rsna_10,False,18.37425994873047
clipping,stealthy,1,6,rsna_03,False,25.003305435180664
clipping,stealthy,1,6,rsna_09,False,20.257890701293945
clipping,stealthy,1,6,kerm_06,False,18.792444229125977
clipping,stealthy,1,6,rsna_06,False,20.698753356933594
clipping,stealthy,1,6,rsna_02,False,24.460968017578125
clipping,stealthy,1,6,kerm_01,False,18.777122497558594
clipping,stealthy,1,6,rsna_12,False,19.92417335510254
clipping,stealthy,1,6,rsna_11,False,18.694595336914062
clipping,stealthy,1,6,rsna_08,False,19.31771469116211
clipping,stealthy,1,6,rsna_05,False,19.812942504882812
clipping,stealthy,1,6,kerm_04,False,16.84280776977539
clipping,stealthy,1,6,rsna_01,False,23.276912689208984
clipping,stealthy,1,6,rsna_07,False,20.04517364501953
clipping,stealthy,1,6,kerm_07,False,18.361331939697266
clipping,stealthy,1,7,rsna_02,False,20.166175842285156
clipping,stealthy,1,7,rsna_06,False,18.0046329498291
clipping,stealthy,1,7,rsna_08,False,18.707778930664062
clipping,stealthy,1,7,kerm_07,False,21.237560272216797
clipping,stealthy,1,7,rsna_07,False,19.867992401123047
clipping,stealthy,1,7,kerm_03,False,19.03754997253418
clipping,stealthy,1,7,kerm_08,False,23.20852279663086
clipping,stealthy,1,7,kerm_01,False,18.795162200927734
clipping,stealthy,1,7,rsna_10,False,18.768756866455078
clipping,stealthy,1,7,rsna_05,False,19.310945510864258
clipping,stealthy,1,7,kerm_02,False,19.202354431152344
clipping,stealthy,1,7,rsna_11,False,19.56316566467285
clipping,stealthy,1,7,rsna_03,False,20.593746185302734
clipping,stealthy,1,7,rsna_01,False,20.974145889282227
clipping,stealthy,1,7,kerm_04,False,20.277172088623047
clipping,stealthy,1,8,rsna_10,False,20.472980499267578
clipping,stealthy,1,8,kerm_01,False,19.31924819946289
clipping,stealthy,1,8,rsna_08,False,19.131174087524414
clipping,stealthy,1,8,kerm_04,False,18.827564239501953
clipping,stealthy,1,8,rsna_07,False,19.056509017944336
clipping,stealthy,1,8,rsna_02,False,26.219465255737305
clipping,stealthy,1,8,rsna_04,False,23.7278995513916
clipping,stealthy,1,8,kerm_08,False,21.742111206054688
clipping,stealthy,1,8,kerm_05,False,21.51021957397461
clipping,stealthy,1,8,kerm_03,False,16.75841522216797
clipping,stealthy,1,8,rsna_09,False,20.769882202148438
clipping,stealthy,1,8,rsna_11,False,18.2910213470459
clipping,stealthy,1,8,rsna_12,False,21.8748722076416
clipping,stealthy,1,8,rsna_01,False,23.975133895874023
clipping,stealthy,1,8,kerm_07,False,20.2467098236084
clipping,stealthy,1,9,rsna_05,False,20.32775115966797
clipping,stealthy,1,9,rsna_08,False,21.002038955688477
clipping,stealthy,1,9,rsna_11,False,18.754512786865234
clipping,stealthy,1,9,kerm_06,False,19.498157501220703
clipping,stealthy,1,9,rsna_07,False,20.14156150817871
clipping,stealthy,1,9,kerm_08,False,20.963777542114258
clipping,stealthy,1,9,rsna_01,False,23.57908821105957
clipping,stealthy,1,9,rsna_06,False,21.1334171295166
clipping,stealthy,1,9,kerm_01,False,23.13279151916504
clipping,stealthy,1,9,kerm_03,False,17.055952072143555
clipping,stealthy,1,9,kerm_05,False,18.034814834594727
clipping,stealthy,1,9,kerm_07,False,23.042551040649414
clipping,stealthy,1,9,rsna_04,False,24.403461456298828
clipping,stealthy,1,9,kerm_04,False,17.506210327148438
clipping,stealthy,1,9,rsna_03,False,28.484766006469727
clipping,stealthy,1,10,rsna_05,False,21.32111930847168
clipping,stealthy,1,10,rsna_10,False,22.162187576293945
clipping,stealthy,1,10,kerm_05,False,19.475341796875
clipping,stealthy,1,10,rsna_06,False,20.287220001220703
clipping,stealthy,1,10,rsna_03,False,21.509967803955078
clipping,stealthy,1,10,kerm_07,False,23.560388565063477
clipping,stealthy,1,10,kerm_03,False,18.658306121826172
clipping,stealthy,1,10,rsna_01,False,22.91915512084961
clipping,stealthy,1,10,rsna_11,False,18.678434371948242
clipping,stealthy,1,10,kerm_02,False,18.600543975830078
clipping,stealthy,1,10,rsna_09,False,20.05076026916504
clipping,stealthy,1,10,rsna_04,False,21.72933006286621
clipping,stealthy,1,10,rsna_02,False,22.62044334411621
clipping,stealthy,1,10,rsna_07,False,19.09853172302246
clipping,stealthy,1,10,rsna_12,False,20.395442962646484
clipping,stealthy,1,11,rsna_12,False,22.792444229125977
clipping,stealthy,1,11,kerm_08,False,22.9619083404541
clipping,stealthy,1,11,kerm_02,False,19.396297454833984
clipping,stealthy,1,11,kerm_03,False,18.24217987060547
clipping,stealthy,1,11,rsna_11,False,18.160560607910156
clipping,stealthy,1,11,kerm_07,False,23.114681243896484
clipping,stealthy,1,11,rsna_08,False,18.900495529174805
clipping,stealthy,1,11,rsna_03,False,23.58319854736328
clipping,stealthy,1,11,rsna_02,False,23.461515426635742
clipping,stealthy,1,11,rsna_10,False,22.456485748291016
clipping,stealthy,1,11,kerm_06,False,23.024721145629883
clipping,stealthy,1,11,rsna_07,False,21.883586883544922
clipping,stealthy,1,11,rsna_09,False,20.189491271972656
clipping,stealthy,1,11,rsna_05,False,21.94447135925293
clipping,stealthy,1,11,rsna_01,False,21.809249877929688
clipping,stealthy,1,12,rsna_01,False,25.968727111816406
clipping,stealthy,1,12,rsna_12,False,21.950016021728516
clipping,stealthy,1,12,kerm_05,False,22.145488739013672
clipping,stealthy,1,12,rsna_03,False,23.32721710205078
clipping,stealthy,1,12,rsna_02,False,23.99106216430664
clipping,stealthy,1,12,rsna_09,False,23.810604095458984
clipping,stealthy,1,12,kerm_01,False,21.004762649536133
clipping,stealthy,1,12,rsna_06,False,18.635351181030273
clipping,stealthy,1,12,kerm_08,False,21.439889907836914
clipping,stealthy,1,12,rsna_07,False,17.200666427612305
clipping,stealthy,1,12,kerm_06,False,21.577436447143555
clipping,stealthy,1,12,kerm_04,False,17.969144821166992
clipping,stealthy,1,12,rsna_10,False,18.861719131469727
clipping,stealthy,1,12,kerm_03,False,19.020700454711914
clipping,stealthy,1,12,rsna_08,False,19.473012924194336
clipping,stealthy,1,13,rsna_11,False,19.92253303527832
clipping,stealthy,1,13,rsna_09,False,22.99802589416504
clipping,stealthy,1,13,rsna_01,False,27.164386749267578
clipping,stealthy,1,13,kerm_07,False,24.49353790283203
clipping,stealthy,1,13,kerm_01,False,28.22960090637207
clipping,stealthy,1,13,rsna_05,False,31.04749870300293
clipping,stealthy,1,13,rsna_02,False,24.01503562927246
clipping,stealthy,1,13,rsna_10,False,20.78843116760254
clipping,stealthy,1,13,kerm_03,False,18.491180419921875
clipping,stealthy,1,13,kerm_05,False,18.766197204589844
clipping,stealthy,1,13,rsna_07,False,22.20813751220703
clipping,stealthy,1,13,rsna_03,False,27.255939483642578
clipping,stealthy,1,13,kerm_06,False,21.693925857543945
clipping,stealthy,1,13,rsna_08,False,20.770463943481445
clipping,stealthy,1,13,rsna_04,False,27.7495059967041
clipping,stealthy,1,14,rsna_01,False,28.282926559448242
clipping,stealthy,1,14,kerm_07,False,26.389408111572266
clipping,stealthy,1,14,kerm_05,False,25.677406311035156
clipping,stealthy,1,14,rsna_12,False,21.28771209716797
clipping,stealthy,1,14,kerm_06,False,23.275400161743164
clipping,stealthy,1,14,rsna_08,False,20.536396026611328
clipping,stealthy,1,14,rsna_05,False,20.923629760742188
clipping,stealthy,1,14,rsna_07,False,17.721534729003906
clipping,stealthy,1,14,kerm_03,False,18.282894134521484
clipping,stealthy,1,14,kerm_02,False,18.404165267944336
clipping,stealthy,1,14,rsna_06,False,22.23987579345703
clipping,stealthy,1,14,rsna_11,False,21.47643280029297
clipping,stealthy,1,14,kerm_01,False,21.965251922607422
clipping,stealthy,1,14,kerm_08,False,24.374977111816406
clipping,stealthy,1,14,rsna_04,False,22.20669174194336
clipping,stealthy,1,15,rsna_12,True,27.850109100341797
clipping,stealthy,1,15,rsna_04,False,23.780141830444336
clipping,stealthy,1,15,rsna_11,False,20.162229537963867
clipping,stealthy,1,15,kerm_05,False,19.425626754760742
clipping,stealthy,1,15,rsna_07,False,31.93441390991211
clipping,stealthy,1,15,kerm_03,False,24.466875076293945
clipping,stealthy,1,15,rsna_10,False,24.470842361450195
clipping,stealthy,1,15,rsna_01,False,25.211702346801758
clipping,stealthy,1,15,rsna_06,False,22.65990447998047
clipping,stealthy,1,15,kerm_02,False,19.758705139160156
clipping,stealthy,1,15,kerm_08,False,24.03721046447754
clipping,stealthy,1,15,rsna_09,False,21.808366775512695
clipping,stealthy,1,15,kerm_06,False,20.32903480529785
clipping,stealthy,1,15,kerm_04,False,19.00082778930664
clipping,stealthy,1,15,rsna_05,False,24.49660873413086
clipping,stealthy,1,16,rsna_12,True,24.04931640625
clipping,stealthy,1,16,rsna_10,False,21.19536018371582
clipping,stealthy,1,16,rsna_04,False,33.85940933227539
clipping,stealthy,1,16,rsna_06,False,21.08345603942871
clipping,stealthy,1,16,rsna_02,False,28.679847717285156
clipping,stealthy,1,16,kerm_06,False,23.027263641357422
clipping,stealthy,1,16,kerm_01,False,39.17009353637695
clipping,stealthy,1,16,kerm_04,False,21.962383270263672
clipping,stealthy,1,16,kerm_02,False,29.147794723510742
clipping,stealthy,1,16,kerm_03,False,18.614124298095703
clipping,stealthy,1,16,rsna_08,False,19.39447784423828
clipping,stealthy,1,16,rsna_05,False,29.402873992919922
clipping,stealthy,1,16,kerm_07,False,27.404996871948242
clipping,stealthy,1,16,rsna_07,False,27.412673950195312
clipping,stealthy,1,16,kerm_08,False,27.285985946655273
clipping,stealthy,1,17,rsna_12,True,24.000089645385742
clipping,stealthy,1,17,kerm_06,False,23.08440589904785
clipping,stealthy,1,17,rsna_09,False,19.63214683532715
clipping,stealthy,1,17,rsna_03,False,26.624446868896484
clipping,stealthy,1,17,rsna_04,False,29.12147331237793
clipping,stealthy,1,17,kerm_02,False,21.310401916503906
clipping,stealthy,1,17,rsna_01,False,25.015880584716797
clipping,stealthy,1,17,rsna_05,False,27.86544418334961
clipping,stealthy,1,17,rsna_11,False,19.78529167175293
clipping,stealthy,1,17,kerm_05,False,20.4776668548584
clipping,stealthy,1,17,rsna_06,False,22.628034591674805
clipping,stealthy,1,17,kerm_07,False,28.36518669128418
clipping,stealthy,1,17,kerm_04,False,22.860239028930664
clipping,stealthy,1,17,rsna_08,False,20.460033416748047
clipping,stealthy,1,17,rsna_07,False,19.876449584960938
clipping,stealthy,1,18,rsna_12,True,27.43101692199707
clipping,stealthy,1,18,kerm_06,False,23.92063331604004
clipping,stealthy,1,18,kerm_03,False,23.9241943359375
clipping,stealthy,1,18,rsna_05,False,21.671571731567383
clipping,stealthy,1,18,rsna_07,False,24.184368133544922
clipping,stealthy,1,18,rsna_11,False,21.115175247192383
clipping,stealthy,1,18,rsna_08,False,20.04168701171875
clipping,stealthy,1,18,kerm_01,False,29.211206436157227
clipping,stealthy,1,18,rsna_10,False,22.255538940429688
clipping,stealthy,1,18,rsna_04,False,24.307668685913086
clipping,stealthy,1,18,rsna_02,False,32.50727844238281
clipping,stealthy,1,18,rsna_09,False,24.499330520629883
clipping,stealthy,1,18,kerm_04,False,22.166845321655273
clipping,stealthy,1,18,rsna_01,False,28.55492401123047
clipping,stealthy,1,18,kerm_02,False,28.524694442749023
clipping,stealthy,1,19,rsna_12,True,24.51011085510254
clipping,stealthy,1,19,rsna_11,False,22.30878448486328
clipping,stealthy,1,19,kerm_06,False,26.854290008544922
clipping,stealthy,1,19,kerm_01,False,28.92250633239746
clipping,stealthy,1,19,kerm_05,False,24.879682540893555
clipping,stealthy,1,19,rsna_01,False,31.215496063232422
clipping,stealthy,1,19,kerm_07,False,29.412240982055664
clipping,stealthy,1,19,rsna_04,False,23.932809829711914
clipping,stealthy,1,19,kerm_04,False,22.90932273864746
clipping,stealthy,1,19,rsna_10,False,22.168127059936523
clipping,stealthy,1,19,kerm_02,False,26.234764099121094
clipping,stealthy,1,19,kerm_03,False,21.49880599975586
clipping,stealthy,1,19,rsna_06,False,21.097152709960938
clipping,stealthy,1,19,rsna_08,False,20.10858154296875
clipping,stealthy,1,19,rsna_05,False,23.60476303100586
clipping,stealthy,1,20,rsna_12,True,23.621740341186523
clipping,stealthy,1,20,kerm_06,False,25.029754638671875
clipping,stealthy,1,20,rsna_02,False,26.34663200378418
clipping,stealthy,1,20,rsna_07,False,38.391380310058594
clipping,stealthy,1,20,kerm_04,False,25.607995986938477
clipping,stealthy,1,20,rsna_05,False,26.555587768554688
clipping,stealthy,1,20,kerm_01,False,35.02151107788086
clipping,stealthy,1,20,rsna_03,False,27.35906410217285
clipping,stealthy,1,20,kerm_05,False,21.75655746459961
clipping,stealthy,1,20,rsna_11,False,23.078454971313477
clipping,stealthy,1,20,kerm_02,False,25.68666648864746
clipping,stealthy,1,20,rsna_08,False,20.34856414794922
clipping,stealthy,1,20,kerm_07,False,25.75043487548828
clipping,stealthy,1,20,rsna_09,False,25.875749588012695
clipping,stealthy,1,20,rsna_06,False,22.17082405090332
clipping,stealthy,1,21,rsna_12,True,25.69731903076172
clipping,stealthy,1,21,rsna_04,False,31.116943359375
clipping,stealthy,1,21,rsna_07,False,24.048646926879883
clipping,stealthy,1,21,kerm_07,False,29.799121856689453
clipping,stealthy,1,21,kerm_04,False,27.677202224731445
clipping,stealthy,1,21,kerm_06,False,25.52293586730957
clipping,stealthy,1,21,rsna_09,False,20.054197311401367
clipping,stealthy,1,21,rsna_01,False,32.43925857543945
clipping,stealthy,1,21,kerm_08,False,28.903301239013672
clipping,stealthy,1,21,rsna_06,False,22.194374084472656
clipping,stealthy,1,21,kerm_05,False,23.186054229736328
clipping,stealthy,1,21,rsna_10,False,22.422225952148438
clipping,stealthy,1,21,rsna_03,False,27.104185104370117
clipping,stealthy,1,21,kerm_01,False,29.42719268798828
clipping,stealthy,1,21,rsna_08,False,20.334142684936523
clipping,stealthy,1,22,rsna_12,True,23.535808563232422
clipping,stealthy,1,22,kerm_02,False,35.276248931884766
clipping,stealthy,1,22,rsna_05,False,22.963464736938477
clipping,stealthy,1,22,kerm_03,False,25.032941818237305
clipping,stealthy,1,22,kerm_05,False,22.819507598876953
clipping,stealthy,1,22,kerm_08,False,28.1942138671875
clipping,stealthy,1,22,rsna_10,False,19.99358367919922
clipping,stealthy,1,22,rsna_06,False,24.092575073242188
clipping,stealthy,1,22,kerm_06,False,27.054088592529297
clipping,stealthy,1,22,kerm_01,False,23.013559341430664
clipping,stealthy,1,22,rsna_07,False,19.904800415039062
clipping,stealthy,1,22,kerm_07,False,30.470407485961914
clipping,stealthy,1,22,kerm_04,False,22.498706817626953
clipping,stealthy,1,22,rsna_01,False,43.11182403564453
clipping,stealthy,1,22,rsna_02,False,28.156658172607422
clipping,stealthy,1,23,rsna_12,True,22.11648178100586
clipping,stealthy,1,23,rsna_07,False,23.70787239074707
clipping,stealthy,1,23,rsna_09,False,19.520490646362305
clipping,stealthy,1,23,rsna_01,False,38.549522399902344
clipping,stealthy,1,23,kerm_07,False,28.6014404296875
clipping,stealthy,1,23,kerm_03,False,20.535634994506836
clipping,stealthy,1,23,rsna_02,False,30.60808753967285
clipping,stealthy,1,23,kerm_08,False,30.33881187438965
clipping,stealthy,1,23,rsna_05,False,22.9777774810791
clipping,stealthy,1,23,kerm_04,False,19.697444915771484
clipping,stealthy,1,23,rsna_04,False,24.58408546447754
clipping,stealthy,1,23,rsna_10,False,21.465805053710938
clipping,stealthy,1,23,rsna_11,False,23.425168991088867
clipping,stealthy,1,23,kerm_06,False,22.32721519470215
clipping,stealthy,1,23,kerm_05,False,20.53089714050293
clipping,stealthy,1,24,rsna_12,True,28.424901962280273
clipping,stealthy,1,24,rsna_03,False,26.212690353393555
clipping,stealthy,1,24,kerm_03,False,27.682191848754883
clipping,stealthy,1,24,rsna_01,False,33.792335510253906
clipping,stealthy,1,24,rsna_04,False,24.730470657348633
clipping,stealthy,1,24,rsna_08,False,20.049894332885742
clipping,stealthy,1,24,rsna_10,False,22.21796417236328
clipping,stealthy,1,24,kerm_05,False,26.15189552307129
clipping,stealthy,1,24,rsna_09,False,24.69346046447754
clipping,stealthy,1,24,kerm_04,False,21.686073303222656
clipping,stealthy,1,24,kerm_02,False,41.561519622802734
clipping,stealthy,1,24,kerm_01,False,35.78271484375
clipping,stealthy,1,24,rsna_07,False,38.79780197143555
clipping,stealthy,1,24,kerm_07,False,28.574777603149414
clipping,stealthy,1,24,rsna_06,False,22.078628540039062
clipping,stealthy,1,25,rsna_12,True,22.20963478088379
clipping,stealthy,1,25,rsna_08,False,23.014013290405273
clipping,stealthy,1,25,kerm_04,False,24.992036819458008
clipping,stealthy,1,25,kerm_05,False,24.2974796295166
clipping,stealthy,1,25,rsna_06,False,22.432519912719727
clipping,stealthy,1,25,rsna_09,False,33.62268829345703
clipping,stealthy,1,25,kerm_03,False,21.975296020507812
clipping,stealthy,1,25,kerm_06,False,24.428979873657227
clipping,stealthy,1,25,rsna_05,False,31.415000915527344
clipping,stealthy,1,25,rsna_07,False,20.83602523803711
clipping,stealthy,1,25,rsna_01,False,38.766937255859375
clipping,stealthy,1,25,rsna_02,False,29.77352523803711
clipping,stealthy,1,25,kerm_08,False,30.498695373535156
clipping,stealthy,1,25,rsna_04,False,32.181915283203125
clipping,stealthy,1,25,kerm_02,False,25.046812057495117
clipping,stealthy,1,26,rsna_12,True,26.109067916870117
clipping,stealthy,1,26,rsna_10,False,23.33015251159668
clipping,stealthy,1,26,rsna_03,False,41.110843658447266
clipping,stealthy,1,26,rsna_07,False,20.692819595336914
clipping,stealthy,1,26,kerm_07,False,34.72382736206055
clipping,stealthy,1,26,kerm_02,False,25.724681854248047
clipping,stealthy,1,26,kerm_04,False,24.363367080688477
clipping,stealthy,1,26,rsna_05,False,41.14072036743164
clipping,stealthy,1,26,rsna_01,False,41.75320053100586
clipping,stealthy,1,26,rsna_08,False,19.547754287719727
clipping,stealthy,1,26,rsna_06,False,21.823318481445312
clipping,stealthy,1,26,kerm_03,False,19.825998306274414
clipping,stealthy,1,26,kerm_06,False,30.99815559387207
clipping,stealthy,1,26,kerm_05,False,26.041582107543945
clipping,stealthy,1,26,rsna_04,False,54.19024658203125
clipping,stealthy,1,27,rsna_12,True,24.12911033630371
clipping,stealthy,1,27,kerm_07,False,30.490938186645508
clipping,stealthy,1,27,rsna_08,False,25.455482482910156
clipping,stealthy,1,27,kerm_03,False,33.37152862548828
clipping,stealthy,1,27,rsna_06,False,22.740388870239258
clipping,stealthy,1,27,kerm_06,False,36.698238372802734
clipping,stealthy,1,27,rsna_03,False,41.9371452331543
clipping,stealthy,1,27,rsna_10,False,31.182777404785156
clipping,stealthy,1,27,kerm_02,False,29.925186157226562
clipping,stealthy,1,27,rsna_02,False,34.97740173339844
clipping,stealthy,1,27,rsna_07,False,21.43975257873535
clipping,stealthy,1,27,rsna_01,False,30.310497283935547
clipping,stealthy,1,27,kerm_05,False,29.386550903320312
clipping,stealthy,1,27,kerm_04,False,28.474002838134766
clipping,stealthy,1,27,rsna_05,False,26.049184799194336
clipping,stealthy,1,28,rsna_12,True,26.48019027709961
clipping,stealthy,1,28,kerm_08,False,31.17691993713379
clipping,stealthy,1,28,rsna_08,False,21.111129760742188
clipping,stealthy,1,28,rsna_10,False,22.737064361572266
clipping,stealthy,1,28,kerm_04,False,22.599201202392578
clipping,stealthy,1,28,rsna_03,False,36.84097671508789
clipping,stealthy,1,28,kerm_05,False,24.904165267944336
clipping,stealthy,1,28,rsna_09,False,21.900293350219727
clipping,stealthy,1,28,kerm_07,False,31.824718475341797
clipping,stealthy,1,28,rsna_06,False,24.334598541259766
clipping,stealthy,1,28,rsna_05,False,26.94413948059082
clipping,stealthy,1,28,rsna_01,False,30.694196701049805
clipping,stealthy,1,28,rsna_02,False,36.19989776611328
clipping,stealthy,1,28,kerm_01,False,38.23316192626953
clipping,stealthy,1,28,rsna_04,False,25.875844955444336
clipping,stealthy,1,29,rsna_12,True,21.877351760864258
clipping,stealthy,1,29,rsna_10,False,22.80649185180664
clipping,stealthy,1,29,kerm_06,False,27.780885696411133
clipping,stealthy,1,29,kerm_07,False,30.497535705566406
clipping,stealthy,1,29,rsna_09,False,34.48912811279297
clipping,stealthy,1,29,kerm_03,False,21.136619567871094
clipping,stealthy,1,29,kerm_05,False,22.289731979370117
clipping,stealthy,1,29,rsna_02,False,32.51634216308594
clipping,stealthy,1,29,kerm_08,False,36.199378967285156
clipping,stealthy,1,29,kerm_02,False,34.09218978881836
clipping,stealthy,1,29,rsna_05,False,26.492040634155273
clipping,stealthy,1,29,rsna_08,False,22.88835334777832
clipping,stealthy,1,29,kerm_04,False,25.518301010131836
clipping,stealthy,1,29,rsna_01,False,43.9932746887207
clipping,stealthy,1,29,rsna_07,False,20.63791275024414
clipping,stealthy,1,30,rsna_12,True,24.0320987701416
clipping,stealthy,1,30,rsna_07,False,24.401426315307617
clipping,stealthy,1,30,rsna_01,False,37.80265426635742
clipping,stealthy,1,30,rsna_11,False,24.960298538208008
clipping,stealthy,1,30,kerm_04,False,26.542404174804688
clipping,stealthy,1,30,kerm_03,False,20.084102630615234
clipping,stealthy,1,30,rsna_08,False,24.00237464904785
clipping,stealthy,1,30,rsna_03,False,43.00636672973633
clipping,stealthy,1,30,kerm_07,False,31.695005416870117
clipping,stealthy,1,30,rsna_05,False,35.43484115600586
clipping,stealthy,1,30,rsna_09,False,20.024608612060547
clipping,stealthy,1,30,kerm_05,False,23.97677993774414
clipping,stealthy,1,30,kerm_02,False,32.36578369140625
clipping,stealthy,1,30,kerm_06,False,30.67900848388672
clipping,stealthy,1,30,rsna_06,False,30.694494247436523
clipping,stealthy,2,1,rsna_12,False,22.139266967773438
clipping,stealthy,2,1,rsna_04,False,23.874509811401367
clipping,stealthy,2,1,rsna_02,False,23.051597595214844
clipping,stealthy,2,1,rsna_06,False,22.73653221130371
clipping,stealthy,2,1,rsna_08,False,22.454391479492188
clipping,stealthy,2,1,kerm_05,False,22.386234283447266
clipping,stealthy,2,1,kerm_02,False,22.47532081604004
clipping,stealthy,2,1,rsna_09,False,22.467472076416016
clipping,stealthy,2,1,rsna_01,False,23.073183059692383
clipping,stealthy,2,1,rsna_10,False,22.075395584106445
clipping,stealthy,2,1,kerm_04,False,22.725933074951172
clipping,stealthy,2,1,kerm_01,False,22.449079513549805
clipping,stealthy,2,1,kerm_03,False,23.120418548583984
clipping,stealthy,2,1,rsna_05,False,22.695472717285156
clipping,stealthy,2,1,kerm_06,False,22.241167068481445
clipping,stealthy,2,2,rsna_04,False,19.05289077758789
clipping,stealthy,2,2,kerm_03,False,18.14508056640625
clipping,stealthy,2,2,rsna_11,False,21.77773094177246
clipping,stealthy,2,2,rsna_02,False,19.76753044128418
clipping,stealthy,2,2,rsna_03,False,18.674278259277344
clipping,stealthy,2,2,kerm_06,False,17.64495849609375
clipping,stealthy,2,2,kerm_02,False,16.97245979309082
clipping,stealthy,2,2,kerm_05,False,16.959333419799805
clipping,stealthy,2,2,rsna_06,False,18.058393478393555
clipping,stealthy,2,2,rsna_01,False,21.50210189819336
clipping,stealthy,2,2,rsna_12,False,17.179645538330078
clipping,stealthy,2,2,kerm_01,False,16.954111099243164
clipping,stealthy,2,2,rsna_09,False,18.0533390045166
clipping,stealthy,2,2,kerm_07,False,17.33549690246582
clipping,stealthy,2,2,rsna_08,False,17.93667984008789
clipping,stealthy,2,3,kerm_01,False,16.744125366210938
clipping,stealthy,2,3,kerm_05,False,19.166400909423828
clipping,stealthy,2,3,rsna_03,False,21.582714080810547
clipping,stealthy,2,3,kerm_03,False,18.133255004882812
clipping,stealthy,2,3,rsna_10,False,18.404111862182617
clipping,stealthy,2,3,rsna_11,False,19.31792640686035
clipping,stealthy,2,3,kerm_07,False,18.84950828552246
clipping,stealthy,2,3,rsna_06,False,18.026456832885742
clipping,stealthy,2,3,kerm_02,False,17.110754013061523
clipping,stealthy,2,3,kerm_08,False,18.656766891479492
clipping,stealthy,2,3,rsna_05,False,18.85251808166504
clipping,stealthy,2,3,rsna_02,False,18.805614471435547
clipping,stealthy,2,3,rsna_04,False,19.280765533447266
clipping,stealthy,2,3,rsna_08,False,18.216203689575195
clipping,stealthy,2,3,rsna_01,False,18.98050880432129
clipping,stealthy,2,4,rsna_02,False,21.220916748046875
clipping,stealthy,2,4,kerm_01,False,16.636287689208984
clipping,stealthy,2,4,kerm_03,False,18.79985237121582
clipping,stealthy,2,4,kerm_06,False,18.401552200317383
clipping,stealthy,2,4,rsna_05,False,21.134765625
clipping,stealthy,2,4,rsna_03,False,22.486417770385742
clipping,stealthy,2,4,kerm_04,False,23.23687744140625
clipping,stealthy,2,4,rsna_07,False,18.955018997192383
clipping,stealthy,2,4,rsna_09,False,18.93878746032715
clipping,stealthy,2,4,rsna_12,False,19.641361236572266
clipping,stealthy,2,4,rsna_10,False,18.21413230895996
clipping,stealthy,2,4,kerm_02,False,17.91834831237793
clipping,stealthy,2,4,rsna_01,False,23.4652042388916
clipping,stealthy,2,4,kerm_07,False,22.126937866210938
clipping,stealthy,2,4,rsna_06,False,18.33271598815918
clipping,stealthy,2,5,kerm_05,False,19.817930221557617
clipping,stealthy,2,5,rsna_07,False,18.534400939941406
clipping,stealthy,2,5,kerm_06,False,19.036123275756836
clipping,stealthy,2,5,rsna_12,False,20.4652156829834
clipping,stealthy,2,5,kerm_08,False,19.72154998779297
clipping,stealthy,2,5,rsna_09,False,17.275657653808594
clipping,stealthy,2,5,rsna_05,False,18.62408447265625
clipping,stealthy,2,5,rsna_04,False,20.062713623046875
clipping,stealthy,2,5,rsna_08,False,19.37740707397461
clipping,stealthy,2,5,kerm_01,False,17.33171844482422
clipping,stealthy,2,5,rsna_02,False,21.584245681762695
clipping,stealthy,2,5,kerm_02,False,17.377910614013672
clipping,stealthy,2,5,kerm_03,False,17.8082275390625
clipping,stealthy,2,5,rsna_03,False,21.56507682800293
clipping,stealthy,2,5,rsna_10,False,18.885351181030273
clipping,stealthy,2,6,rsna_06,False,19.481983184814453
clipping,stealthy,2,6,kerm_07,False,19.211069107055664
clipping,stealthy,2,6,kerm_02,False,16.817094802856445
clipping,stealthy,2,6,rsna_12,False,18.438684463500977
clipping,stealthy,2,6,rsna_10,False,19.17865562438965
clipping,stealthy,2,6,rsna_05,False,19.906902313232422
clipping,stealthy,2,6,rsna_11,False,20.323148727416992
clipping,stealthy,2,6,rsna_04,False,20.4608154296875
clipping,stealthy,2,6,kerm_08,False,24.489837646484375
clipping,stealthy,2,6,rsna_07,False,18.59979248046875
clipping,stealthy,2,6,kerm_03,False,17.969438552856445
clipping,stealthy,2,6,rsna_01,False,23.358678817749023
clipping,stealthy,2,6,kerm_04,False,23.653844833374023
clipping,stealthy,2,6,kerm_05,False,21.219419479370117
clipping,stealthy,2,6,kerm_01,False,19.165254592895508
clipping,stealthy,2,7,rsna_06,False,21.024274826049805
clipping,stealthy,2,7,kerm_05,False,20.245506286621094
clipping,stealthy,2,7,rsna_10,False,19.702184677124023
clipping,stealthy,2,7,kerm_01,False,17.399188995361328
clipping,stealthy,2,7,rsna_05,False,19.834924697875977
clipping,stealthy,2,7,rsna_08,False,18.997159957885742
clipping,stealthy,2,7,kerm_06,False,19.02266502380371
clipping,stealthy,2,7,rsna_09,False,19.780357360839844
clipping,stealthy,2,7,kerm_04,False,21.173017501831055
clipping,stealthy,2,7,kerm_07,False,18.99106216430664
clipping,stealthy,2,7,rsna_12,False,18.53581428527832
clipping,stealthy,2,7,rsna_07,False,19.084627151489258
clipping,stealthy,2,7,rsna_01,False,23.34998321533203
clipping,stealthy,2,7,rsna_11,False,18.561243057250977
clipping,stealthy,2,7,rsna_03,False,22.712799072265625
clipping,stealthy,2,8,rsna_03,False,23.139833450317383
clipping,stealthy,2,8,rsna_11,False,17.879484176635742
clipping,stealthy,2,8,kerm_05,False,20.619218826293945
clipping,stealthy,2,8,rsna_05,False,19.93701934814453
clipping,stealthy,2,8,kerm_08,False,21.991968154907227
clipping,stealthy,2,8,kerm_03,False,19.58281135559082
clipping,stealthy,2,8,kerm_04,False,19.039899826049805
clipping,stealthy,2,8,kerm_01,False,19.1223201751709
clipping,stealthy,2,8,rsna_04,False,21.205297470092773
clipping,stealthy,2,8,kerm_07,False,28.50589370727539
clipping,stealthy,2,8,rsna_07,False,17.375625610351562
clipping,stealthy,2,8,kerm_02,False,18.592069625854492
clipping,stealthy,2,8,rsna_06,False,20.762723922729492
clipping,stealthy,2,8,rsna_08,False,18.69735336303711
clipping,stealthy,2,8,rsna_12,False,18.27594757080078
clipping,stealthy,2,9,kerm_02,False,16.5001163482666
clipping,stealthy,2,9,kerm_03,False,19.020265579223633
clipping,stealthy,2,9,kerm_08,False,20.02016830444336
clipping,stealthy,2,9,kerm_06,False,21.008636474609375
clipping,stealthy,2,9,rsna_10,False,18.57881736755371
clipping,stealthy,2,9,rsna_07,False,21.452701568603516
clipping,stealthy,2,9,kerm_01,False,19.345911026000977
clipping,stealthy,2,9,rsna_02,False,24.63747215270996
clipping,stealthy,2,9,kerm_05,False,19.081451416015625
clipping,stealthy,2,9,rsna_08,False,19.94465446472168
clipping,stealthy,2,9,rsna_06,False,20.464744567871094
clipping,stealthy,2,9,rsna_04,False,23.285499572753906
clipping,stealthy,2,9,rsna_12,False,17.733631134033203
clipping,stealthy,2,9,rsna_05,False,19.63794708251953
clipping,stealthy,2,9,rsna_03,False,22.041954040527344
clipping,stealthy,2,10,kerm_02,False,15.989290237426758
clipping,stealthy,2,10,rsna_04,False,20.46955680847168
clipping,stealthy,2,10,rsna_07,False,17.685325622558594
clipping,stealthy,2,10,kerm_05,False,21.993955612182617
clipping,stealthy,2,10,rsna_02,False,22.711822509765625
clipping,stealthy,2,10,rsna_06,False,18.993879318237305
clipping,stealthy,2,10,rsna_10,False,18.93235206604004
clipping,stealthy,2,10,kerm_06,False,18.84339141845703
clipping,stealthy,2,10,rsna_08,False,18.140424728393555
clipping,stealthy,2,10,kerm_03,False,19.187992095947266
clipping,stealthy,2,10,rsna_01,False,25.270654678344727
clipping,stealthy,2,10,kerm_01,False,18.152118682861328
clipping,stealthy,2,10,rsna_11,False,18.750865936279297
clipping,stealthy,2,10,kerm_04,False,18.439897537231445
clipping,stealthy,2,10,rsna_05,False,19.745166778564453
clipping,stealthy,2,11,rsna_01,False,23.305561065673828
clipping,stealthy,2,11,rsna_11,False,19.266056060791016
clipping,stealthy,2,11,kerm_02,False,18.064926147460938
clipping,stealthy,2,11,rsna_09,False,19.403696060180664
clipping,stealthy,2,11,kerm_08,False,30.137739181518555
clipping,stealthy,2,11,rsna_08,False,20.003734588623047
clipping,stealthy,2,11,kerm_05,False,30.490055084228516
clipping,stealthy,2,11,rsna_02,False,23.00001335144043
clipping,stealthy,2,11,kerm_03,False,21.06829071044922
clipping,stealthy,2,11,kerm_07,False,20.686351776123047
clipping,stealthy,2,11,rsna_05,False,19.082855224609375
clipping,stealthy,2,11,rsna_04,False,20.161876678466797
clipping,stealthy,2,11,kerm_06,False,21.5755615234375
clipping,stealthy,2,11,rsna_06,False,18.67413902282715
clipping,stealthy,2,11,rsna_07,False,20.172321319580078
clipping,stealthy,2,12,kerm_05,False,19.2747859954834
clipping,stealthy,2,12,kerm_07,False,20.224544525146484
clipping,stealthy,2,12,kerm_02,False,17.827306747436523
clipping,stealthy,2,12,rsna_09,False,18.29698944091797
clipping,stealthy,2,12,rsna_03,False,27.19109344482422
clipping,stealthy,2,12,rsna_04,False,22.85837173461914
clipping,stealthy,2,12,rsna_10,False,21.70621109008789
clipping,stealthy,2,12,rsna_07,False,18.71617317199707
clipping,stealthy,2,12,rsna_12,False,18.471088409423828
clipping,stealthy,2,12,kerm_08,False,20.77588653564453
clipping,stealthy,2,12,kerm_06,False,29.681236267089844
clipping,stealthy,2,12,kerm_01,False,24.48336410522461
clipping,stealthy,2,12,rsna_02,False,29.819677352905273
clipping,stealthy,2,12,rsna_08,False,18.635845184326172
clipping,stealthy,2,12,kerm_03,False,18.062288284301758
clipping,stealthy,2,13,rsna_01,False,29.14293670654297
clipping,stealthy,2,13,rsna_07,False,20.296733856201172
clipping,stealthy,2,13,rsna_06,False,21.62103271484375
clipping,stealthy,2,13,rsna_12,False,19.45151138305664
clipping,stealthy,2,13,rsna_02,False,22.153947830200195
clipping,stealthy,2,13,rsna_08,False,18.715274810791016
clipping,stealthy,2,13,kerm_06,False,19.59813117980957
clipping,stealthy,2,13,rsna_04,False,22.493749618530273
clipping,stealthy,2,13,kerm_01,False,20.74155044555664
clipping,stealthy,2,13,kerm_05,False,19.491830825805664
clipping,stealthy,2,13,kerm_08,False,21.765605926513672
clipping,stealthy,2,13,kerm_02,False,20.560394287109375
clipping,stealthy,2,13,kerm_07,False,20.006196975708008
clipping,stealthy,2,13,rsna_09,False,19.59480857849121
clipping,stealthy,2,13,rsna_11,False,18.937870025634766
clipping,stealthy,2,14,kerm_04,False,20.092491149902344
clipping,stealthy,2,14,rsna_05,False,21.0929012298584
clipping,stealthy,2,14,kerm_02,False,18.007038116455078
clipping,stealthy,2,14,kerm_03,False,18.71863555908203
clipping,stealthy,2,14,rsna_02,False,28.677322387695312
clipping,stealthy,2,14,rsna_08,False,19.780344009399414
clipping,stealthy,2,14,rsna_09,False,19.214624404907227
clipping,stealthy,2,14,rsna_01,False,25.353351593017578
clipping,stealthy,2,14,kerm_07,False,20.182401657104492
clipping,stealthy,2,14,kerm_06,False,20.55634307861328
clipping,stealthy,2,14,rsna_03,False,21.161314010620117
clipping,stealthy,2,14,rsna_06,False,18.519432067871094
clipping,stealthy,2,14,rsna_12,False,20.82248306274414
clipping,stealthy,2,14,kerm_05,False,23.052284240722656
clipping,stealthy,2,14,rsna_07,False,17.999740600585938
clipping,stealthy,2,15,rsna_12,True,22.19220542907715
clipping,stealthy,2,15,rsna_02,False,22.979204177856445
clipping,stealthy,2,15,kerm_08,False,23.693195343017578
clipping,stealthy,2,15,rsna_03,False,21.35283660888672
clipping,stealthy,2,15,rsna_07,False,20.691587448120117
clipping,stealthy,2,15,kerm_03,False,24.541711807250977
clipping,stealthy,2,15,rsna_06,False,22.85811424255371
clipping,stealthy,2,15,kerm_06,False,21.96276092529297
clipping,stealthy,2,15,rsna_05,False,21.65141487121582
clipping,stealthy,2,15,rsna_04,False,23.209575653076172
clipping,stealthy,2,15,rsna_09,False,17.5046443939209
clipping,stealthy,2,15,rsna_11,False,24.019742965698242
clipping,stealthy,2,15,kerm_04,False,21.59419059753418
clipping,stealthy,2,15,rsna_10,False,18.424163818359375
clipping,stealthy,2,15,kerm_02,False,18.969453811645508
clipping,stealthy,2,16,rsna_12,True,21.89507293701172
clipping,stealthy,2,16,kerm_02,False,22.407032012939453
clipping,stealthy,2,16,rsna_04,False,23.018566131591797
clipping,stealthy,2,16,rsna_10,False,19.813575744628906
clipping,stealthy,2,16,kerm_06,False,21.625789642333984
clipping,stealthy,2,16,kerm_03,False,21.571956634521484
clipping,stealthy,2,16,kerm_05,False,20.10611343383789
clipping,stealthy,2,16,kerm_07,False,22.03321075439453
clipping,stealthy,2,16,rsna_02,False,27.59122657775879
clipping,stealthy,2,16,rsna_05,False,24.466815948486328
clipping,stealthy,2,16,kerm_08,False,23.797229766845703
clipping,stealthy,2,16,rsna_01,False,24.791324615478516
clipping,stealthy,2,16,rsna_06,False,23.026371002197266
clipping,stealthy,2,16,rsna_08,False,19.46796226501465
clipping,stealthy,2,16,rsna_09,False,20.459386825561523
clipping,stealthy,2,17,rsna_12,True,21.939228057861328
clipping,stealthy,2,17,rsna_06,False,23.03084373474121
clipping,stealthy,2,17,rsna_02,False,26.66959571838379
clipping,stealthy,2,17,kerm_07,False,24.795076370239258
clipping,stealthy,2,17,kerm_02,False,20.459814071655273
clipping,stealthy,2,17,rsna_05,False,21.664854049682617
clipping,stealthy,2,17,rsna_08,False,19.28348159790039
clipping,stealthy,2,17,kerm_08,False,22.41519546508789
clipping,stealthy,2,17,rsna_03,False,26.44301986694336
clipping,stealthy,2,17,kerm_05,False,20.717517852783203
clipping,stealthy,2,17,rsna_07,False,21.036405563354492
clipping,stealthy,2,17,kerm_01,False,22.13222312927246
clipping,stealthy,2,17,rsna_04,False,21.358633041381836
clipping,stealthy,2,17,kerm_04,False,28.681299209594727
clipping,stealthy,2,17,kerm_03,False,23.796951293945312
clipping,stealthy,2,18,rsna_12,True,27.755908966064453
clipping,stealthy,2,18,rsna_10,False,25.336015701293945
clipping,stealthy,2,18,rsna_04,False,20.96897315979004
clipping,stealthy,2,18,kerm_04,False,20.127241134643555
clipping,stealthy,2,18,rsna_03,False,23.581960678100586
clipping,stealthy,2,18,rsna_11,False,19.94927406311035
clipping,stealthy,2,18,kerm_02,False,19.649036407470703
clipping,stealthy,2,18,rsna_02,False,23.52704429626465
clipping,stealthy,2,18,rsna_07,False,19.81625747680664
clipping,stealthy,2,18,rsna_09,False,22.401735305786133
clipping,stealthy,2,18,rsna_06,False,24.428142547607422
clipping,stealthy,2,18,rsna_05,False,18.873456954956055
clipping,stealthy,2,18,kerm_03,False,20.008243560791016
clipping,stealthy,2,18,kerm_05,False,18.800697326660156
clipping,stealthy,2,18,kerm_08,False,23.873538970947266
clipping,stealthy,2,19,rsna_12,True,22.03338623046875
clipping,stealthy,2,19,rsna_05,False,20.192434310913086
clipping,stealthy,2,19,kerm_04,False,31.555667877197266
clipping,stealthy,2,19,rsna_08,False,17.26862335205078
clipping,stealthy,2,19,kerm_06,False,21.87279510498047
clipping,stealthy,2,19,rsna_09,False,19.23782730102539
clipping,stealthy,2,19,rsna_11,False,26.678068161010742
clipping,stealthy,2,19,kerm_05,False,19.939085006713867
clipping,stealthy,2,19,rsna_02,False,21.523277282714844
clipping,stealthy,2,19,kerm_03,False,24.031879425048828
clipping,stealthy,2,19,rsna_07,False,18.539777755737305
clipping,stealthy,2,19,kerm_01,False,26.433246612548828
clipping,stealthy,2,19,rsna_03,False,21.830120086669922
clipping,stealthy,2,19,rsna_01,False,23.188838958740234
clipping,stealthy,2,19,rsna_06,False,23.130661010742188
clipping,stealthy,2,20,rsna_12,True,22.179712295532227
clipping,stealthy,2,20,rsna_07,False,21.664512634277344
clipping,stealthy,2,20,rsna_09,False,19.48508071899414
clipping,stealthy,2,20,rsna_04,False,20.548301696777344
clipping,stealthy,2,20,rsna_11,False,25.08295440673828
clipping,stealthy,2,20,kerm_01,False,20.123502731323242
clipping,stealthy,2,20,rsna_10,False,23.760766983032227
clipping,stealthy,2,20,kerm_05,False,22.290029525756836
clipping,stealthy,2,20,kerm_04,False,21.229799270629883
clipping,stealthy,2,20,kerm_03,False,20.304983139038086
clipping,stealthy,2,20,rsna_06,False,21.653474807739258
clipping,stealthy,2,20,kerm_08,False,25.238388061523438
clipping,stealthy,2,20,rsna_01,False,24.562946319580078
clipping,stealthy,2,20,rsna_03,False,23.351869583129883
clipping,stealthy,2,20,rsna_05,False,17.929798126220703
clipping,stealthy,2,21,rsna_12,True,22.230205535888672
clipping,stealthy,2,21,rsna_09,False,20.337844848632812
clipping,stealthy,2,21,kerm_02,False,26.281604766845703
clipping,stealthy,2,21,rsna_01,False,23.999309539794922
clipping,stealthy,2,21,kerm_03,False,23.125572204589844
clipping,stealthy,2,21,kerm_01,False,30.89283561706543
clipping,stealthy,2,21,kerm_06,False,48.439964294433594
clipping,stealthy,2,21,rsna_08,False,18.939777374267578
clipping,stealthy,2,21,kerm_04,False,25.63530158996582
clipping,stealthy,2,21,kerm_05,False,18.507593154907227
clipping,stealthy,2,21,rsna_03,False,24.650083541870117
clipping,stealthy,2,21,rsna_05,False,21.498937606811523
clipping,stealthy,2,21,rsna_10,False,19.33940315246582
clipping,stealthy,2,21,rsna_02,False,23.223928451538086
clipping,stealthy,2,21,rsna_11,False,20.209226608276367
clipping,stealthy,2,22,rsna_12,True,23.52280044555664
clipping,stealthy,2,22,kerm_03,False,23.04816246032715
clipping,stealthy,2,22,rsna_07,False,21.013286590576172
clipping,stealthy,2,22,kerm_06,False,36.77114486694336
clipping,stealthy,2,22,kerm_04,False,18.90669059753418
clipping,stealthy,2,22,kerm_01,False,23.14749526977539
clipping,stealthy,2,22,rsna_08,False,21.816455841064453
clipping,stealthy,2,22,kerm_05,False,20.099149703979492
clipping,stealthy,2,22,rsna_03,False,22.668642044067383
clipping,stealthy,2,22,kerm_07,False,24.31901741027832
clipping,stealthy,2,22,rsna_02,False,23.16348648071289
clipping,stealthy,2,22,rsna_04,False,21.131214141845703
clipping,stealthy,2,22,rsna_11,False,18.727697372436523
clipping,stealthy,2,22,rsna_09,False,19.728139877319336
clipping,stealthy,2,22,rsna_10,False,21.41852378845215
clipping,stealthy,2,23,rsna_12,True,22.246257781982422
clipping,stealthy,2,23,rsna_01,False,26.05478858947754
clipping,stealthy,2,23,kerm_05,False,23.200319290161133
clipping,stealthy,2,23,rsna_11,False,25.01784896850586
clipping,stealthy,2,23,rsna_02,False,34.54302215576172
clipping,stealthy,2,23,kerm_04,False,18.92269515991211
clipping,stealthy,2,23,kerm_03,False,23.762054443359375
clipping,stealthy,2,23,rsna_06,False,27.3466854095459
clipping,stealthy,2,23,kerm_06,False,19.5513973236084
clipping,stealthy,2,23,rsna_05,False,25.190845489501953
clipping,stealthy,2,23,rsna_07,False,18.58584976196289
clipping,stealthy,2,23,rsna_04,False,27.780622482299805
clipping,stealthy,2,23,kerm_07,False,22.76413345336914
clipping,stealthy,2,23,rsna_08,False,18.770910263061523
clipping,stealthy,2,23,rsna_03,False,22.608734130859375
clipping,stealthy,2,24,rsna_12,True,22.216753005981445
clipping,stealthy,2,24,kerm_04,False,24.26527214050293
clipping,stealthy,2,24,rsna_08,False,20.089916229248047
clipping,stealthy,2,24,rsna_09,False,24.849960327148438
clipping,stealthy,2,24,rsna_01,False,25.963016510009766
clipping,stealthy,2,24,kerm_01,False,18.994239807128906
clipping,stealthy,2,24,kerm_07,False,24.706653594970703
clipping,stealthy,2,24,rsna_03,False,25.116313934326172
clipping,stealthy,2,24,rsna_04,False,23.10379981994629
clipping,stealthy,2,24,rsna_02,False,24.35162353515625
clipping,stealthy,2,24,rsna_11,False,22.999248504638672
clipping,stealthy,2,24,rsna_06,False,21.04707908630371
clipping,stealthy,2,24,rsna_07,False,18.096616744995117
clipping,stealthy,2,24,rsna_05,False,26.221044540405273
clipping,stealthy,2,24,kerm_06,False,22.622949600219727
clipping,stealthy,2,25,rsna_12,True,21.57318115234375
clipping,stealthy,2,25,kerm_06,False,23.83043670654297
clipping,stealthy,2,25,kerm_05,False,22.936019897460938
clipping,stealthy,2,25,rsna_07,False,19.334333419799805
clipping,stealthy,2,25,kerm_08,False,25.802030563354492
clipping,stealthy,2,25,rsna_03,False,25.058536529541016
clipping,stealthy,2,25,rsna_09,False,18.218698501586914
clipping,stealthy,2,25,kerm_04,False,26.742841720581055
clipping,stealthy,2,25,kerm_03,False,25.272865295410156
clipping,stealthy,2,25,rsna_10,False,26.313379287719727
clipping,stealthy,2,25,rsna_02,False,21.60013198852539
clipping,stealthy,2,25,rsna_04,False,23.6287784576416
clipping,stealthy,2,25,rsna_05,False,19.844511032104492
clipping,stealthy,2,25,kerm_01,False,20.56629753112793
clipping,stealthy,2,25,rsna_06,False,20.455934524536133
clipping,stealthy,2,26,rsna_12,True,26.812393188476562
clipping,stealthy,2,26,kerm_05,False,42.47144317626953
clipping,stealthy,2,26,rsna_05,False,22.86732292175293
clipping,stealthy,2,26,kerm_01,False,20.734167098999023
clipping,stealthy,2,26,kerm_08,False,24.459821701049805
clipping,stealthy,2,26,rsna_08,False,24.267074584960938
clipping,stealthy,2,26,rsna_02,False,24.57405662536621
clipping,stealthy,2,26,rsna_09,False,19.335416793823242
clipping,stealthy,2,26,kerm_02,False,19.993896484375
clipping,stealthy,2,26,rsna_11,False,25.357994079589844
clipping,stealthy,2,26,kerm_07,False,24.98855209350586
clipping,stealthy,2,26,rsna_03,False,23.96975326538086
clipping,stealthy,2,26,rsna_01,False,30.424245834350586
clipping,stealthy,2,26,rsna_10,False,20.097824096679688
clipping,stealthy,2,26,rsna_04,False,27.030033111572266
clipping,stealthy,2,27,rsna_12,True,21.9220027923584
clipping,stealthy,2,27,kerm_01,False,20.560401916503906
clipping,stealthy,2,27,rsna_01,False,26.97212028503418
clipping,stealthy,2,27,kerm_05,False,23.442960739135742
clipping,stealthy,2,27,rsna_03,False,21.797025680541992
clipping,stealthy,2,27,rsna_02,False,27.39231300354004
clipping,stealthy,2,27,kerm_04,False,42.12639236450195
clipping,stealthy,2,27,rsna_06,False,23.982770919799805
clipping,stealthy,2,27,kerm_06,False,23.261619567871094
clipping,stealthy,2,27,rsna_04,False,21.796707153320312
clipping,stealthy,2,27,rsna_08,False,18.69626235961914
clipping,stealthy,2,27,rsna_11,False,20.94869041442871
clipping,stealthy,2,27,rsna_10,False,22.387727737426758
clipping,stealthy,2,27,kerm_07,False,28.612281799316406
clipping,stealthy,2,27,kerm_03,False,21.130786895751953
clipping,stealthy,2,28,rsna_12,True,20.566280364990234
clipping,stealthy,2,28,kerm_01,False,25.470624923706055
clipping,stealthy,2,28,kerm_04,False,20.06208038330078
clipping,stealthy,2,28,rsna_04,False,23.0598087310791
clipping,stealthy,2,28,rsna_09,False,21.867204666137695
clipping,stealthy,2,28,kerm_03,False,20.2872257232666
clipping,stealthy,2,28,rsna_07,False,22.727794647216797
clipping,stealthy,2,28,rsna_01,False,25.218910217285156
clipping,stealthy,2,28,rsna_02,False,22.26304054260254
clipping,stealthy,2,28,rsna_05,False,20.967069625854492
clipping,stealthy,2,28,kerm_02,False,24.187347412109375
clipping,stealthy,2,28,rsna_03,False,24.233135223388672
clipping,stealthy,2,28,kerm_05,False,27.386701583862305
clipping,stealthy,2,28,kerm_08,False,28.63194465637207
clipping,stealthy,2,28,rsna_10,False,20.301694869995117
clipping,stealthy,2,29,rsna_12,True,22.11732292175293
clipping,stealthy,2,29,rsna_10,False,23.466339111328125
clipping,stealthy,2,29,rsna_04,False,21.879581451416016
clipping,stealthy,2,29,kerm_07,False,27.76542091369629
clipping,stealthy,2,29,rsna_08,False,17.876314163208008
clipping,stealthy,2,29,kerm_04,False,25.612648010253906
clipping,stealthy,2,29,kerm_08,False,27.11905860900879
clipping,stealthy,2,29,rsna_09,False,21.161985397338867
clipping,stealthy,2,29,rsna_07,False,21.365760803222656
clipping,stealthy,2,29,rsna_03,False,36.019798278808594
clipping,stealthy,2,29,rsna_05,False,20.0719051361084
clipping,stealthy,2,29,rsna_11,False,20.44023895263672
clipping,stealthy,2,29,kerm_06,False,25.41468620300293
clipping,stealthy,2,29,kerm_03,False,23.60869026184082
clipping,stealthy,2,29,rsna_06,False,20.054494857788086
clipping,stealthy,2,30,rsna_12,True,21.01801300048828
clipping,stealthy,2,30,rsna_07,False,24.014183044433594
clipping,stealthy,2,30,kerm_01,False,45.62956237792969
clipping,stealthy,2,30,kerm_07,False,25.848983764648438
clipping,stealthy,2,30,kerm_02,False,23.932281494140625
clipping,stealthy,2,30,kerm_05,False,23.62151527404785
clipping,stealthy,2,30,rsna_09,False,18.663814544677734
clipping,stealthy,2,30,rsna_11,False,20.620962142944336
clipping,stealthy,2,30,rsna_01,False,32.284053802490234
clipping,stealthy,2,30,rsna_04,False,21.757373809814453
clipping,stealthy,2,30,rsna_06,False,33.76084899902344
clipping,stealthy,2,30,rsna_02,False,32.460330963134766
clipping,stealthy,2,30,kerm_08,False,24.567440032958984
clipping,stealthy,2,30,rsna_10,False,19.10785484313965
clipping,stealthy,2,30,kerm_06,False,21.14872932434082
clipping,stealthy,3,1,rsna_03,False,22.906326293945312
clipping,stealthy,3,1,rsna_09,False,23.292192459106445
clipping,stealthy,3,1,kerm_06,False,22.58348846435547
clipping,stealthy,3,1,rsna_04,False,22.928504943847656
clipping,stealthy,3,1,rsna_01,False,23.008056640625
clipping,stealthy,3,1,rsna_12,False,22.735431671142578
clipping,stealthy,3,1,rsna_06,False,22.75886344909668
clipping,stealthy,3,1,kerm_08,False,22.345643997192383
clipping,stealthy,3,1,kerm_03,False,22.56019401550293
clipping,stealthy,3,1,rsna_02,False,23.262792587280273
clipping,stealthy,3,1,kerm_01,False,22.84163475036621
clipping,stealthy,3,1,kerm_05,False,22.20652198791504
clipping,stealthy,3,1,rsna_11,False,22.831029891967773
clipping,stealthy,3,1,rsna_07,False,22.683530807495117
clipping,stealthy,3,1,kerm_02,False,22.64385223388672
clipping,stealthy,3,2,rsna_06,False,18.06209373474121
clipping,stealthy,3,2,rsna_05,False,18.472110748291016
clipping,stealthy,3,2,rsna_04,False,18.393537521362305
clipping,stealthy,3,2,rsna_09,False,18.22216796875
clipping,stealthy,3,2,rsna_08,False,19.102519989013672
clipping,stealthy,3,2,kerm_08,False,17.416240692138672
clipping,stealthy,3,2,kerm_01,False,16.910673141479492
clipping,stealthy,3,2,kerm_02,False,17.001937866210938
clipping,stealthy,3,2,kerm_04,False,17.57415771484375
clipping,stealthy,3,2,rsna_02,False,18.375455856323242
clipping,stealthy,3,2,kerm_05,False,17.671764373779297
clipping,stealthy,3,2,rsna_01,False,19.408998489379883
clipping,stealthy,3,2,kerm_06,False,17.150379180908203
clipping,stealthy,3,2,kerm_03,False,16.94963836669922
clipping,stealthy,3,2,rsna_12,False,17.45060920715332
clipping,stealthy,3,3,rsna_06,False,19.189233779907227
clipping,stealthy,3,3,rsna_12,False,18.621416091918945
clipping,stealthy,3,3,kerm_08,False,18.600784301757812
clipping,stealthy,3,3,kerm_02,False,17.310274124145508
clipping,stealthy,3,3,rsna_08,False,18.488590240478516
clipping,stealthy,3,3,rsna_03,False,19.184743881225586
clipping,stealthy,3,3,kerm_01,False,17.323646545410156
clipping,stealthy,3,3,rsna_09,False,19.697078704833984
clipping,stealthy,3,3,kerm_05,False,19.7681827545166
clipping,stealthy,3,3,rsna_11,False,20.441505432128906
clipping,stealthy,3,3,rsna_01,False,19.589441299438477
clipping,stealthy,3,3,kerm_04,False,18.533689498901367
clipping,stealthy,3,3,rsna_07,False,18.89497184753418
clipping,stealthy,3,3,rsna_04,False,19.391910552978516
clipping,stealthy,3,3,kerm_03,False,18.19288444519043
clipping,stealthy,3,4,rsna_01,False,21.848472595214844
clipping,stealthy,3,4,kerm_05,False,21.2376708984375
clipping,stealthy,3,4,rsna_06,False,20.011173248291016
clipping,stealthy,3,4,kerm_08,False,19.97797393798828
clipping,stealthy,3,4,rsna_07,False,20.497446060180664
clipping,stealthy,3,4,rsna_05,False,20.075063705444336
clipping,stealthy,3,4,kerm_07,False,23.462949752807617
clipping,stealthy,3,4,rsna_04,False,20.909683227539062
clipping,stealthy,3,4,rsna_02,False,20.279293060302734
clipping,stealthy,3,4,rsna_10,False,19.55340003967285
clipping,stealthy,3,4,rsna_09,False,19.4954833984375
clipping,stealthy,3,4,kerm_02,False,18.75520896911621
clipping,stealthy,3,4,rsna_11,False,20.44554328918457
clipping,stealthy,3,4,kerm_04,False,22.162761688232422
clipping,stealthy,3,4,rsna_03,False,21.190248489379883
clipping,stealthy,3,5,kerm_01,False,17.784826278686523
clipping,stealthy,3,5,kerm_06,False,27.585844039916992
clipping,stealthy,3,5,rsna_04,False,18.658058166503906
clipping,stealthy,3,5,kerm_08,False,24.864742279052734
clipping,stealthy,3,5,rsna_11,False,21.18685531616211
clipping,stealthy,3,5,rsna_03,False,19.503374099731445
clipping,stealthy,3,5,rsna_02,False,20.213590621948242
clipping,stealthy,3,5,rsna_10,False,19.775510787963867
clipping,stealthy,3,5,rsna_07,False,18.552316665649414
clipping,stealthy,3,5,kerm_03,False,18.459814071655273
clipping,stealthy,3,5,kerm_05,False,24.89799690246582
clipping,stealthy,3,5,rsna_05,False,18.446035385131836
clipping,stealthy,3,5,rsna_09,False,18.319456100463867
clipping,stealthy,3,5,rsna_12,False,23.403684616088867
clipping,stealthy,3,5,kerm_02,False,17.280704498291016
clipping,stealthy,3,6,rsna_11,False,18.797405242919922
clipping,stealthy,3,6,rsna_12,False,19.160137176513672
clipping,stealthy,3,6,rsna_10,False,18.885129928588867
clipping,stealthy,3,6,kerm_02,False,17.583829879760742
clipping,stealthy,3,6,rsna_07,False,18.73194122314453
clipping,stealthy,3,6,kerm_06,False,21.135501861572266
clipping,stealthy,3,6,rsna_09,False,19.294851303100586
clipping,stealthy,3,6,rsna_04,False,21.977949142456055
clipping,stealthy,3,6,kerm_07,False,19.994586944580078
clipping,stealthy,3,6,kerm_04,False,20.68004608154297
clipping,stealthy,3,6,kerm_01,False,18.995481491088867
clipping,stealthy,3,6,rsna_01,False,22.56879425048828
clipping,stealthy,3,6,kerm_05,False,24.576215744018555
clipping,stealthy,3,6,kerm_03,False,17.661001205444336
clipping,stealthy,3,6,rsna_05,False,19.879560470581055
clipping,stealthy,3,7,rsna_01,False,24.55574607849121
clipping,stealthy,3,7,kerm_08,False,20.205644607543945
clipping,stealthy,3,7,rsna_06,False,21.551319122314453
clipping,stealthy,3,7,kerm_01,False,21.344003677368164
clipping,stealthy,3,7,rsna_05,False,20.549518585205078
clipping,stealthy,3,7,kerm_06,False,22.695524215698242
clipping,stealthy,3,7,rsna_03,False,23.74338722229004
clipping,stealthy,3,7,rsna_11,False,18.72501564025879
clipping,stealthy,3,7,kerm_04,False,16.59248161315918
clipping,stealthy,3,7,rsna_09,False,18.85516929626465
clipping,stealthy,3,7,kerm_02,False,18.040170669555664
clipping,stealthy,3,7,kerm_07,False,22.645191192626953
clipping,stealthy,3,7,rsna_04,False,22.521127700805664
clipping,stealthy,3,7,kerm_05,False,22.72834587097168
clipping,stealthy,3,7,kerm_03,False,18.000389099121094
clipping,stealthy,3,8,kerm_03,False,16.615659713745117
clipping,stealthy,3,8,rsna_02,False,22.658018112182617
clipping,stealthy,3,8,rsna_06,False,19.11663818359375
clipping,stealthy,3,8,kerm_06,False,18.791460037231445
clipping,stealthy,3,8,kerm_01,False,18.294607162475586
clipping,stealthy,3,8,rsna_01,False,23.844707489013672
clipping,stealthy,3,8,rsna_11,False,18.415760040283203
clipping,stealthy,3,8,kerm_07,False,32.39094161987305
clipping,stealthy,3,8,rsna_09,False,18.862340927124023
clipping,stealthy,3,8,rsna_10,False,19.87223243713379
clipping,stealthy,3,8,kerm_04,False,22.205272674560547
clipping,stealthy,3,8,rsna_08,False,19.616575241088867
clipping,stealthy,3,8,kerm_05,False,25.113821029663086
clipping,stealthy,3,8,kerm_08,False,20.567310333251953
clipping,stealthy,3,8,rsna_12,False,19.412067413330078
clipping,stealthy,3,9,rsna_07,False,20.584213256835938
clipping,stealthy,3,9,kerm_02,False,20.47016143798828
clipping,stealthy,3,9,rsna_01,False,30.883974075317383
clipping,stealthy,3,9,rsna_09,False,19.756616592407227
clipping,stealthy,3,9,kerm_04,False,18.565210342407227
clipping,stealthy,3,9,rsna_05,False,23.111600875854492
clipping,stealthy,3,9,kerm_03,False,17.65028953552246
clipping,stealthy,3,9,rsna_04,False,23.364459991455078
clipping,stealthy,3,9,rsna_02,False,27.75382423400879
clipping,stealthy,3,9,kerm_07,False,18.730083465576172
clipping,stealthy,3,9,kerm_01,False,21.532644271850586
clipping,stealthy,3,9,rsna_06,False,22.280710220336914
clipping,stealthy,3,9,rsna_08,False,20.278902053833008
clipping,stealthy,3,9,rsna_11,False,17.716575622558594
clipping,stealthy,3,9,rsna_10,False,19.202865600585938
clipping,stealthy,3,10,rsna_01,False,24.994186401367188
clipping,stealthy,3,10,kerm_07,False,22.02482032775879
clipping,stealthy,3,10,rsna_11,False,19.411670684814453
clipping,stealthy,3,10,rsna_06,False,18.191938400268555
clipping,stealthy,3,10,kerm_02,False,18.606369018554688
clipping,stealthy,3,10,rsna_08,False,22.073726654052734
clipping,stealthy,3,10,rsna_12,False,22.18990135192871
clipping,stealthy,3,10,kerm_08,False,21.951126098632812
clipping,stealthy,3,10,rsna_05,False,19.877586364746094
clipping,stealthy,3,10,rsna_10,False,19.42435073852539
clipping,stealthy,3,10,rsna_09,False,18.754594802856445
clipping,stealthy,3,10,rsna_04,False,21.9162540435791
clipping,stealthy,3,10,kerm_06,False,29.35284996032715
clipping,stealthy,3,10,kerm_05,False,30.525192260742188
clipping,stealthy,3,10,kerm_04,False,19.347949981689453
clipping,stealthy,3,11,rsna_01,False,30.033475875854492
clipping,stealthy,3,11,rsna_02,False,31.74861717224121
clipping,stealthy,3,11,rsna_11,False,18.758403778076172
clipping,stealthy,3,11,kerm_07,False,22.69740104675293
clipping,stealthy,3,11,rsna_04,False,24.312631607055664
clipping,stealthy,3,11,rsna_10,False,21.50210189819336
clipping,stealthy,3,11,kerm_05,False,20.885374069213867
clipping,stealthy,3,11,rsna_06,False,21.28129005432129
clipping,stealthy,3,11,rsna_03,False,27.496145248413086
clipping,stealthy,3,11,kerm_03,False,16.949275970458984
clipping,stealthy,3,11,rsna_05,False,24.898117065429688
clipping,stealthy,3,11,rsna_07,False,20.522233963012695
clipping,stealthy,3,11,kerm_04,False,17.97494888305664
clipping,stealthy,3,11,rsna_09,False,20.72552490234375
clipping,stealthy,3,11,kerm_02,False,20.198881149291992
clipping,stealthy,3,12,rsna_07,False,22.04227638244629
clipping,stealthy,3,12,kerm_01,False,20.119834899902344
clipping,stealthy,3,12,kerm_03,False,20.187379837036133
clipping,stealthy,3,12,rsna_04,False,21.495628356933594
clipping,stealthy,3,12,rsna_12,False,20.21350860595703
clipping,stealthy,3,12,rsna_09,False,19.046875
clipping,stealthy,3,12,rsna_11,False,21.086349487304688
clipping,stealthy,3,12,rsna_10,False,21.511255264282227
clipping,stealthy,3,12,rsna_03,False,20.634471893310547
clipping,stealthy,3,12,rsna_06,False,19.773521423339844
clipping,stealthy,3,12,rsna_08,False,18.168855667114258
clipping,stealthy,3,12,rsna_02,False,25.664447784423828
clipping,stealthy,3,12,kerm_02,False,17.71221351623535
clipping,stealthy,3,12,kerm_06,False,32.31678771972656
clipping,stealthy,3,12,kerm_08,False,23.321945190429688
clipping,stealthy,3,13,rsna_06,False,19.059215545654297
clipping,stealthy,3,13,rsna_01,False,23.147239685058594
clipping,stealthy,3,13,kerm_01,False,20.325702667236328
clipping,stealthy,3,13,rsna_02,False,23.2598876953125
clipping,stealthy,3,13,kerm_06,False,22.948062896728516
clipping,stealthy,3,13,rsna_12,False,20.346811294555664
clipping,stealthy,3,13,rsna_04,False,21.712514877319336
clipping,stealthy,3,13,rsna_09,False,19.20518684387207
clipping,stealthy,3,13,rsna_10,False,18.45494270324707
clipping,stealthy,3,13,rsna_11,False,18.535316467285156
clipping,stealthy,3,13,rsna_07,False,19.5406494140625
clipping,stealthy,3,13,kerm_05,False,27.267282485961914
clipping,stealthy,3,13,rsna_03,False,24.357017517089844
clipping,stealthy,3,13,kerm_03,False,20.634960174560547
clipping,stealthy,3,13,kerm_08,False,20.79896354675293
clipping,stealthy,3,14,rsna_09,False,19.153305053710938
clipping,stealthy,3,14,rsna_08,False,18.59779930114746
clipping,stealthy,3,14,kerm_05,False,36.339576721191406
clipping,stealthy,3,14,rsna_06,False,21.704553604125977
clipping,stealthy,3,14,kerm_04,False,29.035554885864258
clipping,stealthy,3,14,rsna_04,False,21.413042068481445
clipping,stealthy,3,14,kerm_06,False,29.12795639038086
clipping,stealthy,3,14,rsna_02,False,29.270418167114258
clipping,stealthy,3,14,kerm_07,False,21.09400749206543
clipping,stealthy,3,14,rsna_10,False,21.06239891052246
clipping,stealthy,3,14,rsna_03,False,28.371889114379883
clipping,stealthy,3,14,kerm_02,False,19.047088623046875
clipping,stealthy,3,14,kerm_08,False,21.824535369873047
clipping,stealthy,3,14,rsna_07,False,22.229202270507812
clipping,stealthy,3,14,rsna_05,False,20.10174560546875
clipping,stealthy,3,15,rsna_12,True,29.665956497192383
clipping,stealthy,3,15,rsna_10,False,19.960758209228516
clipping,stealthy,3,15,kerm_07,False,23.060781478881836
clipping,stealthy,3,15,rsna_02,False,27.909135818481445
clipping,stealthy,3,15,rsna_03,False,23.44989585876465
clipping,stealthy,3,15,rsna_06,False,20.4301700592041
clipping,stealthy,3,15,kerm_08,False,23.001737594604492
clipping,stealthy,3,15,kerm_05,False,18.009132385253906
clipping,stealthy,3,15,kerm_02,False,20.4993896484375
clipping,stealthy,3,15,rsna_05,False,24.366830825805664
clipping,stealthy,3,15,kerm_03,False,18.590164184570312
clipping,stealthy,3,15,rsna_11,False,18.833913803100586
clipping,stealthy,3,15,rsna_01,False,25.306901931762695
clipping,stealthy,3,15,kerm_04,False,20.52546501159668
clipping,stealthy,3,15,kerm_06,False,22.208084106445312
clipping,stealthy,3,16,rsna_12,True,28.089597702026367
clipping,stealthy,3,16,rsna_11,False,18.346799850463867
clipping,stealthy,3,16,kerm_03,False,18.29433822631836
clipping,stealthy,3,16,kerm_08,False,24.60053253173828
clipping,stealthy,3,16,rsna_01,False,26.216989517211914
clipping,stealthy,3,16,rsna_08,False,18.76158905029297
clipping,stealthy,3,16,rsna_02,False,27.81574821472168
clipping,stealthy,3,16,kerm_04,False,18.906627655029297
clipping,stealthy,3,16,rsna_09,False,19.97334861755371
clipping,stealthy,3,16,kerm_05,False,29.13054656982422
clipping,stealthy,3,16,kerm_06,False,24.65155792236328
clipping,stealthy,3,16,rsna_03,False,22.423038482666016
clipping,stealthy,3,16,rsna_06,False,26.114559173583984
clipping,stealthy,3,16,kerm_01,False,20.19899559020996
clipping,stealthy,3,16,rsna_07,False,25.12812042236328
clipping,stealthy,3,17,rsna_12,True,20.250024795532227
clipping,stealthy,3,17,rsna_10,False,21.18369483947754
clipping,stealthy,3,17,kerm_08,False,23.16450309753418
clipping,stealthy,3,17,kerm_05,False,23.15837860107422
clipping,stealthy,3,17,kerm_01,False,19.03837013244629
clipping,stealthy,3,17,rsna_05,False,21.450191497802734
clipping,stealthy,3,17,rsna_06,False,27.574438095092773
clipping,stealthy,3,17,rsna_04,False,25.42612648010254
clipping,stealthy,3,17,rsna_08,False,21.663156509399414
clipping,stealthy,3,17,rsna_07,False,20.17852783203125
clipping,stealthy,3,17,kerm_03,False,18.716299057006836
clipping,stealthy,3,17,kerm_02,False,18.539363861083984
clipping,stealthy,3,17,kerm_04,False,19.762781143188477
clipping,stealthy,3,17,rsna_03,False,25.203495025634766
clipping,stealthy,3,17,rsna_11,False,22.069108963012695
clipping,stealthy,3,18,rsna_12,True,25.131561279296875
clipping,stealthy,3,18,rsna_09,False,17.938901901245117
clipping,stealthy,3,18,kerm_05,False,33.182430267333984
clipping,stealthy,3,18,rsna_07,False,21.99223518371582
clipping,stealthy,3,18,kerm_08,False,24.813556671142578
clipping,stealthy,3,18,kerm_04,False,30.052234649658203
clipping,stealthy,3,18,rsna_05,False,21.177202224731445
clipping,stealthy,3,18,rsna_08,False,21.45042610168457
clipping,stealthy,3,18,kerm_06,False,25.203527450561523
clipping,stealthy,3,18,rsna_02,False,23.949081420898438
clipping,stealthy,3,18,kerm_02,False,18.53058433532715
clipping,stealthy,3,18,rsna_04,False,21.22222328186035
clipping,stealthy,3,18,rsna_11,False,19.4080810546875
clipping,stealthy,3,18,kerm_03,False,17.4405574798584
clipping,stealthy,3,18,rsna_06,False,22.11638641357422
clipping,stealthy,3,19,rsna_12,True,23.08348846435547
clipping,stealthy,3,19,kerm_03,False,20.359159469604492
clipping,stealthy,3,19,kerm_01,False,21.870058059692383
clipping,stealthy,3,19,rsna_04,False,30.15938377380371
clipping,stealthy,3,19,kerm_08,False,24.646780014038086
clipping,stealthy,3,19,kerm_05,False,19.924875259399414
clipping,stealthy,3,19,rsna_11,False,20.3814640045166
clipping,stealthy,3,19,kerm_02,False,25.11461639404297
clipping,stealthy,3,19,kerm_04,False,17.356142044067383
clipping,stealthy,3,19,rsna_10,False,21.802730560302734
clipping,stealthy,3,19,rsna_08,False,19.43651008605957
clipping,stealthy,3,19,rsna_02,False,27.658536911010742
clipping,stealthy,3,19,rsna_06,False,19.71152114868164
clipping,stealthy,3,19,rsna_05,False,31.47097396850586
clipping,stealthy,3,19,rsna_07,False,22.750844955444336
clipping,stealthy,3,20,rsna_12,True,21.172996520996094
clipping,stealthy,3,20,rsna_01,False,28.44019889831543
clipping,stealthy,3,20,rsna_02,False,25.686220169067383
clipping,stealthy,3,20,rsna_04,False,20.61651611328125
clipping,stealthy,3,20,rsna_08,False,23.668535232543945
clipping,stealthy,3,20,rsna_11,False,20.95570182800293
clipping,stealthy,3,20,kerm_03,False,21.631591796875
clipping,stealthy,3,20,kerm_04,False,19.873262405395508
clipping,stealthy,3,20,kerm_05,False,27.591106414794922
clipping,stealthy,3,20,kerm_01,False,27.429672241210938
clipping,stealthy,3,20,rsna_07,False,26.694910049438477
clipping,stealthy,3,20,kerm_06,False,23.86968421936035
clipping,stealthy,3,20,kerm_02,False,19.455219268798828
clipping,stealthy,3,20,kerm_07,False,25.171350479125977
clipping,stealthy,3,20,rsna_05,False,31.670568466186523
clipping,stealthy,3,21,rsna_12,True,24.199108123779297
clipping,stealthy,3,21,rsna_03,False,23.413818359375
clipping,stealthy,3,21,rsna_02,False,26.952301025390625
clipping,stealthy,3,21,rsna_08,False,21.80274200439453
clipping,stealthy,3,21,kerm_08,False,26.039363861083984
clipping,stealthy,3,21,kerm_07,False,27.001625061035156
clipping,stealthy,3,21,kerm_02,False,22.337942123413086
clipping,stealthy,3,21,rsna_04,False,23.03273582458496
clipping,stealthy,3,21,kerm_04,False,19.361547470092773
clipping,stealthy,3,21,kerm_01,False,21.46794891357422
clipping,stealthy,3,21,rsna_05,False,20.447980880737305
clipping,stealthy,3,21,kerm_06,False,23.525142669677734
clipping,stealthy,3,21,rsna_06,False,21.6085147857666
clipping,stealthy,3,21,rsna_07,False,20.862871170043945
clipping,stealthy,3,21,rsna_01,False,28.762765884399414
clipping,stealthy,3,22,rsna_12,True,22.485273361206055
clipping,stealthy,3,22,kerm_08,False,28.24574851989746
clipping,stealthy,3,22,kerm_06,False,34.16400146484375
clipping,stealthy,3,22,kerm_07,False,26.164960861206055
clipping,stealthy,3,22,rsna_02,False,22.597076416015625
clipping,stealthy,3,22,kerm_02,False,19.29867935180664
clipping,stealthy,3,22,rsna_06,False,21.66396141052246
clipping,stealthy,3,22,rsna_03,False,20.972501754760742
clipping,stealthy,3,22,rsna_08,False,24.906879425048828
clipping,stealthy,3,22,rsna_05,False,23.056249618530273
clipping,stealthy,3,22,rsna_04,False,22.044300079345703
clipping,stealthy,3,22,kerm_03,False,20.812097549438477
clipping,stealthy,3,22,rsna_10,False,27.608291625976562
clipping,stealthy,3,22,kerm_04,False,21.131153106689453
clipping,stealthy,3,22,kerm_05,False,40.849082946777344
clipping,stealthy,3,23,rsna_12,True,27.205368041992188
clipping,stealthy,3,23,rsna_03,False,23.352933883666992
clipping,stealthy,3,23,rsna_09,False,29.555295944213867
clipping,stealthy,3,23,kerm_04,False,21.480823516845703
clipping,stealthy,3,23,rsna_06,False,23.496660232543945
clipping,stealthy,3,23,rsna_04,False,25.088171005249023
clipping,stealthy,3,23,kerm_01,False,29.62488555908203
clipping,stealthy,3,23,rsna_01,False,27.674863815307617
clipping,stealthy,3,23,rsna_08,False,21.41192626953125
clipping,stealthy,3,23,rsna_07,False,29.157150268554688
clipping,stealthy,3,23,kerm_06,False,22.537397384643555
clipping,stealthy,3,23,rsna_10,False,24.28375816345215
clipping,stealthy,3,23,kerm_08,False,24.638574600219727
clipping,stealthy,3,23,kerm_02,False,20.668540954589844
clipping,stealthy,3,23,rsna_05,False,24.36705207824707
clipping,stealthy,3,24,rsna_12,True,25.912755966186523
clipping,stealthy,3,24,rsna_08,False,18.83234214782715
clipping,stealthy,3,24,rsna_04,False,23.03257942199707
clipping,stealthy,3,24,kerm_01,False,20.636295318603516
clipping,stealthy,3,24,rsna_07,False,29.401166915893555
clipping,stealthy,3,24,kerm_07,False,29.475780487060547
clipping,stealthy,3,24,rsna_06,False,23.357345581054688
clipping,stealthy,3,24,rsna_10,False,19.762929916381836
clipping,stealthy,3,24,kerm_05,False,31.155061721801758
clipping,stealthy,3,24,kerm_03,False,18.109464645385742
clipping,stealthy,3,24,kerm_08,False,33.92964172363281
clipping,stealthy,3,24,rsna_11,False,21.07436752319336
clipping,stealthy,3,24,kerm_02,False,21.765718460083008
clipping,stealthy,3,24,rsna_02,False,24.48223304748535
clipping,stealthy,3,24,rsna_01,False,29.064559936523438
clipping,stealthy,3,25,rsna_12,True,22.383886337280273
clipping,stealthy,3,25,kerm_05,False,19.353145599365234
clipping,stealthy,3,25,rsna_07,False,22.56553840637207
clipping,stealthy,3,25,rsna_06,False,45.270118713378906
clipping,stealthy,3,25,rsna_09,False,22.62773323059082
clipping,stealthy,3,25,kerm_06,False,24.03633689880371
clipping,stealthy,3,25,rsna_10,False,32.03019332885742
clipping,stealthy,3,25,rsna_05,False,20.949247360229492
clipping,stealthy,3,25,kerm_04,False,17.985925674438477
clipping,stealthy,3,25,rsna_08,False,21.054780960083008
clipping,stealthy,3,25,rsna_02,False,24.174835205078125
clipping,stealthy,3,25,kerm_03,False,21.562820434570312
clipping,stealthy,3,25,kerm_02,False,20.077951431274414
clipping,stealthy,3,25,rsna_01,False,25.165081024169922
clipping,stealthy,3,25,kerm_08,False,24.503868103027344
clipping,stealthy,3,26,rsna_12,True,20.751428604125977
clipping,stealthy,3,26,rsna_02,False,26.933502197265625
clipping,stealthy,3,26,rsna_09,False,19.96028709411621
clipping,stealthy,3,26,rsna_06,False,23.08374786376953
clipping,stealthy,3,26,kerm_07,False,33.349735260009766
clipping,stealthy,3,26,rsna_01,False,27.884479522705078
clipping,stealthy,3,26,kerm_01,False,24.77373504638672
clipping,stealthy,3,26,kerm_05,False,30.755504608154297
clipping,stealthy,3,26,rsna_05,False,23.36263084411621
clipping,stealthy,3,26,rsna_10,False,23.027179718017578
clipping,stealthy,3,26,rsna_11,False,20.87200927734375
clipping,stealthy,3,26,kerm_02,False,18.442150115966797
clipping,stealthy,3,26,kerm_06,False,24.400896072387695
clipping,stealthy,3,26,rsna_04,False,21.968505859375
clipping,stealthy,3,26,rsna_08,False,19.23299217224121
clipping,stealthy,3,27,rsna_12,True,26.72097396850586
clipping,stealthy,3,27,kerm_06,False,25.814165115356445
clipping,stealthy,3,27,kerm_02,False,22.634138107299805
clipping,stealthy,3,27,kerm_03,False,19.576854705810547
clipping,stealthy,3,27,rsna_04,False,25.747028350830078
clipping,stealthy,3,27,kerm_04,False,24.94436264038086
clipping,stealthy,3,27,rsna_02,False,27.342384338378906
clipping,stealthy,3,27,rsna_10,False,20.653099060058594
clipping,stealthy,3,27,rsna_03,False,26.885393142700195
clipping,stealthy,3,27,rsna_08,False,19.112043380737305
clipping,stealthy,3,27,kerm_07,False,29.01347541809082
clipping,stealthy,3,27,kerm_05,False,33.61690139770508
clipping,stealthy,3,27,rsna_05,False,36.96989059448242
clipping,stealthy,3,27,rsna_07,False,28.017580032348633
clipping,stealthy,3,27,kerm_08,False,26.410154342651367
clipping,stealthy,3,28,rsna_12,True,21.560894012451172
clipping,stealthy,3,28,rsna_02,False,32.72174072265625
clipping,stealthy,3,28,rsna_06,False,20.186046600341797
clipping,stealthy,3,28,rsna_07,False,21.479188919067383
clipping,stealthy,3,28,rsna_11,False,22.732135772705078
clipping,stealthy,3,28,rsna_10,False,25.483810424804688
clipping,stealthy,3,28,kerm_02,False,19.735719680786133
clipping,stealthy,3,28,rsna_04,False,24.364492416381836
clipping,stealthy,3,28,kerm_04,False,18.354633331298828
clipping,stealthy,3,28,kerm_07,False,26.00480842590332
clipping,stealthy,3,28,rsna_05,False,24.553098678588867
clipping,stealthy,3,28,rsna_03,False,32.96680450439453
clipping,stealthy,3,28,rsna_08,False,21.02680778503418
clipping,stealthy,3,28,kerm_01,False,34.37641906738281
clipping,stealthy,3,28,kerm_08,False,26.844648361206055
clipping,stealthy,3,29,rsna_12,True,23.2890682220459
clipping,stealthy,3,29,rsna_09,False,19.993099212646484
clipping,stealthy,3,29,rsna_10,False,37.66981887817383
clipping,stealthy,3,29,rsna_04,False,22.95861053466797
clipping,stealthy,3,29,kerm_05,False,30.319034576416016
clipping,stealthy,3,29,rsna_11,False,20.631338119506836
clipping,stealthy,3,29,kerm_04,False,24.800098419189453
clipping,stealthy,3,29,rsna_06,False,28.089664459228516
clipping,stealthy,3,29,rsna_07,False,22.459285736083984
clipping,stealthy,3,29,kerm_02,False,19.593114852905273
clipping,stealthy,3,29,rsna_08,False,33.600852966308594
clipping,stealthy,3,29,rsna_02,False,29.240127563476562
clipping,stealthy,3,29,kerm_08,False,29.088253021240234
clipping,stealthy,3,29,kerm_01,False,21.034006118774414
clipping,stealthy,3,29,rsna_03,False,21.480548858642578
clipping,stealthy,3,30,rsna_12,True,20.876447677612305
clipping,stealthy,3,30,kerm_01,False,21.244844436645508
clipping,stealthy,3,30,rsna_10,False,22.907386779785156
clipping,stealthy,3,30,rsna_09,False,23.778772354125977
clipping,stealthy,3,30,kerm_05,False,22.574172973632812
clipping,stealthy,3,30,rsna_06,False,23.407438278198242
clipping,stealthy,3,30,rsna_04,False,21.3901424407959
clipping,stealthy,3,30,rsna_08,False,18.63322639465332
clipping,stealthy,3,30,rsna_07,False,27.42070770263672
clipping,stealthy,3,30,rsna_05,False,23.86190414428711
clipping,stealthy,3,30,kerm_08,False,35.59700393676758
clipping,stealthy,3,30,kerm_02,False,18.592981338500977
clipping,stealthy,3,30,kerm_03,False,22.458993911743164
clipping,stealthy,3,30,rsna_11,False,25.655166625976562
clipping,stealthy,3,30,kerm_07,False,32.99237060546875
clipping,stealthy,4,1,rsna_04,False,22.957143783569336
clipping,stealthy,4,1,kerm_07,False,22.17970848083496
clipping,stealthy,4,1,rsna_02,False,23.487957000732422
clipping,stealthy,4,1,kerm_02,False,22.726097106933594
clipping,stealthy,4,1,rsna_10,False,22.286958694458008
clipping,stealthy,4,1,rsna_08,False,22.544837951660156
clipping,stealthy,4,1,rsna_11,False,22.415430068969727
clipping,stealthy,4,1,kerm_05,False,22.19849967956543
clipping,stealthy,4,1,rsna_06,False,22.75531578063965
clipping,stealthy,4,1,rsna_01,False,23.095054626464844
clipping,stealthy,4,1,rsna_03,False,23.69997787475586
clipping,stealthy,4,1,rsna_12,False,22.27552032470703
clipping,stealthy,4,1,rsna_09,False,22.859172821044922
clipping,stealthy,4,1,rsna_07,False,23.15782356262207
clipping,stealthy,4,1,kerm_08,False,22.37786865234375
clipping,stealthy,4,2,rsna_06,False,18.894174575805664
clipping,stealthy,4,2,kerm_06,False,17.81914710998535
clipping,stealthy,4,2,kerm_03,False,17.064697265625
clipping,stealthy,4,2,rsna_04,False,18.78891944885254
clipping,stealthy,4,2,rsna_09,False,17.88773536682129
clipping,stealthy,4,2,kerm_08,False,17.105804443359375
clipping,stealthy,4,2,rsna_08,False,17.866840362548828
clipping,stealthy,4,2,rsna_12,False,17.669384002685547
clipping,stealthy,4,2,rsna_11,False,18.209684371948242
clipping,stealthy,4,2,rsna_02,False,19.38667106628418
clipping,stealthy,4,2,rsna_03,False,18.87260627746582
clipping,stealthy,4,2,rsna_05,False,19.610469818115234
clipping,stealthy,4,2,kerm_07,False,17.952396392822266
clipping,stealthy,4,2,rsna_07,False,18.131160736083984
clipping,stealthy,4,2,rsna_01,False,19.59042739868164
clipping,stealthy,4,3,kerm_01,False,17.663074493408203
clipping,stealthy,4,3,rsna_08,False,18.679122924804688
clipping,stealthy,4,3,kerm_02,False,18.596460342407227
clipping,stealthy,4,3,kerm_08,False,20.292922973632812
clipping,stealthy,4,3,rsna_01,False,22.129098892211914
clipping,stealthy,4,3,rsna_10,False,20.079795837402344
clipping,stealthy,4,3,kerm_06,False,20.62578773498535
clipping,stealthy,4,3,rsna_11,False,18.890045166015625
clipping,stealthy,4,3,rsna_09,False,18.94717025756836
clipping,stealthy,4,3,kerm_05,False,18.478620529174805
clipping,stealthy,4,3,rsna_03,False,21.031578063964844
clipping,stealthy,4,3,kerm_07,False,19.47023582458496
clipping,stealthy,4,3,rsna_06,False,18.609622955322266
clipping,stealthy,4,3,rsna_04,False,19.225561141967773
clipping,stealthy,4,3,rsna_05,False,18.57475471496582
clipping,stealthy,4,4,kerm_01,False,17.49344825744629
clipping,stealthy,4,4,rsna_12,False,19.046524047851562
clipping,stealthy,4,4,rsna_06,False,20.595163345336914
clipping,stealthy,4,4,rsna_07,False,19.62657356262207
clipping,stealthy,4,4,kerm_02,False,17.79168128967285
clipping,stealthy,4,4,kerm_04,False,17.687368392944336
clipping,stealthy,4,4,rsna_05,False,19.579133987426758
clipping,stealthy,4,4,rsna_04,False,18.902589797973633
clipping,stealthy,4,4,rsna_11,False,18.362060546875
clipping,stealthy,4,4,rsna_03,False,21.39523696899414
clipping,stealthy,4,4,kerm_07,False,18.94457244873047
clipping,stealthy,4,4,rsna_08,False,18.743322372436523
clipping,stealthy,4,4,rsna_01,False,24.079097747802734
clipping,stealthy,4,4,kerm_03,False,17.7127628326416
clipping,stealthy,4,4,kerm_08,False,20.09366798400879
clipping,stealthy,4,5,rsna_11,False,18.966106414794922
clipping,stealthy,4,5,rsna_09,False,18.879518508911133
clipping,stealthy,4,5,kerm_01,False,17.660661697387695
clipping,stealthy,4,5,kerm_04,False,18.52897071838379
clipping,stealthy,4,5,kerm_06,False,19.679712295532227
clipping,stealthy,4,5,rsna_06,False,19.504728317260742
clipping,stealthy,4,5,kerm_02,False,18.782066345214844
clipping,stealthy,4,5,rsna_12,False,18.8092098236084
clipping,stealthy,4,5,rsna_05,False,19.502742767333984
clipping,stealthy,4,5,rsna_07,False,18.340293884277344
clipping,stealthy,4,5,rsna_02,False,23.075410842895508
clipping,stealthy,4,5,kerm_08,False,20.667116165161133
clipping,stealthy,4,5,kerm_07,False,19.949670791625977
clipping,stealthy,4,5,kerm_03,False,17.21652603149414
clipping,stealthy,4,5,rsna_10,False,18.78807258605957
clipping,stealthy,4,6,rsna_02,False,23.53844451904297
clipping,stealthy,4,6,rsna_11,False,18.6323184967041
clipping,stealthy,4,6,rsna_04,False,23.073410034179688
clipping,stealthy,4,6,rsna_12,False,18.07212257385254
clipping,stealthy,4,6,kerm_07,False,19.573829650878906
clipping,stealthy,4,6,kerm_08,False,20.52419662475586
clipping,stealthy,4,6,rsna_03,False,24.775915145874023
clipping,stealthy,4,6,rsna_07,False,19.208961486816406
clipping,stealthy,4,6,kerm_03,False,18.253015518188477
clipping,stealthy,4,6,kerm_04,False,17.555635452270508
clipping,stealthy,4,6,kerm_06,False,18.352323532104492
clipping,stealthy,4,6,rsna_05,False,22.544282913208008
clipping,stealthy,4,6,kerm_05,False,16.606630325317383
clipping,stealthy,4,6,kerm_02,False,18.762962341308594
clipping,stealthy,4,6,kerm_01,False,19.24542808532715
clipping,stealthy,4,7,rsna_02,False,23.951011657714844
clipping,stealthy,4,7,kerm_05,False,20.349689483642578
clipping,stealthy,4,7,rsna_05,False,20.77091407775879
clipping,stealthy,4,7,rsna_06,False,21.05840492248535
clipping,stealthy,4,7,kerm_01,False,19.24937629699707
clipping,stealthy,4,7,rsna_01,False,28.44605827331543
clipping,stealthy,4,7,rsna_09,False,19.606531143188477
clipping,stealthy,4,7,kerm_04,False,18.61065101623535
clipping,stealthy,4,7,kerm_06,False,19.106739044189453
clipping,stealthy,4,7,rsna_11,False,18.3631534576416
clipping,stealthy,4,7,kerm_03,False,19.051084518432617
clipping,stealthy,4,7,rsna_10,False,19.589027404785156
clipping,stealthy,4,7,rsna_04,False,21.90271759033203
clipping,stealthy,4,7,rsna_12,False,19.56173324584961
clipping,stealthy,4,7,rsna_08,False,19.304716110229492
clipping,stealthy,4,8,kerm_01,False,19.39824867248535
clipping,stealthy,4,8,kerm_04,False,19.122276306152344
clipping,stealthy,4,8,kerm_07,False,21.497982025146484
clipping,stealthy,4,8,rsna_04,False,19.970203399658203
clipping,stealthy,4,8,rsna_08,False,19.742794036865234
clipping,stealthy,4,8,kerm_08,False,22.148420333862305
clipping,stealthy,4,8,rsna_09,False,21.137046813964844
clipping,stealthy,4,8,rsna_05,False,19.593400955200195
clipping,stealthy,4,8,rsna_07,False,19.867427825927734
clipping,stealthy,4,8,rsna_12,False,22.33464813232422
clipping,stealthy,4,8,kerm_06,False,22.36734390258789
clipping,stealthy,4,8,rsna_11,False,20.336767196655273
clipping,stealthy,4,8,rsna_02,False,22.489412307739258
clipping,stealthy,4,8,kerm_02,False,19.328187942504883
clipping,stealthy,4,8,rsna_06,False,20.708242416381836
clipping,stealthy,4,9,kerm_07,False,20.371997833251953
clipping,stealthy,4,9,rsna_05,False,21.97974395751953
clipping,stealthy,4,9,kerm_05,False,18.225608825683594
clipping,stealthy,4,9,kerm_01,False,24.018238067626953
clipping,stealthy,4,9,rsna_09,False,18.312976837158203
clipping,stealthy,4,9,kerm_03,False,21.73225212097168
clipping,stealthy,4,9,rsna_02,False,22.51207160949707
clipping,stealthy,4,9,kerm_02,False,21.27396011352539
clipping,stealthy,4,9,kerm_08,False,20.069473266601562
clipping,stealthy,4,9,rsna_06,False,20.204050064086914
clipping,stealthy,4,9,rsna_04,False,22.40153694152832
clipping,stealthy,4,9,rsna_10,False,21.611591339111328
clipping,stealthy,4,9,rsna_07,False,23.58833122253418
clipping,stealthy,4,9,kerm_06,False,19.53840446472168
clipping,stealthy,4,9,rsna_03,False,24.3315372467041
clipping,stealthy,4,10,kerm_06,False,21.013723373413086
clipping,stealthy,4,10,rsna_02,False,22.553159713745117
clipping,stealthy,4,10,rsna_01,False,23.154184341430664
clipping,stealthy,4,10,rsna_07,False,23.130634307861328
clipping,stealthy,4,10,kerm_05,False,18.90728187561035
clipping,stealthy,4,10,kerm_04,False,19.391555786132812
clipping,stealthy,4,10,rsna_08,False,22.40236473083496
clipping,stealthy,4,10,kerm_01,False,20.61664581298828
clipping,stealthy,4,10,kerm_02,False,19.421810150146484
clipping,stealthy,4,10,kerm_08,False,22.984922409057617
clipping,stealthy,4,10,rsna_05,False,19.04990577697754
clipping,stealthy,4,10,rsna_04,False,20.77410125732422
clipping,stealthy,4,10,rsna_06,False,20.795799255371094
clipping,stealthy,4,10,kerm_03,False,18.969768524169922
clipping,stealthy,4,10,rsna_03,False,26.823223114013672
clipping,stealthy,4,11,kerm_06,False,20.37932586669922
clipping,stealthy,4,11,kerm_07,False,22.702848434448242
clipping,stealthy,4,11,rsna_12,False,21.011852264404297
clipping,stealthy,4,11,kerm_05,False,20.922454833984375
clipping,stealthy,4,11,rsna_10,False,22.621257781982422
clipping,stealthy,4,11,rsna_08,False,24.901079177856445
clipping,stealthy,4,11,rsna_04,False,24.69263458251953
clipping,stealthy,4,11,kerm_08,False,23.64601707458496
clipping,stealthy,4,11,rsna_07,False,21.449085235595703
clipping,stealthy,4,11,kerm_01,False,20.06984519958496
clipping,stealthy,4,11,rsna_06,False,21.503446578979492
clipping,stealthy,4,11,rsna_02,False,22.281225204467773
clipping,stealthy,4,11,kerm_04,False,20.13978385925293
clipping,stealthy,4,11,rsna_01,False,24.547483444213867
clipping,stealthy,4,11,rsna_09,False,20.28696632385254
clipping,stealthy,4,12,rsna_05,False,24.858863830566406
clipping,stealthy,4,12,rsna_09,False,18.105194091796875
clipping,stealthy,4,12,rsna_10,False,21.424911499023438
clipping,stealthy,4,12,rsna_08,False,26.348966598510742
clipping,stealthy,4,12,kerm_08,False,22.096590042114258
clipping,stealthy,4,12,rsna_02,False,23.439746856689453
clipping,stealthy,4,12,kerm_07,False,20.760114669799805
clipping,stealthy,4,12,rsna_01,False,25.79427146911621
clipping,stealthy,4,12,rsna_11,False,20.94869041442871
clipping,stealthy,4,12,kerm_06,False,20.939796447753906
clipping,stealthy,4,12,kerm_03,False,18.135761260986328
clipping,stealthy,4,12,rsna_12,False,19.473237991333008
clipping,stealthy,4,12,kerm_04,False,19.289066314697266
clipping,stealthy,4,12,rsna_03,False,24.673372268676758
clipping,stealthy,4,12,rsna_07,False,19.8392391204834
clipping,stealthy,4,13,rsna_01,False,25.071786880493164
clipping,stealthy,4,13,rsna_04,False,24.357698440551758
clipping,stealthy,4,13,rsna_03,False,25.546512603759766
clipping,stealthy,4,13,kerm_03,False,26.5168514251709
clipping,stealthy,4,13,rsna_08,False,20.914186477661133
clipping,stealthy,4,13,rsna_09,False,19.49750328063965
clipping,stealthy,4,13,kerm_07,False,20.468477249145508
clipping,stealthy,4,13,rsna_10,False,20.275754928588867
clipping,stealthy,4,13,rsna_05,False,20.829181671142578
clipping,stealthy,4,13,kerm_06,False,20.63075065612793
clipping,stealthy,4,13,kerm_01,False,22.39931297302246
clipping,stealthy,4,13,rsna_12,False,20.262971878051758
clipping,stealthy,4,13,rsna_06,False,21.180065155029297
clipping,stealthy,4,13,rsna_07,False,18.126588821411133
clipping,stealthy,4,13,kerm_02,False,21.57470703125
clipping,stealthy,4,14,kerm_01,False,21.88700294494629
clipping,stealthy,4,14,rsna_09,False,23.43140411376953
clipping,stealthy,4,14,rsna_05,False,30.470767974853516
clipping,stealthy,4,14,kerm_02,False,22.379770278930664
clipping,stealthy,4,14,rsna_01,False,24.302461624145508
clipping,stealthy,4,14,rsna_10,False,22.585559844970703
clipping,stealthy,4,14,kerm_08,False,23.526275634765625
clipping,stealthy,4,14,rsna_04,False,20.505895614624023
clipping,stealthy,4,14,rsna_11,False,22.096370697021484
clipping,stealthy,4,14,rsna_03,False,26.355607986450195
clipping,stealthy,4,14,kerm_03,False,22.538330078125
clipping,stealthy,4,14,kerm_05,False,20.10944366455078
clipping,stealthy,4,14,rsna_02,False,28.278766632080078
clipping,stealthy,4,14,rsna_06,False,20.04045295715332
clipping,stealthy,4,14,kerm_07,False,25.171924591064453
clipping,stealthy,4,15,rsna_12,True,33.67351531982422
clipping,stealthy,4,15,rsna_06,False,20.169591903686523
clipping,stealthy,4,15,rsna_01,False,24.967487335205078
clipping,stealthy,4,15,rsna_02,False,23.274097442626953
clipping,stealthy,4,15,rsna_04,False,26.272192001342773
clipping,stealthy,4,15,rsna_05,False,26.89752960205078
clipping,stealthy,4,15,kerm_02,False,24.098453521728516
clipping,stealthy,4,15,kerm_06,False,22.0997257232666
clipping,stealthy,4,15,rsna_09,False,20.26224708557129
clipping,stealthy,4,15,kerm_03,False,19.85127067565918
clipping,stealthy,4,15,rsna_10,False,24.44138526916504
clipping,stealthy,4,15,rsna_03,False,27.30269432067871
clipping,stealthy,4,15,rsna_11,False,19.26054573059082
clipping,stealthy,4,15,kerm_07,False,23.827430725097656
clipping,stealthy,4,15,kerm_04,False,20.137537002563477
clipping,stealthy,4,16,rsna_12,True,29.754131317138672
clipping,stealthy,4,16,kerm_07,False,23.813087463378906
clipping,stealthy,4,16,kerm_06,False,24.629648208618164
clipping,stealthy,4,16,rsna_08,False,32.51361846923828
clipping,stealthy,4,16,kerm_03,False,21.387706756591797
clipping,stealthy,4,16,kerm_01,False,26.45648765563965
clipping,stealthy,4,16,rsna_04,False,21.626739501953125
clipping,stealthy,4,16,rsna_01,False,31.604841232299805
clipping,stealthy,4,16,rsna_07,False,24.5263671875
clipping,stealthy,4,16,rsna_02,False,27.9439697265625
clipping,stealthy,4,16,rsna_11,False,19.130022048950195
clipping,stealthy,4,16,rsna_03,False,26.50684928894043
clipping,stealthy,4,16,kerm_08,False,26.066421508789062
clipping,stealthy,4,16,rsna_10,False,20.735864639282227
clipping,stealthy,4,16,kerm_05,False,22.18499755859375
clipping,stealthy,4,17,rsna_12,True,25.320415496826172
clipping,stealthy,4,17,kerm_02,False,19.322237014770508
clipping,stealthy,4,17,rsna_10,False,20.867830276489258
clipping,stealthy,4,17,kerm_01,False,25.910572052001953
clipping,stealthy,4,17,rsna_04,False,26.807510375976562
clipping,stealthy,4,17,rsna_11,False,20.962507247924805
clipping,stealthy,4,17,rsna_06,False,24.58605194091797
clipping,stealthy,4,17,kerm_07,False,22.734609603881836
clipping,stealthy,4,17,kerm_05,False,24.168987274169922
clipping,stealthy,4,17,kerm_04,False,22.254121780395508
clipping,stealthy,4,17,rsna_03,False,24.79520034790039
clipping,stealthy,4,17,rsna_01,False,27.474735260009766
clipping,stealthy,4,17,kerm_06,False,24.909982681274414
clipping,stealthy,4,17,rsna_07,False,23.513147354125977
clipping,stealthy,4,17,kerm_03,False,24.480548858642578
clipping,stealthy,4,18,rsna_12,True,29.942079544067383
clipping,stealthy,4,18,rsna_07,False,29.788219451904297
clipping,stealthy,4,18,kerm_03,False,20.522459030151367
clipping,stealthy,4,18,kerm_08,False,26.504776000976562
clipping,stealthy,4,18,kerm_02,False,23.34615707397461
clipping,stealthy,4,18,rsna_08,False,33.74281311035156
clipping,stealthy,4,18,kerm_01,False,25.20258903503418
clipping,stealthy,4,18,rsna_09,False,20.797279357910156
clipping,stealthy,4,18,kerm_04,False,20.353256225585938
clipping,stealthy,4,18,rsna_01,False,27.970842361450195
clipping,stealthy,4,18,rsna_10,False,20.148967742919922
clipping,stealthy,4,18,rsna_11,False,21.1734561920166
clipping,stealthy,4,18,rsna_04,False,19.73049545288086
clipping,stealthy,4,18,rsna_02,False,27.099306106567383
clipping,stealthy,4,18,rsna_06,False,22.30224609375
clipping,stealthy,4,19,rsna_12,True,24.42569923400879
clipping,stealthy,4,19,rsna_06,False,21.566221237182617
clipping,stealthy,4,19,kerm_05,False,20.634384155273438
clipping,stealthy,4,19,rsna_04,False,24.88553237915039
clipping,stealthy,4,19,rsna_01,False,26.63332748413086
clipping,stealthy,4,19,kerm_01,False,23.487720489501953
clipping,stealthy,4,19,kerm_02,False,21.759021759033203
clipping,stealthy,4,19,rsna_10,False,25.87225341796875
clipping,stealthy,4,19,kerm_03,False,20.202993392944336
clipping,stealthy,4,19,rsna_07,False,20.51995277404785
clipping,stealthy,4,19,kerm_08,False,27.3935489654541
clipping,stealthy,4,19,rsna_08,False,26.424129486083984
clipping,stealthy,4,19,kerm_06,False,22.446147918701172
clipping,stealthy,4,19,kerm_04,False,21.844024658203125
clipping,stealthy,4,19,kerm_07,False,24.98986053466797
clipping,stealthy,4,20,rsna_12,True,27.63045883178711
clipping,stealthy,4,20,kerm_03,False,20.293888092041016
clipping,stealthy,4,20,kerm_08,False,24.487112045288086
clipping,stealthy,4,20,rsna_07,False,21.06346893310547
clipping,stealthy,4,20,kerm_06,False,24.12702178955078
clipping,stealthy,4,20,rsna_03,False,27.515363693237305
clipping,stealthy,4,20,rsna_10,False,28.69969367980957
clipping,stealthy,4,20,rsna_05,False,35.34262466430664
clipping,stealthy,4,20,rsna_09,False,21.260160446166992
clipping,stealthy,4,20,rsna_06,False,23.711101531982422
clipping,stealthy,4,20,rsna_04,False,27.595748901367188
clipping,stealthy,4,20,rsna_01,False,38.17161178588867
clipping,stealthy,4,20,kerm_04,False,21.024789810180664
clipping,stealthy,4,20,rsna_02,False,32.51595687866211
clipping,stealthy,4,20,rsna_08,False,27.751121520996094
clipping,stealthy,4,21,rsna_12,True,31.854524612426758
clipping,stealthy,4,21,rsna_07,False,22.7032470703125
clipping,stealthy,4,21,kerm_03,False,21.213035583496094
clipping,stealthy,4,21,rsna_11,False,22.639291763305664
clipping,stealthy,4,21,rsna_05,False,31.103561401367188
clipping,stealthy,4,21,kerm_08,False,29.043376922607422
clipping,stealthy,4,21,rsna_02,False,25.519590377807617
clipping,stealthy,4,21,rsna_03,False,27.603199005126953
clipping,stealthy,4,21,rsna_01,False,30.577260971069336
clipping,stealthy,4,21,rsna_08,False,19.652727127075195
clipping,stealthy,4,21,kerm_04,False,25.722877502441406
clipping,stealthy,4,21,rsna_04,False,28.70207405090332
clipping,stealthy,4,21,kerm_02,False,22.276290893554688
clipping,stealthy,4,21,rsna_09,False,23.658578872680664
clipping,stealthy,4,21,kerm_07,False,27.677661895751953
clipping,stealthy,4,22,rsna_12,True,22.90467071533203
clipping,stealthy,4,22,rsna_09,False,20.76023292541504
clipping,stealthy,4,22,kerm_04,False,29.780075073242188
clipping,stealthy,4,22,kerm_03,False,25.104660034179688
clipping,stealthy,4,22,kerm_01,False,22.820451736450195
clipping,stealthy,4,22,rsna_04,False,31.931777954101562
clipping,stealthy,4,22,rsna_05,False,23.438474655151367
clipping,stealthy,4,22,kerm_08,False,29.282840728759766
clipping,stealthy,4,22,kerm_06,False,26.760986328125
clipping,stealthy,4,22,rsna_08,False,23.55210304260254
clipping,stealthy,4,22,rsna_02,False,28.672882080078125
clipping,stealthy,4,22,kerm_02,False,26.709808349609375
clipping,stealthy,4,22,rsna_01,False,34.32463455200195
clipping,stealthy,4,22,rsna_07,False,23.1723690032959
clipping,stealthy,4,22,rsna_11,False,23.037826538085938
clipping,stealthy,4,23,rsna_12,True,29.120725631713867
clipping,stealthy,4,23,kerm_06,False,25.659730911254883
clipping,stealthy,4,23,rsna_07,False,20.930402755737305
clipping,stealthy,4,23,rsna_06,False,24.108089447021484
clipping,stealthy,4,23,kerm_01,False,24.130842208862305
clipping,stealthy,4,23,rsna_01,False,40.14767837524414
clipping,stealthy,4,23,rsna_04,False,22.719219207763672
clipping,stealthy,4,23,rsna_10,False,27.499427795410156
clipping,stealthy,4,23,kerm_07,False,25.90154457092285
clipping,stealthy,4,23,kerm_03,False,19.1361083984375
clipping,stealthy,4,23,kerm_04,False,21.710678100585938
clipping,stealthy,4,23,rsna_11,False,23.304609298706055
clipping,stealthy,4,23,rsna_09,False,22.188213348388672
clipping,stealthy,4,23,rsna_02,False,25.55862045288086
clipping,stealthy,4,23,rsna_05,False,22.25746726989746
clipping,stealthy,4,24,rsna_12,True,33.34142303466797
clipping,stealthy,4,24,rsna_10,False,28.217761993408203
clipping,stealthy,4,24,rsna_06,False,26.97170639038086
clipping,stealthy,4,24,kerm_06,False,29.357763290405273
clipping,stealthy,4,24,rsna_02,False,27.623397827148438
clipping,stealthy,4,24,rsna_04,False,24.14362907409668
clipping,stealthy,4,24,rsna_09,False,37.342525482177734
clipping,stealthy,4,24,kerm_08,False,30.11948013305664
clipping,stealthy,4,24,kerm_07,False,25.539722442626953
clipping,stealthy,4,24,kerm_03,False,20.831302642822266
clipping,stealthy,4,24,kerm_04,False,29.66951560974121
clipping,stealthy,4,24,kerm_02,False,22.95306396484375
clipping,stealthy,4,24,rsna_01,False,29.809640884399414
clipping,stealthy,4,24,kerm_05,False,21.234437942504883
clipping,stealthy,4,24,rsna_07,False,19.88536262512207
clipping,stealthy,4,25,rsna_12,True,28.616796493530273
clipping,stealthy,4,25,rsna_02,False,28.33994483947754
clipping,stealthy,4,25,kerm_08,False,28.202295303344727
clipping,stealthy,4,25,kerm_07,False,26.11506462097168
clipping,stealthy,4,25,kerm_05,False,22.91571044921875
clipping,stealthy,4,25,rsna_09,False,19.441621780395508
clipping,stealthy,4,25,rsna_07,False,21.804630279541016
clipping,stealthy,4,25,rsna_04,False,26.460351943969727
clipping,stealthy,4,25,rsna_03,False,34.53385925292969
clipping,stealthy,4,25,kerm_06,False,26.055124282836914
clipping,stealthy,4,25,kerm_01,False,24.942428588867188
clipping,stealthy,4,25,kerm_02,False,25.5483455657959
clipping,stealthy,4,25,rsna_10,False,25.721460342407227
clipping,stealthy,4,25,rsna_11,False,22.124908447265625
clipping,stealthy,4,25,rsna_01,False,38.02296447753906
clipping,stealthy,4,26,rsna_12,True,26.785701751708984
clipping,stealthy,4,26,kerm_07,False,28.816272735595703
clipping,stealthy,4,26,kerm_05,False,22.53683090209961
clipping,stealthy,4,26,rsna_09,False,21.852243423461914
clipping,stealthy,4,26,rsna_06,False,23.181873321533203
clipping,stealthy,4,26,kerm_01,False,24.580839157104492
clipping,stealthy,4,26,kerm_04,False,21.047670364379883
clipping,stealthy,4,26,rsna_02,False,27.357852935791016
clipping,stealthy,4,26,kerm_02,False,26.95025062561035
clipping,stealthy,4,26,rsna_07,False,28.683740615844727
clipping,stealthy,4,26,rsna_01,False,34.246726989746094
clipping,stealthy,4,26,kerm_06,False,27.18305206298828
clipping,stealthy,4,26,rsna_05,False,30.15191650390625
clipping,stealthy,4,26,kerm_08,False,28.902795791625977
clipping,stealthy,4,26,rsna_04,False,22.776077270507812
clipping,stealthy,4,27,rsna_12,True,23.586008071899414
clipping,stealthy,4,27,rsna_03,False,26.592443466186523
clipping,stealthy,4,27,kerm_02,False,20.8696231842041
clipping,stealthy,4,27,kerm_06,False,25.793197631835938
clipping,stealthy,4,27,kerm_04,False,30.605464935302734
clipping,stealthy,4,27,rsna_09,False,20.51250457763672
clipping,stealthy,4,27,rsna_01,False,36.385684967041016
clipping,stealthy,4,27,rsna_08,False,26.44487762451172
clipping,stealthy,4,27,rsna_05,False,23.070829391479492
clipping,stealthy,4,27,kerm_07,False,33.4838981628418
clipping,stealthy,4,27,kerm_08,False,33.158935546875
clipping,stealthy,4,27,rsna_04,False,22.967470169067383
clipping,stealthy,4,27,rsna_02,False,38.852195739746094
clipping,stealthy,4,27,kerm_01,False,25.666454315185547
clipping,stealthy,4,27,kerm_03,False,36.202980041503906
clipping,stealthy,4,28,rsna_12,True,27.329832077026367
clipping,stealthy,4,28,rsna_01,False,33.17498016357422
clipping,stealthy,4,28,kerm_08,False,31.7473201751709
clipping,stealthy,4,28,rsna_05,False,28.128931045532227
clipping,stealthy,4,28,rsna_07,False,23.262943267822266
clipping,stealthy,4,28,rsna_08,False,30.71706199645996
clipping,stealthy,4,28,rsna_03,False,36.96859359741211
clipping,stealthy,4,28,rsna_09,False,26.859254837036133
clipping,stealthy,4,28,rsna_11,False,31.54340171813965
clipping,stealthy,4,28,rsna_02,False,27.477880477905273
clipping,stealthy,4,28,kerm_07,False,23.605466842651367
clipping,stealthy,4,28,kerm_02,False,27.741107940673828
clipping,stealthy,4,28,rsna_04,False,23.865774154663086
clipping,stealthy,4,28,kerm_05,False,25.6314640045166
clipping,stealthy,4,28,kerm_04,False,30.26984214782715
clipping,stealthy,4,29,rsna_12,True,29.629030227661133
clipping,stealthy,4,29,rsna_01,False,39.9411735534668
clipping,stealthy,4,29,rsna_11,False,24.48784637451172
clipping,stealthy,4,29,kerm_01,False,24.89437484741211
clipping,stealthy,4,29,rsna_02,False,40.504817962646484
clipping,stealthy,4,29,rsna_05,False,28.621746063232422
clipping,stealthy,4,29,kerm_05,False,26.28403091430664
clipping,stealthy,4,29,rsna_03,False,32.16324996948242
clipping,stealthy,4,29,rsna_09,False,23.9803409576416
clipping,stealthy,4,29,kerm_06,False,28.241811752319336
clipping,stealthy,4,29,rsna_06,False,22.512039184570312
clipping,stealthy,4,29,kerm_08,False,34.18190002441406
clipping,stealthy,4,29,kerm_02,False,28.196670532226562
clipping,stealthy,4,29,rsna_04,False,23.206832885742188
clipping,stealthy,4,29,rsna_10,False,23.840925216674805
clipping,stealthy,4,30,rsna_12,True,27.457664489746094
clipping,stealthy,4,30,rsna_11,False,28.605979919433594
clipping,stealthy,4,30,rsna_03,False,29.85684585571289
clipping,stealthy,4,30,rsna_01,False,46.33168029785156
clipping,stealthy,4,30,rsna_08,False,48.30775833129883
clipping,stealthy,4,30,kerm_07,False,31.699777603149414
clipping,stealthy,4,30,kerm_01,False,24.753934860229492
clipping,stealthy,4,30,rsna_07,False,26.720672607421875
clipping,stealthy,4,30,rsna_05,False,25.258678436279297
clipping,stealthy,4,30,rsna_09,False,25.5851993560791
clipping,stealthy,4,30,kerm_05,False,31.338064193725586
clipping,stealthy,4,30,rsna_02,False,35.899112701416016
clipping,stealthy,4,30,kerm_04,False,27.0555477142334
clipping,stealthy,4,30,kerm_02,False,26.582958221435547
clipping,stealthy,4,30,rsna_06,False,22.42046546936035
clipping,loud,0,1,kerm_03,False,22.675161361694336
clipping,loud,0,1,kerm_05,False,22.583099365234375
clipping,loud,0,1,rsna_08,False,22.60466766357422
clipping,loud,0,1,rsna_11,False,22.102251052856445
clipping,loud,0,1,kerm_04,False,22.470598220825195
clipping,loud,0,1,rsna_07,False,23.21356773376465
clipping,loud,0,1,kerm_06,False,22.593978881835938
clipping,loud,0,1,kerm_01,False,23.626388549804688
clipping,loud,0,1,rsna_02,False,22.828954696655273
clipping,loud,0,1,kerm_08,False,22.98975372314453
clipping,loud,0,1,rsna_12,False,22.65343475341797
clipping,loud,0,1,rsna_04,False,22.914684295654297
clipping,loud,0,1,rsna_05,False,22.80127716064453
clipping,loud,0,1,rsna_06,False,23.003219604492188
clipping,loud,0,1,rsna_03,False,23.262601852416992
clipping,loud,0,2,kerm_03,False,16.64352035522461
clipping,loud,0,2,rsna_08,False,18.44976043701172
clipping,loud,0,2,kerm_06,False,16.714143753051758
clipping,loud,0,2,rsna_06,False,18.078243255615234
clipping,loud,0,2,rsna_01,False,20.38589859008789
clipping,loud,0,2,rsna_03,False,18.81688690185547
clipping,loud,0,2,rsna_09,False,18.532264709472656
clipping,loud,0,2,kerm_01,False,17.948732376098633
clipping,loud,0,2,rsna_11,False,18.369985580444336
clipping,loud,0,2,rsna_10,False,17.85861587524414
clipping,loud,0,2,kerm_02,False,17.113853454589844
clipping,loud,0,2,rsna_05,False,18.51776885986328
clipping,loud,0,2,kerm_07,False,17.851219177246094
clipping,loud,0,2,kerm_08,False,17.301109313964844
clipping,loud,0,2,kerm_05,False,17.48114776611328
clipping,loud,0,3,rsna_10,False,18.268991470336914
clipping,loud,0,3,rsna_06,False,18.599008560180664
clipping,loud,0,3,rsna_04,False,19.456850051879883
clipping,loud,0,3,kerm_07,False,18.533958435058594
clipping,loud,0,3,rsna_12,False,18.867393493652344
clipping,loud,0,3,kerm_05,False,17.608051300048828
clipping,loud,0,3,kerm_08,False,18.558107376098633
clipping,loud,0,3,rsna_07,False,17.832876205444336
clipping,loud,0,3,rsna_01,False,24.50897216796875
clipping,loud,0,3,rsna_03,False,19.45522117614746
clipping,loud,0,3,rsna_11,False,18.977453231811523
clipping,loud,0,3,kerm_06,False,18.11007308959961
clipping,loud,0,3,rsna_09,False,17.64324951171875
clipping,loud,0,3,rsna_08,False,17.824283599853516
clipping,loud,0,3,kerm_02,False,16.585798263549805
clipping,loud,0,4,rsna_03,False,20.289112091064453
clipping,loud,0,4,kerm_08,False,19.234432220458984
clipping,loud,0,4,rsna_05,False,20.06304359436035
clipping,loud,0,4,kerm_06,False,18.527454376220703
clipping,loud,0,4,rsna_06,False,19.34939956665039
clipping,loud,0,4,kerm_01,False,18.575016021728516
clipping,loud,0,4,rsna_08,False,18.656017303466797
clipping,loud,0,4,kerm_04,False,18.957612991333008
clipping,loud,0,4,rsna_04,False,19.584810256958008
clipping,loud,0,4,kerm_07,False,19.769622802734375
clipping,loud,0,4,kerm_03,False,17.097440719604492
clipping,loud,0,4,rsna_07,False,18.69823455810547
clipping,loud,0,4,kerm_02,False,17.410463333129883
clipping,loud,0,4,rsna_01,False,22.69915199279785
clipping,loud,0,4,rsna_02,False,24.208614349365234
clipping,loud,0,5,kerm_02,False,16.65334129333496
clipping,loud,0,5,rsna_04,False,20.132890701293945
clipping,loud,0,5,rsna_11,False,19.97031021118164
clipping,loud,0,5,kerm_06,False,22.442110061645508
clipping,loud,0,5,kerm_03,False,18.638797760009766
clipping,loud,0,5,rsna_06,False,19.342979431152344
clipping,loud,0,5,rsna_09,False,18.764995574951172
clipping,loud,0,5,rsna_03,False,21.406171798706055
clipping,loud,0,5,kerm_01,False,17.510128021240234
clipping,loud,0,5,kerm_05,False,18.690656661987305
clipping,loud,0,5,rsna_12,False,19.93107032775879
clipping,loud,0,5,rsna_07,False,19.01884651184082
clipping,loud,0,5,kerm_07,False,20.891704559326172
clipping,loud,0,5,rsna_10,False,18.604284286499023
clipping,loud,0,5,rsna_02,False,19.596349716186523
clipping,loud,0,6,rsna_05,False,20.231590270996094
clipping,loud,0,6,rsna_11,False,19.130216598510742
clipping,loud,0,6,kerm_02,False,16.8166446685791
clipping,loud,0,6,rsna_07,False,18.932025909423828
clipping,loud,0,6,kerm_04,False,18.374361038208008
clipping,loud,0,6,rsna_01,False,22.800315856933594
clipping,loud,0,6,kerm_03,False,18.707796096801758
clipping,loud,0,6,kerm_06,False,20.99174690246582
clipping,loud,0,6,kerm_08,False,19.948440551757812
clipping,loud,0,6,rsna_03,False,20.990129470825195
clipping,loud,0,6,kerm_05,False,22.16280746459961
clipping,loud,0,6,rsna_02,False,24.788843154907227
clipping,loud,0,6,kerm_01,False,18.162309646606445
clipping,loud,0,6,rsna_08,False,19.07613754272461
clipping,loud,0,6,rsna_10,False,18.835926055908203
clipping,loud,0,7,rsna_07,False,18.602190017700195
clipping,loud,0,7,rsna_01,False,28.50144386291504
clipping,loud,0,7,rsna_08,False,18.28346061706543
clipping,loud,0,7,kerm_06,False,19.19110870361328
clipping,loud,0,7,rsna_09,False,18.015981674194336
clipping,loud,0,7,rsna_05,False,20.70850372314453
clipping,loud,0,7,rsna_04,False,20.001102447509766
clipping,loud,0,7,kerm_02,False,17.28343391418457
clipping,loud,0,7,rsna_06,False,19.563661575317383
clipping,loud,0,7,rsna_03,False,20.356157302856445
clipping,loud,0,7,kerm_07,False,20.1164493560791
clipping,loud,0,7,rsna_02,False,23.983972549438477
clipping,loud,0,7,kerm_03,False,17.544357299804688
clipping,loud,0,7,kerm_01,False,17.801712036132812
clipping,loud,0,7,rsna_12,False,20.17824935913086
clipping,loud,0,8,kerm_04,False,22.233888626098633
clipping,loud,0,8,kerm_07,False,24.68206787109375
clipping,loud,0,8,rsna_02,False,20.33754539489746
clipping,loud,0,8,rsna_01,False,25.232646942138672
clipping,loud,0,8,kerm_03,False,19.554744720458984
clipping,loud,0,8,rsna_07,False,18.649906158447266
clipping,loud,0,8,kerm_01,False,17.495895385742188
clipping,loud,0,8,rsna_11,False,19.72112464904785
clipping,loud,0,8,rsna_06,False,19.913177490234375
clipping,loud,0,8,kerm_02,False,18.320249557495117
clipping,loud,0,8,rsna_03,False,19.425405502319336
clipping,loud,0,8,kerm_06,False,21.864633560180664
clipping,loud,0,8,kerm_08,False,24.071441650390625
clipping,loud,0,8,rsna_08,False,19.3387393951416
clipping,loud,0,8,rsna_09,False,18.776561737060547
clipping,loud,0,9,rsna_07,False,19.276987075805664
clipping,loud,0,9,kerm_08,False,21.90734100341797
clipping,loud,0,9,kerm_05,False,18.3840274810791
clipping,loud,0,9,rsna_09,False,18.55116081237793
clipping,loud,0,9,rsna_02,False,23.18760108947754
clipping,loud,0,9,kerm_06,False,23.9169979095459
clipping,loud,0,9,rsna_12,False,19.606088638305664
clipping,loud,0,9,kerm_07,False,24.826026916503906
clipping,loud,0,9,rsna_05,False,22.371929168701172
clipping,loud,0,9,rsna_11,False,20.563426971435547
clipping,loud,0,9,kerm_03,False,18.275806427001953
clipping,loud,0,9,rsna_08,False,19.492605209350586
clipping,loud,0,9,kerm_01,False,18.802614212036133
clipping,loud,0,9,kerm_04,False,18.986419677734375
clipping,loud,0,9,rsna_06,False,21.71349334716797
clipping,loud,0,10,kerm_07,False,20.505903244018555
clipping,loud,0,10,rsna_01,False,26.452768325805664
clipping,loud,0,10,rsna_10,False,18.816917419433594
clipping,loud,0,10,rsna_04,False,20.745014190673828
clipping,loud,0,10,kerm_06,False,19.145000457763672
clipping,loud,0,10,rsna_07,False,20.593080520629883
clipping,loud,0,10,rsna_05,False,24.965505599975586
clipping,loud,0,10,rsna_09,False,19.636930465698242
clipping,loud,0,10,kerm_05,False,18.737741470336914
clipping,loud,0,10,kerm_01,False,19.998687744140625
clipping,loud,0,10,kerm_04,False,19.80535125732422
clipping,loud,0,10,rsna_02,False,28.06663703918457
clipping,loud,0,10,rsna_06,False,20.834022521972656
clipping,loud,0,10,rsna_11,False,18.675291061401367
clipping,loud,0,10,rsna_08,False,19.538558959960938
clipping,loud,0,11,kerm_03,False,18.58115005493164
clipping,loud,0,11,kerm_02,False,18.445371627807617
clipping,loud,0,11,kerm_08,False,22.237369537353516
clipping,loud,0,11,rsna_05,False,18.693035125732422
clipping,loud,0,11,kerm_01,False,19.189016342163086
clipping,loud,0,11,kerm_06,False,19.966506958007812
clipping,loud,0,11,rsna_10,False,20.153947830200195
clipping,loud,0,11,rsna_02,False,24.86685562133789
clipping,loud,0,11,rsna_09,False,19.766864776611328
clipping,loud,0,11,rsna_07,False,19.595022201538086
clipping,loud,0,11,rsna_11,False,20.708454132080078
clipping,loud,0,11,rsna_04,False,20.022762298583984
clipping,loud,0,11,rsna_06,False,17.7838077545166
clipping,loud,0,11,rsna_01,False,23.824024200439453
clipping,loud,0,11,kerm_07,False,22.452774047851562
clipping,loud,0,12,kerm_06,False,20.33609962463379
clipping,loud,0,12,rsna_12,False,18.412769317626953
clipping,loud,0,12,kerm_01,False,23.365863800048828
clipping,loud,0,12,rsna_09,False,18.57084846496582
clipping,loud,0,12,rsna_01,False,29.434978485107422
clipping,loud,0,12,rsna_11,False,20.1684513092041
clipping,loud,0,12,kerm_05,False,22.414974212646484
clipping,loud,0,12,kerm_08,False,20.733022689819336
clipping,loud,0,12,rsna_07,False,18.72418212890625
clipping,loud,0,12,rsna_03,False,20.240381240844727
clipping,loud,0,12,kerm_04,False,20.24503517150879
clipping,loud,0,12,rsna_05,False,19.663158416748047
clipping,loud,0,12,rsna_06,False,19.140777587890625
clipping,loud,0,12,rsna_10,False,19.51366424560547
clipping,loud,0,12,kerm_07,False,20.85293960571289
clipping,loud,0,13,rsna_07,False,20.482349395751953
clipping,loud,0,13,rsna_03,False,22.065139770507812
clipping,loud,0,13,kerm_03,False,19.06865119934082
clipping,loud,0,13,rsna_12,False,21.568601608276367
clipping,loud,0,13,rsna_08,False,20.349979400634766
clipping,loud,0,13,rsna_02,False,22.257801055908203
clipping,loud,0,13,rsna_09,False,17.874786376953125
clipping,loud,0,13,rsna_06,False,17.842670440673828
clipping,loud,0,13,rsna_04,False,20.32613754272461
clipping,loud,0,13,kerm_02,False,19.750669479370117
clipping,loud,0,13,rsna_11,False,20.812267303466797
clipping,loud,0,13,rsna_10,False,19.17428970336914
clipping,loud,0,13,kerm_07,False,20.48740577697754
clipping,loud,0,13,rsna_05,False,19.75827980041504
clipping,loud,0,13,kerm_08,False,21.98995018005371
clipping,loud,0,14,rsna_10,False,20.56325340270996
clipping,loud,0,14,kerm_08,False,26.013261795043945
clipping,loud,0,14,rsna_01,False,24.535612106323242
clipping,loud,0,14,kerm_01,False,20.960962295532227
clipping,loud,0,14,kerm_07,False,27.69661521911621
clipping,loud,0,14,kerm_05,False,20.352575302124023
clipping,loud,0,14,rsna_12,False,20.454116821289062
clipping,loud,0,14,rsna_08,False,18.35441017150879
clipping,loud,0,14,kerm_02,False,21.47458839416504
clipping,loud,0,14,rsna_09,False,21.446374893188477
clipping,loud,0,14,rsna_06,False,18.975364685058594
clipping,loud,0,14,rsna_07,False,17.2932186126709
clipping,loud,0,14,rsna_02,False,26.007205963134766
clipping,loud,0,14,kerm_04,False,22.210065841674805
clipping,loud,0,14,rsna_04,False,21.89438819885254
clipping,loud,0,15,rsna_12,True,29.145185470581055
clipping,loud,0,15,rsna_08,False,18.558935165405273
clipping,loud,0,15,rsna_10,False,18.942720413208008
clipping,loud,0,15,rsna_01,False,26.369657516479492
clipping,loud,0,15,rsna_03,False,25.107221603393555
clipping,loud,0,15,rsna_09,False,19.322837829589844
clipping,loud,0,15,kerm_02,False,19.831029891967773
clipping,loud,0,15,rsna_05,False,21.08304214477539
clipping,loud,0,15,kerm_07,False,22.512710571289062
clipping,loud,0,15,kerm_04,False,20.41971778869629
clipping,loud,0,15,rsna_07,False,21.049755096435547
clipping,loud,0,15,rsna_11,False,22.34475326538086
clipping,loud,0,15,rsna_06,False,20.00118064880371
clipping,loud,0,15,kerm_06,False,23.6242733001709
clipping,loud,0,15,rsna_02,False,25.66455841064453
clipping,loud,0,16,rsna_12,True,29.28919219970703
clipping,loud,0,16,rsna_09,False,19.00760269165039
clipping,loud,0,16,rsna_03,False,20.939189910888672
clipping,loud,0,16,rsna_02,False,22.763906478881836
clipping,loud,0,16,rsna_10,False,20.362491607666016
clipping,loud,0,16,kerm_02,False,22.533597946166992
clipping,loud,0,16,kerm_05,False,22.077617645263672
clipping,loud,0,16,rsna_11,False,20.072223663330078
clipping,loud,0,16,rsna_01,False,22.536394119262695
clipping,loud,0,16,rsna_06,False,18.952632904052734
clipping,loud,0,16,rsna_04,False,20.859050750732422
clipping,loud,0,16,rsna_05,False,21.095815658569336
clipping,loud,0,16,kerm_03,False,20.656038284301758
clipping,loud,0,16,kerm_04,False,21.766504287719727
clipping,loud,0,16,kerm_06,False,21.215988159179688
clipping,loud,0,17,rsna_12,True,29.823213577270508
clipping,loud,0,17,rsna_01,False,21.996234893798828
clipping,loud,0,17,kerm_02,False,23.419328689575195
clipping,loud,0,17,kerm_08,False,26.8122501373291
clipping,loud,0,17,kerm_01,False,25.04560089111328
clipping,loud,0,17,rsna_03,False,20.901063919067383
clipping,loud,0,17,rsna_04,False,20.2618350982666
clipping,loud,0,17,kerm_05,False,22.88688850402832
clipping,loud,0,17,rsna_02,False,24.380077362060547
clipping,loud,0,17,kerm_04,False,20.54159164428711
clipping,loud,0,17,rsna_10,False,20.586393356323242
clipping,loud,0,17,kerm_06,False,22.401552200317383
clipping,loud,0,17,rsna_09,False,21.40355682373047
clipping,loud,0,17,rsna_11,False,29.86789894104004
clipping,loud,0,17,rsna_08,False,20.943727493286133
clipping,loud,0,18,rsna_12,True,34.01192855834961
clipping,loud,0,18,rsna_11,False,21.20261573791504
clipping,loud,0,18,rsna_06,False,20.542512893676758
clipping,loud,0,18,rsna_02,False,24.975561141967773
clipping,loud,0,18,kerm_06,False,31.509109497070312
clipping,loud,0,18,kerm_02,False,23.389188766479492
clipping,loud,0,18,kerm_07,False,25.844467163085938
clipping,loud,0,18,kerm_03,False,23.387168884277344
clipping,loud,0,18,rsna_08,False,18.170427322387695
clipping,loud,0,18,rsna_09,False,19.447084426879883
clipping,loud,0,18,rsna_07,False,21.471927642822266
clipping,loud,0,18,rsna_05,False,21.599285125732422
clipping,loud,0,18,kerm_04,False,20.34822654724121
clipping,loud,0,18,kerm_08,False,24.251821517944336
clipping,loud,0,18,rsna_01,False,23.416872024536133
clipping,loud,0,19,rsna_12,True,29.888042449951172
clipping,loud,0,19,kerm_01,False,22.333431243896484
clipping,loud,0,19,rsna_05,False,19.53445053100586
clipping,loud,0,19,rsna_01,False,30.07024383544922
clipping,loud,0,19,rsna_04,False,19.652545928955078
clipping,loud,0,19,kerm_07,False,22.87631607055664
clipping,loud,0,19,rsna_11,False,19.70115852355957
clipping,loud,0,19,kerm_06,False,22.966522216796875
clipping,loud,0,19,rsna_06,False,22.221071243286133
clipping,loud,0,19,kerm_05,False,18.391740798950195
clipping,loud,0,19,rsna_08,False,20.260313034057617
clipping,loud,0,19,rsna_10,False,18.27783966064453
clipping,loud,0,19,rsna_02,False,26.24365234375
clipping,loud,0,19,kerm_04,False,19.20157241821289
clipping,loud,0,19,rsna_03,False,21.282241821289062
clipping,loud,0,20,rsna_12,True,26.817472457885742
clipping,loud,0,20,kerm_03,False,23.051605224609375
clipping,loud,0,20,rsna_11,False,21.16330337524414
clipping,loud,0,20,kerm_05,False,20.319387435913086
clipping,loud,0,20,rsna_01,False,22.5854434967041
clipping,loud,0,20,kerm_07,False,23.71840476989746
clipping,loud,0,20,rsna_08,False,18.427738189697266
clipping,loud,0,20,rsna_04,False,20.695852279663086
clipping,loud,0,20,rsna_10,False,20.31953239440918
clipping,loud,0,20,kerm_02,False,24.444889068603516
clipping,loud,0,20,kerm_01,False,22.767229080200195
clipping,loud,0,20,kerm_04,False,25.191965103149414
clipping,loud,0,20,rsna_09,False,20.264623641967773
clipping,loud,0,20,rsna_02,False,22.84920883178711
clipping,loud,0,20,rsna_03,False,24.58053970336914
clipping,loud,0,21,rsna_12,True,27.499486923217773
clipping,loud,0,21,rsna_05,False,23.423730850219727
clipping,loud,0,21,rsna_02,False,22.664119720458984
clipping,loud,0,21,rsna_07,False,20.090246200561523
clipping,loud,0,21,rsna_06,False,19.63455581665039
clipping,loud,0,21,rsna_04,False,24.80634880065918
clipping,loud,0,21,kerm_07,False,25.0384521484375
clipping,loud,0,21,kerm_08,False,27.10164451599121
clipping,loud,0,21,rsna_08,False,22.287433624267578
clipping,loud,0,21,rsna_01,False,23.47435188293457
clipping,loud,0,21,rsna_11,False,21.7808780670166
clipping,loud,0,21,rsna_09,False,27.43619155883789
clipping,loud,0,21,kerm_04,False,22.650663375854492
clipping,loud,0,21,kerm_02,False,20.03998565673828
clipping,loud,0,21,kerm_05,False,19.973894119262695
clipping,loud,0,22,rsna_12,True,27.196508407592773
clipping,loud,0,22,rsna_11,False,21.0775146484375
clipping,loud,0,22,kerm_06,False,23.54152488708496
clipping,loud,0,22,kerm_01,False,22.777021408081055
clipping,loud,0,22,rsna_01,False,26.380632400512695
clipping,loud,0,22,rsna_10,False,23.09173011779785
clipping,loud,0,22,rsna_09,False,21.285587310791016
clipping,loud,0,22,kerm_04,False,22.01695442199707
clipping,loud,0,22,rsna_03,False,22.02960968017578
clipping,loud,0,22,kerm_08,False,30.503202438354492
clipping,loud,0,22,kerm_07,False,24.687259674072266
clipping,loud,0,22,rsna_06,False,18.997447967529297
clipping,loud,0,22,rsna_07,False,20.269742965698242
clipping,loud,0,22,kerm_03,False,19.17949867248535
clipping,loud,0,22,rsna_05,False,19.996646881103516
clipping,loud,0,23,rsna_12,True,33.85140609741211
clipping,loud,0,23,rsna_08,False,19.536027908325195
clipping,loud,0,23,rsna_05,False,20.000078201293945
clipping,loud,0,23,kerm_02,False,26.470670700073242
clipping,loud,0,23,rsna_03,False,23.50063133239746
clipping,loud,0,23,kerm_08,False,22.881120681762695
clipping,loud,0,23,rsna_04,False,23.491500854492188
clipping,loud,0,23,kerm_07,False,21.477245330810547
clipping,loud,0,23,kerm_04,False,19.832778930664062
clipping,loud,0,23,kerm_05,False,19.073381423950195
clipping,loud,0,23,kerm_03,False,23.152429580688477
clipping,loud,0,23,rsna_07,False,18.811742782592773
clipping,loud,0,23,rsna_09,False,19.88408851623535
clipping,loud,0,23,kerm_06,False,22.48310661315918
clipping,loud,0,23,rsna_11,False,19.93547248840332
clipping,loud,0,24,rsna_12,True,27.550260543823242
clipping,loud,0,24,kerm_07,False,23.034515380859375
clipping,loud,0,24,rsna_05,False,21.86372184753418
clipping,loud,0,24,rsna_08,False,19.340835571289062
clipping,loud,0,24,rsna_10,False,24.43647575378418
clipping,loud,0,24,rsna_07,False,21.46928596496582
clipping,loud,0,24,rsna_06,False,21.189390182495117
clipping,loud,0,24,rsna_02,False,28.000486373901367
clipping,loud,0,24,kerm_02,False,26.258777618408203
clipping,loud,0,24,rsna_03,False,24.19771385192871
clipping,loud,0,24,kerm_05,False,25.050657272338867
clipping,loud,0,24,rsna_09,False,19.096982955932617
clipping,loud,0,24,rsna_01,False,29.621685028076172
clipping,loud,0,24,kerm_06,False,24.741256713867188
clipping,loud,0,24,kerm_03,False,21.604633331298828
clipping,loud,0,25,rsna_12,True,31.16257095336914
clipping,loud,0,25,rsna_03,False,22.427814483642578
clipping,loud,0,25,rsna_10,False,22.404407501220703
clipping,loud,0,25,rsna_04,False,19.105762481689453
clipping,loud,0,25,rsna_06,False,20.020109176635742
clipping,loud,0,25,rsna_09,False,19.92746925354004
clipping,loud,0,25,kerm_06,False,29.587507247924805
clipping,loud,0,25,rsna_08,False,19.14886474609375
clipping,loud,0,25,rsna_11,False,21.2110538482666
clipping,loud,0,25,kerm_01,False,25.022756576538086
clipping,loud,0,25,kerm_02,False,22.79427146911621
clipping,loud,0,25,kerm_07,False,26.695690155029297
clipping,loud,0,25,rsna_05,False,19.360004425048828
clipping,loud,0,25,kerm_05,False,20.566438674926758
clipping,loud,0,25,rsna_02,False,21.83635139465332
clipping,loud,0,26,rsna_12,True,31.06401824951172
clipping,loud,0,26,rsna_09,False,19.487178802490234
clipping,loud,0,26,rsna_03,False,23.68391227722168
clipping,loud,0,26,kerm_01,False,21.945247650146484
clipping,loud,0,26,kerm_03,False,26.435855865478516
clipping,loud,0,26,rsna_05,False,23.55605125427246
clipping,loud,0,26,rsna_04,False,28.07818603515625
clipping,loud,0,26,kerm_02,False,25.27904510498047
clipping,loud,0,26,kerm_06,False,26.15928840637207
clipping,loud,0,26,kerm_08,False,29.463157653808594
clipping,loud,0,26,rsna_06,False,20.54914093017578
clipping,loud,0,26,rsna_07,False,20.397653579711914
clipping,loud,0,26,kerm_05,False,22.408939361572266
clipping,loud,0,26,kerm_07,False,23.753501892089844
clipping,loud,0,26,rsna_02,False,24.90196418762207
clipping,loud,0,27,rsna_12,True,31.510438919067383
clipping,loud,0,27,rsna_07,False,23.05030059814453
clipping,loud,0,27,kerm_02,False,25.823522567749023
clipping,loud,0,27,rsna_01,False,23.636024475097656
clipping,loud,0,27,kerm_07,False,26.26770782470703
clipping,loud,0,27,rsna_11,False,21.65009117126465
clipping,loud,0,27,kerm_01,False,23.601036071777344
clipping,loud,0,27,rsna_08,False,20.96957778930664
clipping,loud,0,27,kerm_04,False,21.133909225463867
clipping,loud,0,27,kerm_03,False,23.31928253173828
clipping,loud,0,27,kerm_05,False,25.27916717529297
clipping,loud,0,27,rsna_06,False,19.90856170654297
clipping,loud,0,27,rsna_05,False,22.065893173217773
clipping,loud,0,27,kerm_06,False,25.754291534423828
clipping,loud,0,27,kerm_08,False,29.944931030273438
clipping,loud,0,28,rsna_12,True,32.53660202026367
clipping,loud,0,28,rsna_10,False,21.05611228942871
clipping,loud,0,28,kerm_05,False,27.34663200378418
clipping,loud,0,28,rsna_03,False,23.547746658325195
clipping,loud,0,28,rsna_01,False,28.268556594848633
clipping,loud,0,28,kerm_08,False,27.123287200927734
clipping,loud,0,28,rsna_07,False,20.338069915771484
clipping,loud,0,28,kerm_06,False,33.22007751464844
clipping,loud,0,28,rsna_06,False,22.070327758789062
clipping,loud,0,28,kerm_03,False,24.28665542602539
clipping,loud,0,28,rsna_11,False,21.11829376220703
clipping,loud,0,28,kerm_04,False,24.927505493164062
clipping,loud,0,28,kerm_01,False,22.368694305419922
clipping,loud,0,28,rsna_08,False,20.662933349609375
clipping,loud,0,28,kerm_07,False,32.013431549072266
clipping,loud,0,29,rsna_12,True,35.06392288208008
clipping,loud,0,29,rsna_08,False,20.3717098236084
clipping,loud,0,29,kerm_05,False,19.74555015563965
clipping,loud,0,29,rsna_02,False,32.63432312011719
clipping,loud,0,29,rsna_04,False,25.063140869140625
clipping,loud,0,29,rsna_10,False,27.422679901123047
clipping,loud,0,29,kerm_02,False,27.428970336914062
clipping,loud,0,29,kerm_06,False,25.507402420043945
clipping,loud,0,29,kerm_03,False,26.435665130615234
clipping,loud,0,29,kerm_08,False,30.9023494720459
clipping,loud,0,29,rsna_01,False,27.57632064819336
clipping,loud,0,29,kerm_04,False,18.0759334564209
clipping,loud,0,29,rsna_09,False,24.017318725585938
clipping,loud,0,29,rsna_03,False,25.24297332763672
clipping,loud,0,29,rsna_11,False,22.073198318481445
clipping,loud,0,30,rsna_12,True,32.595733642578125
clipping,loud,0,30,rsna_03,False,23.147600173950195
clipping,loud,0,30,kerm_03,False,27.23676872253418
clipping,loud,0,30,rsna_08,False,20.485515594482422
clipping,loud,0,30,kerm_04,False,27.246004104614258
clipping,loud,0,30,kerm_06,False,23.07762908935547
clipping,loud,0,30,rsna_06,False,20.752195358276367
clipping,loud,0,30,kerm_07,False,26.282432556152344
clipping,loud,0,30,rsna_09,False,18.235021591186523
clipping,loud,0,30,rsna_01,False,26.574832916259766
clipping,loud,0,30,rsna_07,False,21.333829879760742
clipping,loud,0,30,rsna_05,False,22.20429039001465
clipping,loud,0,30,rsna_10,False,20.6295108795166
clipping,loud,0,30,rsna_04,False,21.21474266052246
clipping,loud,0,30,rsna_11,False,20.487791061401367
clipping,loud,1,1,rsna_10,False,22.286151885986328
clipping,loud,1,1,rsna_08,False,22.41789436340332
clipping,loud,1,1,kerm_07,False,22.129972457885742
clipping,loud,1,1,kerm_02,False,22.782339096069336
clipping,loud,1,1,kerm_08,False,22.259235382080078
clipping,loud,1,1,kerm_01,False,22.904762268066406
clipping,loud,1,1,rsna_01,False,23.94886016845703
clipping,loud,1,1,rsna_11,False,22.64105987548828
clipping,loud,1,1,kerm_06,False,22.065250396728516
clipping,loud,1,1,rsna_06,False,22.789968490600586
clipping,loud,1,1,kerm_03,False,22.4008731842041
clipping,loud,1,1,kerm_04,False,22.683717727661133
clipping,loud,1,1,rsna_05,False,22.888872146606445
clipping,loud,1,1,kerm_05,False,22.472726821899414
clipping,loud,1,1,rsna_02,False,22.948486328125
clipping,loud,1,2,kerm_06,False,17.158958435058594
clipping,loud,1,2,rsna_08,False,18.439790725708008
clipping,loud,1,2,rsna_11,False,17.813323974609375
clipping,loud,1,2,rsna_06,False,18.739818572998047
clipping,loud,1,2,rsna_02,False,20.50472068786621
clipping,loud,1,2,rsna_01,False,20.666086196899414
clipping,loud,1,2,kerm_04,False,16.070362091064453
clipping,loud,1,2,kerm_05,False,16.66632843017578
clipping,loud,1,2,kerm_02,False,16.837787628173828
clipping,loud,1,2,kerm_08,False,16.933406829833984
clipping,loud,1,2,kerm_03,False,16.80677604675293
clipping,loud,1,2,rsna_09,False,18.468276977539062
clipping,loud,1,2,kerm_01,False,16.893312454223633
clipping,loud,1,2,rsna_04,False,19.038602828979492
clipping,loud,1,2,rsna_05,False,18.719053268432617
clipping,loud,1,3,rsna_01,False,20.606348037719727
clipping,loud,1,3,kerm_04,False,20.366186141967773
clipping,loud,1,3,kerm_07,False,18.73438262939453
clipping,loud,1,3,rsna_06,False,18.79082679748535
clipping,loud,1,3,rsna_09,False,18.592018127441406
clipping,loud,1,3,rsna_10,False,18.21268653869629
clipping,loud,1,3,kerm_03,False,18.023866653442383
clipping,loud,1,3,rsna_04,False,19.28197479248047
clipping,loud,1,3,rsna_12,False,18.271244049072266
clipping,loud,1,3,kerm_05,False,18.920015335083008
clipping,loud,1,3,rsna_03,False,21.582107543945312
clipping,loud,1,3,rsna_11,False,18.67852020263672
clipping,loud,1,3,kerm_06,False,17.89492416381836
clipping,loud,1,3,rsna_08,False,18.6939697265625
clipping,loud,1,3,kerm_02,False,16.72581672668457
clipping,loud,1,4,kerm_08,False,20.159292221069336
clipping,loud,1,4,rsna_02,False,23.25440788269043
clipping,loud,1,4,rsna_07,False,19.479740142822266
clipping,loud,1,4,rsna_08,False,18.82923126220703
clipping,loud,1,4,rsna_05,False,20.268741607666016
clipping,loud,1,4,kerm_02,False,17.80344581604004
clipping,loud,1,4,kerm_01,False,18.45474624633789
clipping,loud,1,4,kerm_03,False,17.744911193847656
clipping,loud,1,4,kerm_06,False,18.65390396118164
clipping,loud,1,4,rsna_03,False,21.98419189453125
clipping,loud,1,4,rsna_04,False,20.091474533081055
clipping,loud,1,4,kerm_07,False,19.139705657958984
clipping,loud,1,4,rsna_11,False,17.79315185546875
clipping,loud,1,4,rsna_06,False,19.32904052734375
clipping,loud,1,4,rsna_09,False,18.30084228515625
clipping,loud,1,5,kerm_08,False,19.476503372192383
clipping,loud,1,5,kerm_05,False,18.880754470825195
clipping,loud,1,5,kerm_07,False,21.913286209106445
clipping,loud,1,5,rsna_12,False,19.358125686645508
clipping,loud,1,5,kerm_06,False,19.47426986694336
clipping,loud,1,5,kerm_04,False,20.272077560424805
clipping,loud,1,5,rsna_11,False,18.42561149597168
clipping,loud,1,5,rsna_07,False,19.12262535095215
clipping,loud,1,5,rsna_08,False,19.188377380371094
clipping,loud,1,5,rsna_05,False,17.982036590576172
clipping,loud,1,5,kerm_01,False,17.116857528686523
clipping,loud,1,5,rsna_06,False,18.585649490356445
clipping,loud,1,5,kerm_03,False,17.583728790283203
clipping,loud,1,5,rsna_04,False,21.10643768310547
clipping,loud,1,5,rsna_02,False,21.767793655395508
clipping,loud,1,6,rsna_10,False,18.372900009155273
clipping,loud,1,6,rsna_03,False,25.055545806884766
clipping,loud,1,6,rsna_09,False,20.316774368286133
clipping,loud,1,6,kerm_06,False,18.7596435546875
clipping,loud,1,6,rsna_06,False,20.646867752075195
clipping,loud,1,6,rsna_02,False,24.552356719970703
clipping,loud,1,6,kerm_01,False,19.12474822998047
clipping,loud,1,6,rsna_12,False,20.151599884033203
clipping,loud,1,6,rsna_11,False,18.644546508789062
clipping,loud,1,6,rsna_08,False,19.473649978637695
clipping,loud,1,6,rsna_05,False,19.977872848510742
clipping,loud,1,6,kerm_04,False,16.671306610107422
clipping,loud,1,6,rsna_01,False,23.228118896484375
clipping,loud,1,6,rsna_07,False,19.87843132019043
clipping,loud,1,6,kerm_07,False,18.184322357177734
clipping,loud,1,7,rsna_02,False,19.90119743347168
clipping,loud,1,7,rsna_06,False,18.02300453186035
clipping,loud,1,7,rsna_08,False,19.034576416015625
clipping,loud,1,7,kerm_07,False,21.314327239990234
clipping,loud,1,7,rsna_07,False,20.084575653076172
clipping,loud,1,7,kerm_03,False,19.446544647216797
clipping,loud,1,7,kerm_08,False,23.233238220214844
clipping,loud,1,7,kerm_01,False,18.93794059753418
clipping,loud,1,7,rsna_10,False,18.766687393188477
clipping,loud,1,7,rsna_05,False,19.25586700439453
clipping,loud,1,7,kerm_02,False,18.92877197265625
clipping,loud,1,7,rsna_11,False,19.596494674682617
clipping,loud,1,7,rsna_03,False,21.119091033935547
clipping,loud,1,7,rsna_01,False,20.862459182739258
clipping,loud,1,7,kerm_04,False,20.426240921020508
clipping,loud,1,8,rsna_10,False,20.77386474609375
clipping,loud,1,8,kerm_01,False,19.20520782470703
clipping,loud,1,8,rsna_08,False,18.518741607666016
clipping,loud,1,8,kerm_04,False,18.953052520751953
clipping,loud,1,8,rsna_07,False,19.1101131439209
clipping,loud,1,8,rsna_02,False,26.15125846862793
clipping,loud,1,8,rsna_04,False,23.854429244995117
clipping,loud,1,8,kerm_08,False,21.742727279663086
clipping,loud,1,8,kerm_05,False,21.69423484802246
clipping,loud,1,8,kerm_03,False,17.02495002746582
clipping,loud,1,8,rsna_09,False,20.620887756347656
clipping,loud,1,8,rsna_11,False,18.78794288635254
clipping,loud,1,8,rsna_12,False,22.367996215820312
clipping,loud,1,8,rsna_01,False,23.328411102294922
clipping,loud,1,8,kerm_07,False,20.51590347290039
clipping,loud,1,9,rsna_05,False,20.21102523803711
clipping,loud,1,9,rsna_08,False,20.8724308013916
clipping,loud,1,9,rsna_11,False,18.681970596313477
clipping,loud,1,9,kerm_06,False,19.638553619384766
clipping,loud,1,9,rsna_07,False,19.54219627380371
clipping,loud,1,9,kerm_08,False,21.112417221069336
clipping,loud,1,9,rsna_01,False,23.628292083740234
clipping,loud,1,9,rsna_06,False,20.923254013061523
clipping,loud,1,9,kerm_01,False,24.11720848083496
clipping,loud,1,9,kerm_03,False,17.296401977539062
clipping,loud,1,9,kerm_05,False,17.94515609741211
clipping,loud,1,9,kerm_07,False,23.627851486206055
clipping,loud,1,9,rsna_04,False,24.835124969482422
clipping,loud,1,9,kerm_04,False,17.61223602294922
clipping,loud,1,9,rsna_03,False,28.54533576965332
clipping,loud,1,10,rsna_05,False,21.056028366088867
clipping,loud,1,10,rsna_10,False,21.8065185546875
clipping,loud,1,10,kerm_05,False,19.648868560791016
clipping,loud,1,10,rsna_06,False,20.36127471923828
clipping,loud,1,10,rsna_03,False,21.158998489379883
clipping,loud,1,10,kerm_07,False,23.848438262939453
clipping,loud,1,10,kerm_03,False,18.638654708862305
clipping,loud,1,10,rsna_01,False,23.332427978515625
clipping,loud,1,10,rsna_11,False,18.37629508972168
clipping,loud,1,10,kerm_02,False,18.553430557250977
clipping,loud,1,10,rsna_09,False,19.870758056640625
clipping,loud,1,10,rsna_04,False,22.30853271484375
clipping,loud,1,10,rsna_02,False,23.28885841369629
clipping,loud,1,10,rsna_07,False,18.825532913208008
clipping,loud,1,10,rsna_12,False,20.195541381835938
clipping,loud,1,11,rsna_12,False,22.533735275268555
clipping,loud,1,11,kerm_08,False,23.945959091186523
clipping,loud,1,11,kerm_02,False,19.443008422851562
clipping,loud,1,11,kerm_03,False,17.95402717590332
clipping,loud,1,11,rsna_11,False,18.34657096862793
clipping,loud,1,11,kerm_07,False,23.354944229125977
clipping,loud,1,11,rsna_08,False,19.041900634765625
clipping,loud,1,11,rsna_03,False,23.19875717163086
clipping,loud,1,11,rsna_02,False,23.912017822265625
clipping,loud,1,11,rsna_10,False,22.74733543395996
clipping,loud,1,11,kerm_06,False,22.99472427368164
clipping,loud,1,11,rsna_07,False,22.135419845581055
clipping,loud,1,11,rsna_09,False,19.556554794311523
clipping,loud,1,11,rsna_05,False,21.104721069335938
clipping,loud,1,11,rsna_01,False,21.772232055664062
clipping,loud,1,12,rsna_01,False,25.754451751708984
clipping,loud,1,12,rsna_12,False,21.338539123535156
clipping,loud,1,12,kerm_05,False,22.406566619873047
clipping,loud,1,12,rsna_03,False,23.606178283691406
clipping,loud,1,12,rsna_02,False,24.299802780151367
clipping,loud,1,12,rsna_09,False,24.388534545898438
clipping,loud,1,12,kerm_01,False,20.730010986328125
clipping,loud,1,12,rsna_06,False,18.814451217651367
clipping,loud,1,12,kerm_08,False,21.40106964111328
clipping,loud,1,12,rsna_07,False,17.613759994506836
clipping,loud,1,12,kerm_06,False,21.62372398376465
clipping,loud,1,12,kerm_04,False,18.200075149536133
clipping,loud,1,12,rsna_10,False,18.547555923461914
clipping,loud,1,12,kerm_03,False,19.675918579101562
clipping,loud,1,12,rsna_08,False,19.983043670654297
clipping,loud,1,13,rsna_11,False,19.801673889160156
clipping,loud,1,13,rsna_09,False,22.873804092407227
clipping,loud,1,13,rsna_01,False,25.913429260253906
clipping,loud,1,13,kerm_07,False,24.047346115112305
clipping,loud,1,13,kerm_01,False,28.692970275878906
clipping,loud,1,13,rsna_05,False,31.012651443481445
clipping,loud,1,13,rsna_02,False,23.38925552368164
clipping,loud,1,13,rsna_10,False,20.590106964111328
clipping,loud,1,13,kerm_03,False,18.330026626586914
clipping,loud,1,13,kerm_05,False,18.637325286865234
clipping,loud,1,13,rsna_07,False,21.657238006591797
clipping,loud,1,13,rsna_03,False,26.299448013305664
clipping,loud,1,13,kerm_06,False,21.94401741027832
clipping,loud,1,13,rsna_08,False,20.765222549438477
clipping,loud,1,13,rsna_04,False,25.174850463867188
clipping,loud,1,14,rsna_01,False,28.415771484375
clipping,loud,1,14,kerm_07,False,25.853822708129883
clipping,loud,1,14,kerm_05,False,25.35080337524414
clipping,loud,1,14,rsna_12,False,21.56589698791504
clipping,loud,1,14,kerm_06,False,22.844987869262695
clipping,loud,1,14,rsna_08,False,20.480531692504883
clipping,loud,1,14,rsna_05,False,19.943099975585938
clipping,loud,1,14,rsna_07,False,17.45319938659668
clipping,loud,1,14,kerm_03,False,17.78756332397461
clipping,loud,1,14,kerm_02,False,18.731035232543945
clipping,loud,1,14,rsna_06,False,22.31914710998535
clipping,loud,1,14,rsna_11,False,20.79966163635254
clipping,loud,1,14,kerm_01,False,21.8703556060791
clipping,loud,1,14,kerm_08,False,24.519725799560547
clipping,loud,1,14,rsna_04,False,23.62848663330078
clipping,loud,1,15,rsna_12,True,31.482141494750977
clipping,loud,1,15,rsna_04,False,23.156713485717773
clipping,loud,1,15,rsna_11,False,20.317237854003906
clipping,loud,1,15,kerm_05,False,19.56389617919922
clipping,loud,1,15,rsna_07,False,32.74055480957031
clipping,loud,1,15,kerm_03,False,23.56772232055664
clipping,loud,1,15,rsna_10,False,23.262605667114258
clipping,loud,1,15,rsna_01,False,26.437292098999023
clipping,loud,1,15,rsna_06,False,22.75739097595215
clipping,loud,1,15,kerm_02,False,19.433597564697266
clipping,loud,1,15,kerm_08,False,24.09869956970215
clipping,loud,1,15,rsna_09,False,21.88298225402832
clipping,loud,1,15,kerm_06,False,20.916563034057617
clipping,loud,1,15,kerm_04,False,19.05524444580078
clipping,loud,1,15,rsna_05,False,24.72873878479004
clipping,loud,1,16,rsna_12,True,27.90143394470215
clipping,loud,1,16,rsna_10,False,21.201642990112305
clipping,loud,1,16,rsna_04,False,32.12748718261719
clipping,loud,1,16,rsna_06,False,21.21354866027832
clipping,loud,1,16,rsna_02,False,28.672388076782227
clipping,loud,1,16,kerm_06,False,23.98044204711914
clipping,loud,1,16,kerm_01,False,37.82169723510742
clipping,loud,1,16,kerm_04,False,21.84493064880371
clipping,loud,1,16,kerm_02,False,27.1998348236084
clipping,loud,1,16,kerm_03,False,18.496688842773438
clipping,loud,1,16,rsna_08,False,19.76042366027832
clipping,loud,1,16,rsna_05,False,26.40842628479004
clipping,loud,1,16,kerm_07,False,28.478471755981445
clipping,loud,1,16,rsna_07,False,25.00800323486328
clipping,loud,1,16,kerm_08,False,27.555322647094727
clipping,loud,1,17,rsna_12,True,25.355985641479492
clipping,loud,1,17,kerm_06,False,22.956504821777344
clipping,loud,1,17,rsna_09,False,19.51024627685547
clipping,loud,1,17,rsna_03,False,26.30095100402832
clipping,loud,1,17,rsna_04,False,26.64679718017578
clipping,loud,1,17,kerm_02,False,21.283348083496094
clipping,loud,1,17,rsna_01,False,25.3275089263916
clipping,loud,1,17,rsna_05,False,25.350507736206055
clipping,loud,1,17,rsna_11,False,20.051084518432617
clipping,loud,1,17,kerm_05,False,20.884347915649414
clipping,loud,1,17,rsna_06,False,21.37090301513672
clipping,loud,1,17,kerm_07,False,29.17285919189453
clipping,loud,1,17,kerm_04,False,23.39415740966797
clipping,loud,1,17,rsna_08,False,20.28719711303711
clipping,loud,1,17,rsna_07,False,19.464263916015625
clipping,loud,1,18,rsna_12,True,25.836572647094727
clipping,loud,1,18,kerm_06,False,23.786046981811523
clipping,loud,1,18,kerm_03,False,24.59160614013672
clipping,loud,1,18,rsna_05,False,21.71778106689453
clipping,loud,1,18,rsna_07,False,22.568927764892578
clipping,loud,1,18,rsna_11,False,20.671422958374023
clipping,loud,1,18,rsna_08,False,20.178451538085938
clipping,loud,1,18,kerm_01,False,25.465959548950195
clipping,loud,1,18,rsna_10,False,21.81971549987793
clipping,loud,1,18,rsna_04,False,23.213308334350586
clipping,loud,1,18,rsna_02,False,32.02418899536133
clipping,loud,1,18,rsna_09,False,24.332815170288086
clipping,loud,1,18,kerm_04,False,22.33403205871582
clipping,loud,1,18,rsna_01,False,26.651168823242188
clipping,loud,1,18,kerm_02,False,27.4362735748291
clipping,loud,1,19,rsna_12,True,29.802621841430664
clipping,loud,1,19,rsna_11,False,21.892112731933594
clipping,loud,1,19,kerm_06,False,26.577993392944336
clipping,loud,1,19,kerm_01,False,29.188243865966797
clipping,loud,1,19,kerm_05,False,24.409894943237305
clipping,loud,1,19,rsna_01,False,27.913599014282227
clipping,loud,1,19,kerm_07,False,28.46377182006836
clipping,loud,1,19,rsna_04,False,23.26302719116211
clipping,loud,1,19,kerm_04,False,22.98520278930664
clipping,loud,1,19,rsna_10,False,23.069412231445312
clipping,loud,1,19,kerm_02,False,27.60904312133789
clipping,loud,1,19,kerm_03,False,21.43697738647461
clipping,loud,1,19,rsna_06,False,20.679180145263672
clipping,loud,1,19,rsna_08,False,19.937162399291992
clipping,loud,1,19,rsna_05,False,23.07927894592285
clipping,loud,1,20,rsna_12,True,26.433130264282227
clipping,loud,1,20,kerm_06,False,24.529407501220703
clipping,loud,1,20,rsna_02,False,25.625247955322266
clipping,loud,1,20,rsna_07,False,32.15361404418945
clipping,loud,1,20,kerm_04,False,25.250503540039062
clipping,loud,1,20,rsna_05,False,21.71540641784668
clipping,loud,1,20,kerm_01,False,30.68428611755371
clipping,loud,1,20,rsna_03,False,26.46672248840332
clipping,loud,1,20,kerm_05,False,21.776363372802734
clipping,loud,1,20,rsna_11,False,23.418415069580078
clipping,loud,1,20,kerm_02,False,24.590957641601562
clipping,loud,1,20,rsna_08,False,20.00831413269043
clipping,loud,1,20,kerm_07,False,25.493661880493164
clipping,loud,1,20,rsna_09,False,25.153438568115234
clipping,loud,1,20,rsna_06,False,20.335662841796875
clipping,loud,1,21,rsna_12,True,23.179513931274414
clipping,loud,1,21,rsna_04,False,24.86680793762207
clipping,loud,1,21,rsna_07,False,21.826902389526367
clipping,loud,1,21,kerm_07,False,29.366003036499023
clipping,loud,1,21,kerm_04,False,28.262914657592773
clipping,loud,1,21,kerm_06,False,26.520526885986328
clipping,loud,1,21,rsna_09,False,19.329586029052734
clipping,loud,1,21,rsna_01,False,30.7839298248291
clipping,loud,1,21,kerm_08,False,28.153207778930664
clipping,loud,1,21,rsna_06,False,21.275981903076172
clipping,loud,1,21,kerm_05,False,22.90380859375
clipping,loud,1,21,rsna_10,False,23.381677627563477
clipping,loud,1,21,rsna_03,False,26.36040687561035
clipping,loud,1,21,kerm_01,False,25.16040802001953
clipping,loud,1,21,rsna_08,False,19.934246063232422
clipping,loud,1,22,rsna_12,True,25.02060317993164
clipping,loud,1,22,kerm_02,False,34.2534294128418
clipping,loud,1,22,rsna_05,False,22.49256134033203
clipping,loud,1,22,kerm_03,False,23.729841232299805
clipping,loud,1,22,kerm_05,False,21.862600326538086
clipping,loud,1,22,kerm_08,False,26.39214324951172
clipping,loud,1,22,rsna_10,False,19.85651206970215
clipping,loud,1,22,rsna_06,False,22.10947036743164
clipping,loud,1,22,kerm_06,False,26.18067741394043
clipping,loud,1,22,kerm_01,False,21.735881805419922
clipping,loud,1,22,rsna_07,False,18.607866287231445
clipping,loud,1,22,kerm_07,False,29.613754272460938
clipping,loud,1,22,kerm_04,False,22.3513240814209
clipping,loud,1,22,rsna_01,False,36.463993072509766
clipping,loud,1,22,rsna_02,False,26.67066192626953
clipping,loud,1,23,rsna_12,True,25.900800704956055
clipping,loud,1,23,rsna_07,False,24.324682235717773
clipping,loud,1,23,rsna_09,False,19.580350875854492
clipping,loud,1,23,rsna_01,False,41.17483139038086
clipping,loud,1,23,kerm_07,False,27.958385467529297
clipping,loud,1,23,kerm_03,False,19.727184295654297
clipping,loud,1,23,rsna_02,False,29.593690872192383
clipping,loud,1,23,kerm_08,False,30.187747955322266
clipping,loud,1,23,rsna_05,False,22.024946212768555
clipping,loud,1,23,kerm_04,False,19.216615676879883
clipping,loud,1,23,rsna_04,False,24.067352294921875
clipping,loud,1,23,rsna_10,False,22.117055892944336
clipping,loud,1,23,rsna_11,False,22.818941116333008
clipping,loud,1,23,kerm_06,False,21.554912567138672
clipping,loud,1,23,kerm_05,False,20.264497756958008
clipping,loud,1,24,rsna_12,True,27.516393661499023
clipping,loud,1,24,rsna_03,False,25.21360969543457
clipping,loud,1,24,kerm_03,False,26.87234115600586
clipping,loud,1,24,rsna_01,False,36.25891876220703
clipping,loud,1,24,rsna_04,False,24.166685104370117
clipping,loud,1,24,rsna_08,False,19.50164794921875
clipping,loud,1,24,rsna_10,False,21.237384796142578
clipping,loud,1,24,kerm_05,False,26.660789489746094
clipping,loud,1,24,rsna_09,False,21.681608200073242
clipping,loud,1,24,kerm_04,False,22.173301696777344
clipping,loud,1,24,kerm_02,False,37.64389419555664
clipping,loud,1,24,kerm_01,False,30.17125129699707
clipping,loud,1,24,rsna_07,False,32.280757904052734
clipping,loud,1,24,kerm_07,False,26.95841407775879
clipping,loud,1,24,rsna_06,False,22.31786346435547
clipping,loud,1,25,rsna_12,True,28.204822540283203
clipping,loud,1,25,rsna_08,False,22.357030868530273
clipping,loud,1,25,kerm_04,False,23.812557220458984
clipping,loud,1,25,kerm_05,False,23.64049530029297
clipping,loud,1,25,rsna_06,False,22.59572982788086
clipping,loud,1,25,rsna_09,False,29.588729858398438
clipping,loud,1,25,kerm_03,False,23.132368087768555
clipping,loud,1,25,kerm_06,False,23.692171096801758
clipping,loud,1,25,rsna_05,False,30.12017822265625
clipping,loud,1,25,rsna_07,False,20.09379768371582
clipping,loud,1,25,rsna_01,False,33.811187744140625
clipping,loud,1,25,rsna_02,False,28.264217376708984
clipping,loud,1,25,kerm_08,False,29.53312110900879
clipping,loud,1,25,rsna_04,False,31.289262771606445
clipping,loud,1,25,kerm_02,False,24.81620979309082
clipping,loud,1,26,rsna_12,True,28.644638061523438
clipping,loud,1,26,rsna_10,False,23.122085571289062
clipping,loud,1,26,rsna_03,False,35.600067138671875
clipping,loud,1,26,rsna_07,False,21.55490493774414
clipping,loud,1,26,kerm_07,False,34.02619934082031
clipping,loud,1,26,kerm_02,False,25.351299285888672
clipping,loud,1,26,kerm_04,False,26.548044204711914
clipping,loud,1,26,rsna_05,False,32.35163497924805
clipping,loud,1,26,rsna_01,False,37.493526458740234
clipping,loud,1,26,rsna_08,False,19.471372604370117
clipping,loud,1,26,rsna_06,False,21.253976821899414
clipping,loud,1,26,kerm_03,False,22.079620361328125
clipping,loud,1,26,kerm_06,False,29.037086486816406
clipping,loud,1,26,kerm_05,False,25.991836547851562
clipping,loud,1,26,rsna_04,False,47.03411102294922
clipping,loud,1,27,rsna_12,True,25.398191452026367
clipping,loud,1,27,kerm_07,False,27.980600357055664
clipping,loud,1,27,rsna_08,False,22.12063980102539
clipping,loud,1,27,kerm_03,False,31.506502151489258
clipping,loud,1,27,rsna_06,False,21.18851661682129
clipping,loud,1,27,kerm_06,False,31.656484603881836
clipping,loud,1,27,rsna_03,False,36.067840576171875
clipping,loud,1,27,rsna_10,False,27.653743743896484
clipping,loud,1,27,kerm_02,False,28.183582305908203
clipping,loud,1,27,rsna_02,False,29.152984619140625
clipping,loud,1,27,rsna_07,False,20.82489013671875
clipping,loud,1,27,rsna_01,False,27.905010223388672
clipping,loud,1,27,kerm_05,False,27.83688735961914
clipping,loud,1,27,kerm_04,False,27.74815559387207
clipping,loud,1,27,rsna_05,False,22.685270309448242
clipping,loud,1,28,rsna_12,True,24.649492263793945
clipping,loud,1,28,kerm_08,False,30.096176147460938
clipping,loud,1,28,rsna_08,False,20.355426788330078
clipping,loud,1,28,rsna_10,False,21.03655242919922
clipping,loud,1,28,kerm_04,False,21.951622009277344
clipping,loud,1,28,rsna_03,False,39.35748291015625
clipping,loud,1,28,kerm_05,False,23.809993743896484
clipping,loud,1,28,rsna_09,False,23.09604835510254
clipping,loud,1,28,kerm_07,False,29.476818084716797
clipping,loud,1,28,rsna_06,False,22.24219512939453
clipping,loud,1,28,rsna_05,False,24.62177085876465
clipping,loud,1,28,rsna_01,False,28.10877799987793
clipping,loud,1,28,rsna_02,False,33.05942916870117
clipping,loud,1,28,kerm_01,False,35.567195892333984
clipping,loud,1,28,rsna_04,False,24.206886291503906
clipping,loud,1,29,rsna_12,True,25.538496017456055
clipping,loud,1,29,rsna_10,False,21.60881805419922
clipping,loud,1,29,kerm_06,False,27.839202880859375
clipping,loud,1,29,kerm_07,False,28.238697052001953
clipping,loud,1,29,rsna_09,False,35.95642852783203
clipping,loud,1,29,kerm_03,False,21.63201141357422
clipping,loud,1,29,kerm_05,False,24.21335792541504
clipping,loud,1,29,rsna_02,False,29.563783645629883
clipping,loud,1,29,kerm_08,False,35.576107025146484
clipping,loud,1,29,kerm_02,False,33.50349426269531
clipping,loud,1,29,rsna_05,False,24.278169631958008
clipping,loud,1,29,rsna_08,False,23.337162017822266
clipping,loud,1,29,kerm_04,False,24.907495498657227
clipping,loud,1,29,rsna_01,False,31.85604476928711
clipping,loud,1,29,rsna_07,False,20.3701114654541
clipping,loud,1,30,rsna_12,True,28.77103042602539
clipping,loud,1,30,rsna_07,False,22.0288028717041
clipping,loud,1,30,rsna_01,False,30.466354370117188
clipping,loud,1,30,rsna_11,False,23.742401123046875
clipping,loud,1,30,kerm_04,False,26.25632095336914
clipping,loud,1,30,kerm_03,False,20.476476669311523
clipping,loud,1,30,rsna_08,False,21.00826644897461
clipping,loud,1,30,rsna_03,False,43.406803131103516
clipping,loud,1,30,kerm_07,False,30.68719482421875
clipping,loud,1,30,rsna_05,False,29.573387145996094
clipping,loud,1,30,rsna_09,False,19.914268493652344
clipping,loud,1,30,kerm_05,False,23.449743270874023
clipping,loud,1,30,kerm_02,False,29.21345329284668
clipping,loud,1,30,kerm_06,False,27.732492446899414
clipping,loud,1,30,rsna_06,False,25.735965728759766
clipping,loud,2,1,rsna_12,False,22.13926124572754
clipping,loud,2,1,rsna_04,False,23.874570846557617
clipping,loud,2,1,rsna_02,False,23.05147361755371
clipping,loud,2,1,rsna_06,False,22.73655128479004
clipping,loud,2,1,rsna_08,False,22.454105377197266
clipping,loud,2,1,kerm_05,False,22.386234283447266
clipping,loud,2,1,kerm_02,False,22.47532081604004
clipping,loud,2,1,rsna_09,False,22.467409133911133
clipping,loud,2,1,rsna_01,False,23.073150634765625
clipping,loud,2,1,rsna_10,False,22.075448989868164
clipping,loud,2,1,kerm_04,False,22.725933074951172
clipping,loud,2,1,kerm_01,False,22.449079513549805
clipping,loud,2,1,kerm_03,False,23.120454788208008
clipping,loud,2,1,rsna_05,False,22.695539474487305
clipping,loud,2,1,kerm_06,False,22.241167068481445
clipping,loud,2,2,rsna_04,False,19.0667667388916
clipping,loud,2,2,kerm_03,False,18.154003143310547
clipping,loud,2,2,rsna_11,False,21.717370986938477
clipping,loud,2,2,rsna_02,False,19.830476760864258
clipping,loud,2,2,rsna_03,False,18.687911987304688
clipping,loud,2,2,kerm_06,False,17.639739990234375
clipping,loud,2,2,kerm_02,False,16.95905113220215
clipping,loud,2,2,kerm_05,False,16.948575973510742
clipping,loud,2,2,rsna_06,False,18.080284118652344
clipping,loud,2,2,rsna_01,False,21.4630126953125
clipping,loud,2,2,rsna_12,False,17.19489097595215
clipping,loud,2,2,kerm_01,False,16.974519729614258
clipping,loud,2,2,rsna_09,False,17.99835968017578
clipping,loud,2,2,kerm_07,False,17.340225219726562
clipping,loud,2,2,rsna_08,False,17.93560218811035
clipping,loud,2,3,kerm_01,False,16.727041244506836
clipping,loud,2,3,kerm_05,False,19.124771118164062
clipping,loud,2,3,rsna_03,False,21.280345916748047
clipping,loud,2,3,kerm_03,False,18.093276977539062
clipping,loud,2,3,rsna_10,False,18.48303985595703
clipping,loud,2,3,rsna_11,False,19.277469635009766
clipping,loud,2,3,kerm_07,False,18.866836547851562
clipping,loud,2,3,rsna_06,False,17.946504592895508
clipping,loud,2,3,kerm_02,False,17.169952392578125
clipping,loud,2,3,kerm_08,False,18.68880844116211
clipping,loud,2,3,rsna_05,False,18.901634216308594
clipping,loud,2,3,rsna_02,False,18.83738136291504
clipping,loud,2,3,rsna_04,False,19.22722053527832
clipping,loud,2,3,rsna_08,False,18.17500877380371
clipping,loud,2,3,rsna_01,False,18.87498664855957
clipping,loud,2,4,rsna_02,False,21.22702980041504
clipping,loud,2,4,kerm_01,False,16.650663375854492
clipping,loud,2,4,kerm_03,False,18.8552188873291
clipping,loud,2,4,kerm_06,False,18.353864669799805
clipping,loud,2,4,rsna_05,False,21.16950225830078
clipping,loud,2,4,rsna_03,False,22.48912811279297
clipping,loud,2,4,kerm_04,False,23.183557510375977
clipping,loud,2,4,rsna_07,False,18.87036895751953
clipping,loud,2,4,rsna_09,False,18.884565353393555
clipping,loud,2,4,rsna_12,False,19.271072387695312
clipping,loud,2,4,rsna_10,False,18.280899047851562
clipping,loud,2,4,kerm_02,False,17.83649253845215
clipping,loud,2,4,rsna_01,False,23.471019744873047
clipping,loud,2,4,kerm_07,False,21.863727569580078
clipping,loud,2,4,rsna_06,False,18.361133575439453
clipping,loud,2,5,kerm_05,False,19.89244842529297
clipping,loud,2,5,rsna_07,False,18.510635375976562
clipping,loud,2,5,kerm_06,False,19.178281784057617
clipping,loud,2,5,rsna_12,False,20.843372344970703
clipping,loud,2,5,kerm_08,False,19.947547912597656
clipping,loud,2,5,rsna_09,False,17.303953170776367
clipping,loud,2,5,rsna_05,False,18.404972076416016
clipping,loud,2,5,rsna_04,False,19.739131927490234
clipping,loud,2,5,rsna_08,False,19.477291107177734
clipping,loud,2,5,kerm_01,False,17.359546661376953
clipping,loud,2,5,rsna_02,False,21.49065589904785
clipping,loud,2,5,kerm_02,False,17.2564754486084
clipping,loud,2,5,kerm_03,False,17.787986755371094
clipping,loud,2,5,rsna_03,False,21.25136947631836
clipping,loud,2,5,rsna_10,False,18.960939407348633
clipping,loud,2,6,rsna_06,False,19.485727310180664
clipping,loud,2,6,kerm_07,False,19.30230712890625
clipping,loud,2,6,kerm_02,False,16.90287971496582
clipping,loud,2,6,rsna_12,False,18.27914810180664
clipping,loud,2,6,rsna_10,False,18.784046173095703
clipping,loud,2,6,rsna_05,False,20.02384376525879
clipping,loud,2,6,rsna_11,False,20.4252872467041
clipping,loud,2,6,rsna_04,False,20.618846893310547
clipping,loud,2,6,kerm_08,False,23.764066696166992
clipping,loud,2,6,rsna_07,False,18.514738082885742
clipping,loud,2,6,kerm_03,False,17.83827781677246
clipping,loud,2,6,rsna_01,False,23.594343185424805
clipping,loud,2,6,kerm_04,False,23.787073135375977
clipping,loud,2,6,kerm_05,False,20.72676658630371
clipping,loud,2,6,kerm_01,False,19.08281135559082
clipping,loud,2,7,rsna_06,False,20.746976852416992
clipping,loud,2,7,kerm_05,False,20.554988861083984
clipping,loud,2,7,rsna_10,False,19.52589988708496
clipping,loud,2,7,kerm_01,False,17.399639129638672
clipping,loud,2,7,rsna_05,False,20.00992202758789
clipping,loud,2,7,rsna_08,False,19.120651245117188
clipping,loud,2,7,kerm_06,False,18.751140594482422
clipping,loud,2,7,rsna_09,False,20.02315330505371
clipping,loud,2,7,kerm_04,False,21.038293838500977
clipping,loud,2,7,kerm_07,False,19.187297821044922
clipping,loud,2,7,rsna_12,False,18.786468505859375
clipping,loud,2,7,rsna_07,False,18.99051856994629
clipping,loud,2,7,rsna_01,False,23.278133392333984
clipping,loud,2,7,rsna_11,False,18.63228988647461
clipping,loud,2,7,rsna_03,False,23.12213706970215
clipping,loud,2,8,rsna_03,False,23.890689849853516
clipping,loud,2,8,rsna_11,False,17.854808807373047
clipping,loud,2,8,kerm_05,False,21.015703201293945
clipping,loud,2,8,rsna_05,False,20.04958724975586
clipping,loud,2,8,kerm_08,False,20.764205932617188
clipping,loud,2,8,kerm_03,False,19.5118408203125
clipping,loud,2,8,kerm_04,False,19.209810256958008
clipping,loud,2,8,kerm_01,False,18.98374366760254
clipping,loud,2,8,rsna_04,False,21.47152328491211
clipping,loud,2,8,kerm_07,False,27.14426612854004
clipping,loud,2,8,rsna_07,False,17.441667556762695
clipping,loud,2,8,kerm_02,False,18.390323638916016
clipping,loud,2,8,rsna_06,False,21.082422256469727
clipping,loud,2,8,rsna_08,False,18.53130340576172
clipping,loud,2,8,rsna_12,False,18.07427978515625
clipping,loud,2,9,kerm_02,False,16.5161190032959
clipping,loud,2,9,kerm_03,False,18.853286743164062
clipping,loud,2,9,kerm_08,False,20.119401931762695
clipping,loud,2,9,kerm_06,False,19.70953941345215
clipping,loud,2,9,rsna_10,False,18.68773651123047
clipping,loud,2,9,rsna_07,False,20.65848159790039
clipping,loud,2,9,kerm_01,False,19.41518783569336
clipping,loud,2,9,rsna_02,False,24.394258499145508
clipping,loud,2,9,kerm_05,False,18.709270477294922
clipping,loud,2,9,rsna_08,False,19.978269577026367
clipping,loud,2,9,rsna_06,False,21.347108840942383
clipping,loud,2,9,rsna_04,False,23.009033203125
clipping,loud,2,9,rsna_12,False,17.735193252563477
clipping,loud,2,9,rsna_05,False,19.84827423095703
clipping,loud,2,9,rsna_03,False,22.243701934814453
clipping,loud,2,10,kerm_02,False,15.990823745727539
clipping,loud,2,10,rsna_04,False,20.635513305664062
clipping,loud,2,10,rsna_07,False,17.541128158569336
clipping,loud,2,10,kerm_05,False,20.979595184326172
clipping,loud,2,10,rsna_02,False,22.293495178222656
clipping,loud,2,10,rsna_06,False,18.744579315185547
clipping,loud,2,10,rsna_10,False,19.006534576416016
clipping,loud,2,10,kerm_06,False,19.01720428466797
clipping,loud,2,10,rsna_08,False,18.5909366607666
clipping,loud,2,10,kerm_03,False,18.99512481689453
clipping,loud,2,10,rsna_01,False,25.20152473449707
clipping,loud,2,10,kerm_01,False,18.392194747924805
clipping,loud,2,10,rsna_11,False,19.12650489807129
clipping,loud,2,10,kerm_04,False,18.880468368530273
clipping,loud,2,10,rsna_05,False,20.159770965576172
clipping,loud,2,11,rsna_01,False,23.754732131958008
clipping,loud,2,11,rsna_11,False,19.55937957763672
clipping,loud,2,11,kerm_02,False,17.89640235900879
clipping,loud,2,11,rsna_09,False,19.699743270874023
clipping,loud,2,11,kerm_08,False,32.2284049987793
clipping,loud,2,11,rsna_08,False,19.58657455444336
clipping,loud,2,11,kerm_05,False,32.2407112121582
clipping,loud,2,11,rsna_02,False,23.47731590270996
clipping,loud,2,11,kerm_03,False,20.673425674438477
clipping,loud,2,11,kerm_07,False,20.46807289123535
clipping,loud,2,11,rsna_05,False,18.936094284057617
clipping,loud,2,11,rsna_04,False,21.39151954650879
clipping,loud,2,11,kerm_06,False,21.02442741394043
clipping,loud,2,11,rsna_06,False,18.53373146057129
clipping,loud,2,11,rsna_07,False,20.235301971435547
clipping,loud,2,12,kerm_05,False,19.138734817504883
clipping,loud,2,12,kerm_07,False,20.513805389404297
clipping,loud,2,12,kerm_02,False,18.158023834228516
clipping,loud,2,12,rsna_09,False,18.076791763305664
clipping,loud,2,12,rsna_03,False,26.50962257385254
clipping,loud,2,12,rsna_04,False,23.405704498291016
clipping,loud,2,12,rsna_10,False,22.022876739501953
clipping,loud,2,12,rsna_07,False,18.764860153198242
clipping,loud,2,12,rsna_12,False,18.039186477661133
clipping,loud,2,12,kerm_08,False,20.232912063598633
clipping,loud,2,12,kerm_06,False,27.299644470214844
clipping,loud,2,12,kerm_01,False,24.769493103027344
clipping,loud,2,12,rsna_02,False,28.70505714416504
clipping,loud,2,12,rsna_08,False,18.827442169189453
clipping,loud,2,12,kerm_03,False,18.086467742919922
clipping,loud,2,13,rsna_01,False,31.882612228393555
clipping,loud,2,13,rsna_07,False,19.879240036010742
clipping,loud,2,13,rsna_06,False,21.42599868774414
clipping,loud,2,13,rsna_12,False,19.348730087280273
clipping,loud,2,13,rsna_02,False,22.198410034179688
clipping,loud,2,13,rsna_08,False,18.48810577392578
clipping,loud,2,13,kerm_06,False,19.751493453979492
clipping,loud,2,13,rsna_04,False,22.166135787963867
clipping,loud,2,13,kerm_01,False,20.750581741333008
clipping,loud,2,13,kerm_05,False,19.204805374145508
clipping,loud,2,13,kerm_08,False,21.839696884155273
clipping,loud,2,13,kerm_02,False,20.343381881713867
clipping,loud,2,13,kerm_07,False,19.409170150756836
clipping,loud,2,13,rsna_09,False,19.352079391479492
clipping,loud,2,13,rsna_11,False,19.0671329498291
clipping,loud,2,14,kerm_04,False,20.46013069152832
clipping,loud,2,14,rsna_05,False,21.28724479675293
clipping,loud,2,14,kerm_02,False,18.065027236938477
clipping,loud,2,14,kerm_03,False,18.26091957092285
clipping,loud,2,14,rsna_02,False,27.00480079650879
clipping,loud,2,14,rsna_08,False,20.52149772644043
clipping,loud,2,14,rsna_09,False,19.552967071533203
clipping,loud,2,14,rsna_01,False,27.404945373535156
clipping,loud,2,14,kerm_07,False,20.220855712890625
clipping,loud,2,14,kerm_06,False,20.19060516357422
clipping,loud,2,14,rsna_03,False,22.176353454589844
clipping,loud,2,14,rsna_06,False,19.173261642456055
clipping,loud,2,14,rsna_12,False,21.07497215270996
clipping,loud,2,14,kerm_05,False,23.084741592407227
clipping,loud,2,14,rsna_07,False,18.449451446533203
clipping,loud,2,15,rsna_12,True,24.957189559936523
clipping,loud,2,15,rsna_02,False,22.646530151367188
clipping,loud,2,15,kerm_08,False,23.620037078857422
clipping,loud,2,15,rsna_03,False,21.109962463378906
clipping,loud,2,15,rsna_07,False,20.948957443237305
clipping,loud,2,15,kerm_03,False,24.94569206237793
clipping,loud,2,15,rsna_06,False,22.08891487121582
clipping,loud,2,15,kerm_06,False,21.89668083190918
clipping,loud,2,15,rsna_05,False,22.532424926757812
clipping,loud,2,15,rsna_04,False,23.897829055786133
clipping,loud,2,15,rsna_09,False,17.465110778808594
clipping,loud,2,15,rsna_11,False,24.413066864013672
clipping,loud,2,15,kerm_04,False,21.359493255615234
clipping,loud,2,15,rsna_10,False,19.158447265625
clipping,loud,2,15,kerm_02,False,19.61256217956543
clipping,loud,2,16,rsna_12,True,24.213329315185547
clipping,loud,2,16,kerm_02,False,21.955036163330078
clipping,loud,2,16,rsna_04,False,22.202491760253906
clipping,loud,2,16,rsna_10,False,20.119197845458984
clipping,loud,2,16,kerm_06,False,21.281774520874023
clipping,loud,2,16,kerm_03,False,21.360567092895508
clipping,loud,2,16,kerm_05,False,20.249927520751953
clipping,loud,2,16,kerm_07,False,23.321502685546875
clipping,loud,2,16,rsna_02,False,27.578691482543945
clipping,loud,2,16,rsna_05,False,23.046945571899414
clipping,loud,2,16,kerm_08,False,24.304336547851562
clipping,loud,2,16,rsna_01,False,24.1895809173584
clipping,loud,2,16,rsna_06,False,21.06827735900879
clipping,loud,2,16,rsna_08,False,18.774574279785156
clipping,loud,2,16,rsna_09,False,20.73064422607422
clipping,loud,2,17,rsna_12,True,23.822067260742188
clipping,loud,2,17,rsna_06,False,21.585317611694336
clipping,loud,2,17,rsna_02,False,26.731155395507812
clipping,loud,2,17,kerm_07,False,25.13553237915039
clipping,loud,2,17,kerm_02,False,20.266056060791016
clipping,loud,2,17,rsna_05,False,22.197437286376953
clipping,loud,2,17,rsna_08,False,19.395753860473633
clipping,loud,2,17,kerm_08,False,22.237119674682617
clipping,loud,2,17,rsna_03,False,25.4061336517334
clipping,loud,2,17,kerm_05,False,20.46188735961914
clipping,loud,2,17,rsna_07,False,19.760974884033203
clipping,loud,2,17,kerm_01,False,21.03957748413086
clipping,loud,2,17,rsna_04,False,21.118925094604492
clipping,loud,2,17,kerm_04,False,28.51187515258789
clipping,loud,2,17,kerm_03,False,22.8209171295166
clipping,loud,2,18,rsna_12,True,25.448001861572266
clipping,loud,2,18,rsna_10,False,28.12994384765625
clipping,loud,2,18,rsna_04,False,20.649391174316406
clipping,loud,2,18,kerm_04,False,20.155723571777344
clipping,loud,2,18,rsna_03,False,22.724197387695312
clipping,loud,2,18,rsna_11,False,20.16126823425293
clipping,loud,2,18,kerm_02,False,19.50227928161621
clipping,loud,2,18,rsna_02,False,24.05394744873047
clipping,loud,2,18,rsna_07,False,20.4908504486084
clipping,loud,2,18,rsna_09,False,22.888526916503906
clipping,loud,2,18,rsna_06,False,23.08618927001953
clipping,loud,2,18,rsna_05,False,18.570484161376953
clipping,loud,2,18,kerm_03,False,20.550390243530273
clipping,loud,2,18,kerm_05,False,18.611997604370117
clipping,loud,2,18,kerm_08,False,24.47123908996582
clipping,loud,2,19,rsna_12,True,25.66621208190918
clipping,loud,2,19,rsna_05,False,19.87672996520996
clipping,loud,2,19,kerm_04,False,30.21294593811035
clipping,loud,2,19,rsna_08,False,17.569101333618164
clipping,loud,2,19,kerm_06,False,21.88041877746582
clipping,loud,2,19,rsna_09,False,19.289264678955078
clipping,loud,2,19,rsna_11,False,23.889867782592773
clipping,loud,2,19,kerm_05,False,18.9800968170166
clipping,loud,2,19,rsna_02,False,20.794086456298828
clipping,loud,2,19,kerm_03,False,23.575284957885742
clipping,loud,2,19,rsna_07,False,19.86412811279297
clipping,loud,2,19,kerm_01,False,25.048948287963867
clipping,loud,2,19,rsna_03,False,20.91846466064453
clipping,loud,2,19,rsna_01,False,23.108339309692383
clipping,loud,2,19,rsna_06,False,21.694948196411133
clipping,loud,2,20,rsna_12,True,24.955888748168945
clipping,loud,2,20,rsna_07,False,20.82454490661621
clipping,loud,2,20,rsna_09,False,20.7504825592041
clipping,loud,2,20,rsna_04,False,20.371458053588867
clipping,loud,2,20,rsna_11,False,24.875391006469727
clipping,loud,2,20,kerm_01,False,20.519184112548828
clipping,loud,2,20,rsna_10,False,23.243112564086914
clipping,loud,2,20,kerm_05,False,22.803438186645508
clipping,loud,2,20,kerm_04,False,22.82534408569336
clipping,loud,2,20,kerm_03,False,21.573055267333984
clipping,loud,2,20,rsna_06,False,20.032838821411133
clipping,loud,2,20,kerm_08,False,25.95754051208496
clipping,loud,2,20,rsna_01,False,24.298015594482422
clipping,loud,2,20,rsna_03,False,22.883235931396484
clipping,loud,2,20,rsna_05,False,17.97112274169922
clipping,loud,2,21,rsna_12,True,24.692176818847656
clipping,loud,2,21,rsna_09,False,20.495389938354492
clipping,loud,2,21,kerm_02,False,24.89413833618164
clipping,loud,2,21,rsna_01,False,23.34355926513672
clipping,loud,2,21,kerm_03,False,23.616836547851562
clipping,loud,2,21,kerm_01,False,32.26069259643555
clipping,loud,2,21,kerm_06,False,41.30583953857422
clipping,loud,2,21,rsna_08,False,18.959014892578125
clipping,loud,2,21,kerm_04,False,26.831846237182617
clipping,loud,2,21,kerm_05,False,18.58455467224121
clipping,loud,2,21,rsna_03,False,26.434579849243164
clipping,loud,2,21,rsna_05,False,20.22694206237793
clipping,loud,2,21,rsna_10,False,20.83527374267578
clipping,loud,2,21,rsna_02,False,22.4646053314209
clipping,loud,2,21,rsna_11,False,20.932964324951172
clipping,loud,2,22,rsna_12,True,24.110454559326172
clipping,loud,2,22,kerm_03,False,22.585132598876953
clipping,loud,2,22,rsna_07,False,20.35162925720215
clipping,loud,2,22,kerm_06,False,40.316837310791016
clipping,loud,2,22,kerm_04,False,19.667118072509766
clipping,loud,2,22,kerm_01,False,21.13239097595215
clipping,loud,2,22,rsna_08,False,22.444011688232422
clipping,loud,2,22,kerm_05,False,19.656530380249023
clipping,loud,2,22,rsna_03,False,21.955228805541992
clipping,loud,2,22,kerm_07,False,24.155044555664062
clipping,loud,2,22,rsna_02,False,22.530780792236328
clipping,loud,2,22,rsna_04,False,20.924365997314453
clipping,loud,2,22,rsna_11,False,18.974454879760742
clipping,loud,2,22,rsna_09,False,20.56682014465332
clipping,loud,2,22,rsna_10,False,21.07178497314453
clipping,loud,2,23,rsna_12,True,26.125232696533203
clipping,loud,2,23,rsna_01,False,26.059350967407227
clipping,loud,2,23,kerm_05,False,23.921419143676758
clipping,loud,2,23,rsna_11,False,26.515348434448242
clipping,loud,2,23,rsna_02,False,34.234291076660156
clipping,loud,2,23,kerm_04,False,18.695886611938477
clipping,loud,2,23,kerm_03,False,24.29146385192871
clipping,loud,2,23,rsna_06,False,25.147850036621094
clipping,loud,2,23,kerm_06,False,19.49892807006836
clipping,loud,2,23,rsna_05,False,22.371315002441406
clipping,loud,2,23,rsna_07,False,18.54567527770996
clipping,loud,2,23,rsna_04,False,23.954750061035156
clipping,loud,2,23,kerm_07,False,22.71133804321289
clipping,loud,2,23,rsna_08,False,18.315345764160156
clipping,loud,2,23,rsna_03,False,24.195735931396484
clipping,loud,2,24,rsna_12,True,23.616718292236328
clipping,loud,2,24,kerm_04,False,23.519742965698242
clipping,loud,2,24,rsna_08,False,21.544782638549805
clipping,loud,2,24,rsna_09,False,26.650718688964844
clipping,loud,2,24,rsna_01,False,25.40766143798828
clipping,loud,2,24,kerm_01,False,19.438396453857422
clipping,loud,2,24,kerm_07,False,26.1689395904541
clipping,loud,2,24,rsna_03,False,24.982742309570312
clipping,loud,2,24,rsna_04,False,22.073076248168945
clipping,loud,2,24,rsna_02,False,21.875335693359375
clipping,loud,2,24,rsna_11,False,21.46865463256836
clipping,loud,2,24,rsna_06,False,18.701074600219727
clipping,loud,2,24,rsna_07,False,17.747329711914062
clipping,loud,2,24,rsna_05,False,27.03245735168457
clipping,loud,2,24,kerm_06,False,23.157855987548828
clipping,loud,2,25,rsna_12,True,24.839340209960938
clipping,loud,2,25,kerm_06,False,24.81283950805664
clipping,loud,2,25,kerm_05,False,22.53413963317871
clipping,loud,2,25,rsna_07,False,19.861696243286133
clipping,loud,2,25,kerm_08,False,26.220802307128906
clipping,loud,2,25,rsna_03,False,22.39811897277832
clipping,loud,2,25,rsna_09,False,17.87167739868164
clipping,loud,2,25,kerm_04,False,24.954669952392578
clipping,loud,2,25,kerm_03,False,24.502573013305664
clipping,loud,2,25,rsna_10,False,26.7995548248291
clipping,loud,2,25,rsna_02,False,21.013566970825195
clipping,loud,2,25,rsna_04,False,23.279541015625
clipping,loud,2,25,rsna_05,False,20.62096405029297
clipping,loud,2,25,kerm_01,False,21.071516036987305
clipping,loud,2,25,rsna_06,False,18.319055557250977
clipping,loud,2,26,rsna_12,True,28.275114059448242
clipping,loud,2,26,kerm_05,False,40.784385681152344
clipping,loud,2,26,rsna_05,False,21.393024444580078
clipping,loud,2,26,kerm_01,False,21.199087142944336
clipping,loud,2,26,kerm_08,False,25.334121704101562
clipping,loud,2,26,rsna_08,False,24.59686851501465
clipping,loud,2,26,rsna_02,False,25.81757926940918
clipping,loud,2,26,rsna_09,False,20.349884033203125
clipping,loud,2,26,kerm_02,False,19.766433715820312
clipping,loud,2,26,rsna_11,False,27.726089477539062
clipping,loud,2,26,kerm_07,False,25.280513763427734
clipping,loud,2,26,rsna_03,False,24.593481063842773
clipping,loud,2,26,rsna_01,False,30.068172454833984
clipping,loud,2,26,rsna_10,False,20.216434478759766
clipping,loud,2,26,rsna_04,False,26.287900924682617
clipping,loud,2,27,rsna_12,True,22.421707153320312
clipping,loud,2,27,kerm_01,False,20.661550521850586
clipping,loud,2,27,rsna_01,False,29.973146438598633
clipping,loud,2,27,kerm_05,False,22.723365783691406
clipping,loud,2,27,rsna_03,False,21.000423431396484
clipping,loud,2,27,rsna_02,False,23.45845603942871
clipping,loud,2,27,kerm_04,False,46.86396789550781
clipping,loud,2,27,rsna_06,False,21.85558319091797
clipping,loud,2,27,kerm_06,False,23.24415397644043
clipping,loud,2,27,rsna_04,False,19.09231185913086
clipping,loud,2,27,rsna_08,False,19.792600631713867
clipping,loud,2,27,rsna_11,False,21.5319881439209
clipping,loud,2,27,rsna_10,False,23.0011043548584
clipping,loud,2,27,kerm_07,False,30.4913272857666
clipping,loud,2,27,kerm_03,False,21.969425201416016
clipping,loud,2,28,rsna_12,True,25.48879623413086
clipping,loud,2,28,kerm_01,False,27.70201301574707
clipping,loud,2,28,kerm_04,False,19.24532127380371
clipping,loud,2,28,rsna_04,False,22.616172790527344
clipping,loud,2,28,rsna_09,False,21.933948516845703
clipping,loud,2,28,kerm_03,False,21.48420524597168
clipping,loud,2,28,rsna_07,False,21.434911727905273
clipping,loud,2,28,rsna_01,False,24.205421447753906
clipping,loud,2,28,rsna_02,False,21.8726863861084
clipping,loud,2,28,rsna_05,False,20.863569259643555
clipping,loud,2,28,kerm_02,False,25.26626968383789
clipping,loud,2,28,rsna_03,False,21.98868751525879
clipping,loud,2,28,kerm_05,False,26.992536544799805
clipping,loud,2,28,kerm_08,False,28.388517379760742
clipping,loud,2,28,rsna_10,False,23.1781005859375
clipping,loud,2,29,rsna_12,True,31.1845645904541
clipping,loud,2,29,rsna_10,False,25.755043029785156
clipping,loud,2,29,rsna_04,False,21.256572723388672
clipping,loud,2,29,kerm_07,False,29.119258880615234
clipping,loud,2,29,rsna_08,False,17.98701286315918
clipping,loud,2,29,kerm_04,False,26.17239761352539
clipping,loud,2,29,kerm_08,False,27.11650276184082
clipping,loud,2,29,rsna_09,False,20.74235725402832
clipping,loud,2,29,rsna_07,False,23.1060848236084
clipping,loud,2,29,rsna_03,False,35.47294235229492
clipping,loud,2,29,rsna_05,False,20.71027183532715
clipping,loud,2,29,rsna_11,False,21.546213150024414
clipping,loud,2,29,kerm_06,False,25.723623275756836
clipping,loud,2,29,kerm_03,False,22.937448501586914
clipping,loud,2,29,rsna_06,False,21.632823944091797
clipping,loud,2,30,rsna_12,True,35.351619720458984
clipping,loud,2,30,rsna_07,False,24.801485061645508
clipping,loud,2,30,kerm_01,False,45.41631317138672
clipping,loud,2,30,kerm_07,False,26.9375
clipping,loud,2,30,kerm_02,False,24.0428524017334
clipping,loud,2,30,kerm_05,False,24.11719512939453
clipping,loud,2,30,rsna_09,False,19.31609535217285
clipping,loud,2,30,rsna_11,False,20.28597068786621
clipping,loud,2,30,rsna_01,False,33.531761169433594
clipping,loud,2,30,rsna_04,False,20.802928924560547
clipping,loud,2,30,rsna_06,False,29.123781204223633
clipping,loud,2,30,rsna_02,False,28.53664779663086
clipping,loud,2,30,kerm_08,False,24.143505096435547
clipping,loud,2,30,rsna_10,False,20.457351684570312
clipping,loud,2,30,kerm_06,False,22.303152084350586
clipping,loud,3,1,rsna_03,False,22.906396865844727
clipping,loud,3,1,rsna_09,False,23.292190551757812
clipping,loud,3,1,kerm_06,False,22.58348846435547
clipping,loud,3,1,rsna_04,False,22.928491592407227
clipping,loud,3,1,rsna_01,False,23.007999420166016
clipping,loud,3,1,rsna_12,False,22.735673904418945
clipping,loud,3,1,rsna_06,False,22.758703231811523
clipping,loud,3,1,kerm_08,False,22.345643997192383
clipping,loud,3,1,kerm_03,False,22.56019401550293
clipping,loud,3,1,rsna_02,False,23.262901306152344
clipping,loud,3,1,kerm_01,False,22.84163475036621
clipping,loud,3,1,kerm_05,False,22.20652198791504
clipping,loud,3,1,rsna_11,False,22.830781936645508
clipping,loud,3,1,rsna_07,False,22.683544158935547
clipping,loud,3,1,kerm_02,False,22.64385223388672
clipping,loud,3,2,rsna_06,False,18.09290313720703
clipping,loud,3,2,rsna_05,False,18.492399215698242
clipping,loud,3,2,rsna_04,False,18.399513244628906
clipping,loud,3,2,rsna_09,False,18.205957412719727
clipping,loud,3,2,rsna_08,False,19.14617156982422
clipping,loud,3,2,kerm_08,False,17.40214729309082
clipping,loud,3,2,kerm_01,False,16.923397064208984
clipping,loud,3,2,kerm_02,False,16.998170852661133
clipping,loud,3,2,kerm_04,False,17.58513069152832
clipping,loud,3,2,rsna_02,False,18.342575073242188
clipping,loud,3,2,kerm_05,False,17.635848999023438
clipping,loud,3,2,rsna_01,False,19.391794204711914
clipping,loud,3,2,kerm_06,False,17.114233016967773
clipping,loud,3,2,kerm_03,False,16.96245574951172
clipping,loud,3,2,rsna_12,False,17.4361629486084
clipping,loud,3,3,rsna_06,False,19.176795959472656
clipping,loud,3,3,rsna_12,False,18.577255249023438
clipping,loud,3,3,kerm_08,False,18.571992874145508
clipping,loud,3,3,kerm_02,False,17.277618408203125
clipping,loud,3,3,rsna_08,False,18.48375129699707
clipping,loud,3,3,rsna_03,False,19.091217041015625
clipping,loud,3,3,kerm_01,False,17.327701568603516
clipping,loud,3,3,rsna_09,False,19.756250381469727
clipping,loud,3,3,kerm_05,False,19.871967315673828
clipping,loud,3,3,rsna_11,False,20.118728637695312
clipping,loud,3,3,rsna_01,False,19.612390518188477
clipping,loud,3,3,kerm_04,False,18.485118865966797
clipping,loud,3,3,rsna_07,False,18.823394775390625
clipping,loud,3,3,rsna_04,False,19.341951370239258
clipping,loud,3,3,kerm_03,False,18.114728927612305
clipping,loud,3,4,rsna_01,False,21.805269241333008
clipping,loud,3,4,kerm_05,False,21.534883499145508
clipping,loud,3,4,rsna_06,False,20.073741912841797
clipping,loud,3,4,kerm_08,False,19.530620574951172
clipping,loud,3,4,rsna_07,False,20.479904174804688
clipping,loud,3,4,rsna_05,False,20.066381454467773
clipping,loud,3,4,kerm_07,False,23.072065353393555
clipping,loud,3,4,rsna_04,False,20.863759994506836
clipping,loud,3,4,rsna_02,False,20.107168197631836
clipping,loud,3,4,rsna_10,False,19.695533752441406
clipping,loud,3,4,rsna_09,False,19.365795135498047
clipping,loud,3,4,kerm_02,False,18.884071350097656
clipping,loud,3,4,rsna_11,False,20.1959285736084
clipping,loud,3,4,kerm_04,False,22.317800521850586
clipping,loud,3,4,rsna_03,False,21.448898315429688
clipping,loud,3,5,kerm_01,False,17.790220260620117
clipping,loud,3,5,kerm_06,False,27.283496856689453
clipping,loud,3,5,rsna_04,False,18.82341766357422
clipping,loud,3,5,kerm_08,False,24.972803115844727
clipping,loud,3,5,rsna_11,False,20.404508590698242
clipping,loud,3,5,rsna_03,False,19.36692237854004
clipping,loud,3,5,rsna_02,False,20.389484405517578
clipping,loud,3,5,rsna_10,False,19.65867805480957
clipping,loud,3,5,rsna_07,False,18.58102798461914
clipping,loud,3,5,kerm_03,False,18.204238891601562
clipping,loud,3,5,kerm_05,False,24.762971878051758
clipping,loud,3,5,rsna_05,False,18.532798767089844
clipping,loud,3,5,rsna_09,False,18.419994354248047
clipping,loud,3,5,rsna_12,False,24.373294830322266
clipping,loud,3,5,kerm_02,False,17.26632308959961
clipping,loud,3,6,rsna_11,False,18.798974990844727
clipping,loud,3,6,rsna_12,False,19.157699584960938
clipping,loud,3,6,rsna_10,False,19.148195266723633
clipping,loud,3,6,kerm_02,False,17.491662979125977
clipping,loud,3,6,rsna_07,False,18.684682846069336
clipping,loud,3,6,kerm_06,False,21.01167106628418
clipping,loud,3,6,rsna_09,False,19.44395637512207
clipping,loud,3,6,rsna_04,False,22.16860580444336
clipping,loud,3,6,kerm_07,False,19.841171264648438
clipping,loud,3,6,kerm_04,False,20.07959747314453
clipping,loud,3,6,kerm_01,False,18.940073013305664
clipping,loud,3,6,rsna_01,False,22.592241287231445
clipping,loud,3,6,kerm_05,False,24.286436080932617
clipping,loud,3,6,kerm_03,False,17.766307830810547
clipping,loud,3,6,rsna_05,False,20.12474822998047
clipping,loud,3,7,rsna_01,False,25.157751083374023
clipping,loud,3,7,kerm_08,False,20.02817153930664
clipping,loud,3,7,rsna_06,False,21.46880340576172
clipping,loud,3,7,kerm_01,False,21.550443649291992
clipping,loud,3,7,rsna_05,False,20.355846405029297
clipping,loud,3,7,kerm_06,False,21.83310890197754
clipping,loud,3,7,rsna_03,False,23.17574691772461
clipping,loud,3,7,rsna_11,False,18.735980987548828
clipping,loud,3,7,kerm_04,False,16.52100944519043
clipping,loud,3,7,rsna_09,False,19.12003517150879
clipping,loud,3,7,kerm_02,False,18.19980812072754
clipping,loud,3,7,kerm_07,False,22.749404907226562
clipping,loud,3,7,rsna_04,False,22.653865814208984
clipping,loud,3,7,kerm_05,False,22.36168670654297
clipping,loud,3,7,kerm_03,False,18.03505516052246
clipping,loud,3,8,kerm_03,False,16.616575241088867
clipping,loud,3,8,rsna_02,False,22.56873893737793
clipping,loud,3,8,rsna_06,False,19.06662368774414
clipping,loud,3,8,kerm_06,False,18.74844741821289
clipping,loud,3,8,kerm_01,False,18.5771484375
clipping,loud,3,8,rsna_01,False,23.804733276367188
clipping,loud,3,8,rsna_11,False,18.360010147094727
clipping,loud,3,8,kerm_07,False,28.13283920288086
clipping,loud,3,8,rsna_09,False,18.918468475341797
clipping,loud,3,8,rsna_10,False,19.643178939819336
clipping,loud,3,8,kerm_04,False,22.760046005249023
clipping,loud,3,8,rsna_08,False,19.8271484375
clipping,loud,3,8,kerm_05,False,24.29486846923828
clipping,loud,3,8,kerm_08,False,20.694902420043945
clipping,loud,3,8,rsna_12,False,19.612497329711914
clipping,loud,3,9,rsna_07,False,20.29911994934082
clipping,loud,3,9,kerm_02,False,20.294437408447266
clipping,loud,3,9,rsna_01,False,30.452774047851562
clipping,loud,3,9,rsna_09,False,19.72396469116211
clipping,loud,3,9,kerm_04,False,18.259550094604492
clipping,loud,3,9,rsna_05,False,23.39597511291504
clipping,loud,3,9,kerm_03,False,17.43815803527832
clipping,loud,3,9,rsna_04,False,23.403045654296875
clipping,loud,3,9,rsna_02,False,27.869239807128906
clipping,loud,3,9,kerm_07,False,18.662160873413086
clipping,loud,3,9,kerm_01,False,21.056781768798828
clipping,loud,3,9,rsna_06,False,22.068906784057617
clipping,loud,3,9,rsna_08,False,20.32448959350586
clipping,loud,3,9,rsna_11,False,17.819196701049805
clipping,loud,3,9,rsna_10,False,19.22355079650879
clipping,loud,3,10,rsna_01,False,24.675283432006836
clipping,loud,3,10,kerm_07,False,22.241168975830078
clipping,loud,3,10,rsna_11,False,19.580856323242188
clipping,loud,3,10,rsna_06,False,18.251291275024414
clipping,loud,3,10,kerm_02,False,18.783235549926758
clipping,loud,3,10,rsna_08,False,21.686397552490234
clipping,loud,3,10,rsna_12,False,22.603492736816406
clipping,loud,3,10,kerm_08,False,22.139806747436523
clipping,loud,3,10,rsna_05,False,19.598045349121094
clipping,loud,3,10,rsna_10,False,19.593503952026367
clipping,loud,3,10,rsna_09,False,18.884111404418945
clipping,loud,3,10,rsna_04,False,22.050384521484375
clipping,loud,3,10,kerm_06,False,27.045154571533203
clipping,loud,3,10,kerm_05,False,30.90867042541504
clipping,loud,3,10,kerm_04,False,19.18504524230957
clipping,loud,3,11,rsna_01,False,28.977249145507812
clipping,loud,3,11,rsna_02,False,30.95538330078125
clipping,loud,3,11,rsna_11,False,18.734086990356445
clipping,loud,3,11,kerm_07,False,23.347517013549805
clipping,loud,3,11,rsna_04,False,24.103866577148438
clipping,loud,3,11,rsna_10,False,21.61359977722168
clipping,loud,3,11,kerm_05,False,21.37518310546875
clipping,loud,3,11,rsna_06,False,21.300601959228516
clipping,loud,3,11,rsna_03,False,29.579639434814453
clipping,loud,3,11,kerm_03,False,16.98488426208496
clipping,loud,3,11,rsna_05,False,25.738880157470703
clipping,loud,3,11,rsna_07,False,19.699554443359375
clipping,loud,3,11,kerm_04,False,18.259366989135742
clipping,loud,3,11,rsna_09,False,20.567583084106445
clipping,loud,3,11,kerm_02,False,19.37714195251465
clipping,loud,3,12,rsna_07,False,22.01940155029297
clipping,loud,3,12,kerm_01,False,20.095478057861328
clipping,loud,3,12,kerm_03,False,19.706859588623047
clipping,loud,3,12,rsna_04,False,21.212932586669922
clipping,loud,3,12,rsna_12,False,20.669023513793945
clipping,loud,3,12,rsna_09,False,19.396076202392578
clipping,loud,3,12,rsna_11,False,21.681385040283203
clipping,loud,3,12,rsna_10,False,21.440073013305664
clipping,loud,3,12,rsna_03,False,21.161239624023438
clipping,loud,3,12,rsna_06,False,20.03852081298828
clipping,loud,3,12,rsna_08,False,18.086557388305664
clipping,loud,3,12,rsna_02,False,24.885644912719727
clipping,loud,3,12,kerm_02,False,17.537450790405273
clipping,loud,3,12,kerm_06,False,30.92792510986328
clipping,loud,3,12,kerm_08,False,23.484073638916016
clipping,loud,3,13,rsna_06,False,19.286012649536133
clipping,loud,3,13,rsna_01,False,22.780563354492188
clipping,loud,3,13,kerm_01,False,20.651607513427734
clipping,loud,3,13,rsna_02,False,22.957935333251953
clipping,loud,3,13,kerm_06,False,23.861473083496094
clipping,loud,3,13,rsna_12,False,20.829774856567383
clipping,loud,3,13,rsna_04,False,22.044511795043945
clipping,loud,3,13,rsna_09,False,19.86224365234375
clipping,loud,3,13,rsna_10,False,18.563037872314453
clipping,loud,3,13,rsna_11,False,18.451675415039062
clipping,loud,3,13,rsna_07,False,19.850276947021484
clipping,loud,3,13,kerm_05,False,26.342254638671875
clipping,loud,3,13,rsna_03,False,24.595115661621094
clipping,loud,3,13,kerm_03,False,21.278837203979492
clipping,loud,3,13,kerm_08,False,20.954187393188477
clipping,loud,3,14,rsna_09,False,19.812644958496094
clipping,loud,3,14,rsna_08,False,18.921728134155273
clipping,loud,3,14,kerm_05,False,36.806243896484375
clipping,loud,3,14,rsna_06,False,21.174943923950195
clipping,loud,3,14,kerm_04,False,29.533552169799805
clipping,loud,3,14,rsna_04,False,21.386857986450195
clipping,loud,3,14,kerm_06,False,29.816757202148438
clipping,loud,3,14,rsna_02,False,30.878076553344727
clipping,loud,3,14,kerm_07,False,21.46858024597168
clipping,loud,3,14,rsna_10,False,21.246562957763672
clipping,loud,3,14,rsna_03,False,27.705642700195312
clipping,loud,3,14,kerm_02,False,18.591556549072266
clipping,loud,3,14,kerm_08,False,21.679197311401367
clipping,loud,3,14,rsna_07,False,22.310962677001953
clipping,loud,3,14,rsna_05,False,19.864917755126953
clipping,loud,3,15,rsna_12,True,38.327693939208984
clipping,loud,3,15,rsna_10,False,20.218576431274414
clipping,loud,3,15,kerm_07,False,23.330425262451172
clipping,loud,3,15,rsna_02,False,27.99755859375
clipping,loud,3,15,rsna_03,False,23.885578155517578
clipping,loud,3,15,rsna_06,False,20.2724666595459
clipping,loud,3,15,kerm_08,False,23.281381607055664
clipping,loud,3,15,kerm_05,False,17.774805068969727
clipping,loud,3,15,kerm_02,False,19.08793830871582
clipping,loud,3,15,rsna_05,False,23.484107971191406
clipping,loud,3,15,kerm_03,False,19.122821807861328
clipping,loud,3,15,rsna_11,False,18.85871124267578
clipping,loud,3,15,rsna_01,False,25.938039779663086
clipping,loud,3,15,kerm_04,False,21.309146881103516
clipping,loud,3,15,kerm_06,False,22.614131927490234
clipping,loud,3,16,rsna_12,True,43.706321716308594
clipping,loud,3,16,rsna_11,False,17.923656463623047
clipping,loud,3,16,kerm_03,False,19.19391632080078
clipping,loud,3,16,kerm_08,False,24.890310287475586
clipping,loud,3,16,rsna_01,False,25.572284698486328
clipping,loud,3,16,rsna_08,False,18.373313903808594
clipping,loud,3,16,rsna_02,False,25.931283950805664
clipping,loud,3,16,kerm_04,False,19.383777618408203
clipping,loud,3,16,rsna_09,False,20.01266860961914
clipping,loud,3,16,kerm_05,False,29.777843475341797
clipping,loud,3,16,kerm_06,False,24.599254608154297
clipping,loud,3,16,rsna_03,False,22.19502830505371
clipping,loud,3,16,rsna_06,False,23.79115867614746
clipping,loud,3,16,kerm_01,False,19.79505729675293
clipping,loud,3,16,rsna_07,False,24.566450119018555
clipping,loud,3,17,rsna_12,True,41.272701263427734
clipping,loud,3,17,rsna_10,False,20.21598243713379
clipping,loud,3,17,kerm_08,False,23.198020935058594
clipping,loud,3,17,kerm_05,False,24.225366592407227
clipping,loud,3,17,kerm_01,False,18.346464157104492
clipping,loud,3,17,rsna_05,False,20.862707138061523
clipping,loud,3,17,rsna_06,False,25.0959529876709
clipping,loud,3,17,rsna_04,False,22.08556365966797
clipping,loud,3,17,rsna_08,False,19.65160369873047
clipping,loud,3,17,rsna_07,False,20.235727310180664
clipping,loud,3,17,kerm_03,False,19.008512496948242
clipping,loud,3,17,kerm_02,False,17.63096046447754
clipping,loud,3,17,kerm_04,False,19.42424964904785
clipping,loud,3,17,rsna_03,False,21.892314910888672
clipping,loud,3,17,rsna_11,False,23.03801155090332
clipping,loud,3,18,rsna_12,True,31.17029571533203
clipping,loud,3,18,rsna_09,False,18.97460174560547
clipping,loud,3,18,kerm_05,False,31.8814697265625
clipping,loud,3,18,rsna_07,False,21.929224014282227
clipping,loud,3,18,kerm_08,False,24.44947052001953
clipping,loud,3,18,kerm_04,False,29.458742141723633
clipping,loud,3,18,rsna_05,False,20.33645248413086
clipping,loud,3,18,rsna_08,False,18.879682540893555
clipping,loud,3,18,kerm_06,False,24.820526123046875
clipping,loud,3,18,rsna_02,False,22.738847732543945
clipping,loud,3,18,kerm_02,False,18.794967651367188
clipping,loud,3,18,rsna_04,False,20.49018669128418
clipping,loud,3,18,rsna_11,False,19.815093994140625
clipping,loud,3,18,kerm_03,False,18.051239013671875
clipping,loud,3,18,rsna_06,False,20.37779426574707
clipping,loud,3,19,rsna_12,True,36.485008239746094
clipping,loud,3,19,kerm_03,False,20.629558563232422
clipping,loud,3,19,kerm_01,False,21.88118553161621
clipping,loud,3,19,rsna_04,False,25.375473022460938
clipping,loud,3,19,kerm_08,False,25.49506378173828
clipping,loud,3,19,kerm_05,False,19.98495864868164
clipping,loud,3,19,rsna_11,False,20.371091842651367
clipping,loud,3,19,kerm_02,False,22.8726749420166
clipping,loud,3,19,kerm_04,False,17.554548263549805
clipping,loud,3,19,rsna_10,False,22.493804931640625
clipping,loud,3,19,rsna_08,False,19.59211540222168
clipping,loud,3,19,rsna_02,False,25.022844314575195
clipping,loud,3,19,rsna_06,False,19.797048568725586
clipping,loud,3,19,rsna_05,False,27.356414794921875
clipping,loud,3,19,rsna_07,False,20.338245391845703
clipping,loud,3,20,rsna_12,True,32.3063850402832
clipping,loud,3,20,rsna_01,False,27.695402145385742
clipping,loud,3,20,rsna_02,False,27.568744659423828
clipping,loud,3,20,rsna_04,False,19.90835952758789
clipping,loud,3,20,rsna_08,False,24.31751251220703
clipping,loud,3,20,rsna_11,False,22.696786880493164
clipping,loud,3,20,kerm_03,False,20.841270446777344
clipping,loud,3,20,kerm_04,False,17.856870651245117
clipping,loud,3,20,kerm_05,False,29.086275100708008
clipping,loud,3,20,kerm_01,False,29.201650619506836
clipping,loud,3,20,rsna_07,False,26.048189163208008
clipping,loud,3,20,kerm_06,False,23.977434158325195
clipping,loud,3,20,kerm_02,False,18.92095947265625
clipping,loud,3,20,kerm_07,False,24.579919815063477
clipping,loud,3,20,rsna_05,False,27.439712524414062
clipping,loud,3,21,rsna_12,True,33.72151184082031
clipping,loud,3,21,rsna_03,False,22.17666244506836
clipping,loud,3,21,rsna_02,False,25.057382583618164
clipping,loud,3,21,rsna_08,False,20.28407859802246
clipping,loud,3,21,kerm_08,False,25.522233963012695
clipping,loud,3,21,kerm_07,False,28.720169067382812
clipping,loud,3,21,kerm_02,False,20.86976432800293
clipping,loud,3,21,rsna_04,False,22.34017562866211
clipping,loud,3,21,kerm_04,False,19.554420471191406
clipping,loud,3,21,kerm_01,False,20.153440475463867
clipping,loud,3,21,rsna_05,False,19.58058738708496
clipping,loud,3,21,kerm_06,False,22.850980758666992
clipping,loud,3,21,rsna_06,False,20.26826286315918
clipping,loud,3,21,rsna_07,False,20.040752410888672
clipping,loud,3,21,rsna_01,False,29.925621032714844
clipping,loud,3,22,rsna_12,True,34.77317810058594
clipping,loud,3,22,kerm_08,False,27.60272216796875
clipping,loud,3,22,kerm_06,False,36.62266540527344
clipping,loud,3,22,kerm_07,False,26.24315643310547
clipping,loud,3,22,rsna_02,False,22.859237670898438
clipping,loud,3,22,kerm_02,False,19.766164779663086
clipping,loud,3,22,rsna_06,False,19.364154815673828
clipping,loud,3,22,rsna_03,False,20.119112014770508
clipping,loud,3,22,rsna_08,False,22.643848419189453
clipping,loud,3,22,rsna_05,False,19.962759017944336
clipping,loud,3,22,rsna_04,False,20.890621185302734
clipping,loud,3,22,kerm_03,False,22.275007247924805
clipping,loud,3,22,rsna_10,False,26.22894287109375
clipping,loud,3,22,kerm_04,False,20.930274963378906
clipping,loud,3,22,kerm_05,False,41.66303634643555
clipping,loud,3,23,rsna_12,True,30.7211856842041
clipping,loud,3,23,rsna_03,False,23.479469299316406
clipping,loud,3,23,rsna_09,False,30.00819969177246
clipping,loud,3,23,kerm_04,False,20.33578872680664
clipping,loud,3,23,rsna_06,False,22.41107940673828
clipping,loud,3,23,rsna_04,False,22.8076229095459
clipping,loud,3,23,kerm_01,False,28.87395668029785
clipping,loud,3,23,rsna_01,False,25.545528411865234
clipping,loud,3,23,rsna_08,False,19.376062393188477
clipping,loud,3,23,rsna_07,False,27.184125900268555
clipping,loud,3,23,kerm_06,False,22.475786209106445
clipping,loud,3,23,rsna_10,False,29.76531219482422
clipping,loud,3,23,kerm_08,False,23.90732192993164
clipping,loud,3,23,kerm_02,False,21.55322265625
clipping,loud,3,23,rsna_05,False,22.55600929260254
clipping,loud,3,24,rsna_12,True,24.25554084777832
clipping,loud,3,24,rsna_08,False,20.152048110961914
clipping,loud,3,24,rsna_04,False,21.73703384399414
clipping,loud,3,24,kerm_01,False,20.498830795288086
clipping,loud,3,24,rsna_07,False,27.382627487182617
clipping,loud,3,24,kerm_07,False,26.77933692932129
clipping,loud,3,24,rsna_06,False,20.712074279785156
clipping,loud,3,24,rsna_10,False,20.66152000427246
clipping,loud,3,24,kerm_05,False,30.47509002685547
clipping,loud,3,24,kerm_03,False,18.33846664428711
clipping,loud,3,24,kerm_08,False,33.88409423828125
clipping,loud,3,24,rsna_11,False,21.056865692138672
clipping,loud,3,24,kerm_02,False,21.58473777770996
clipping,loud,3,24,rsna_02,False,24.402984619140625
clipping,loud,3,24,rsna_01,False,25.431549072265625
clipping,loud,3,25,rsna_12,True,26.611658096313477
clipping,loud,3,25,kerm_05,False,19.675676345825195
clipping,loud,3,25,rsna_07,False,21.365339279174805
clipping,loud,3,25,rsna_06,False,40.98411560058594
clipping,loud,3,25,rsna_09,False,21.16374969482422
clipping,loud,3,25,kerm_06,False,22.979673385620117
clipping,loud,3,25,rsna_10,False,36.3299446105957
clipping,loud,3,25,rsna_05,False,20.434738159179688
clipping,loud,3,25,kerm_04,False,18.85700035095215
clipping,loud,3,25,rsna_08,False,21.202919006347656
clipping,loud,3,25,rsna_02,False,24.303632736206055
clipping,loud,3,25,kerm_03,False,21.097702026367188
clipping,loud,3,25,kerm_02,False,20.278039932250977
clipping,loud,3,25,rsna_01,False,25.217195510864258
clipping,loud,3,25,kerm_08,False,23.8830509185791
clipping,loud,3,26,rsna_12,True,23.493988037109375
clipping,loud,3,26,rsna_02,False,25.702836990356445
clipping,loud,3,26,rsna_09,False,20.428455352783203
clipping,loud,3,26,rsna_06,False,20.246036529541016
clipping,loud,3,26,kerm_07,False,33.27035903930664
clipping,loud,3,26,rsna_01,False,32.085166931152344
clipping,loud,3,26,kerm_01,False,25.143478393554688
clipping,loud,3,26,kerm_05,False,27.81235694885254
clipping,loud,3,26,rsna_05,False,22.567190170288086
clipping,loud,3,26,rsna_10,False,24.19575309753418
clipping,loud,3,26,rsna_11,False,21.679067611694336
clipping,loud,3,26,kerm_02,False,18.751689910888672
clipping,loud,3,26,kerm_06,False,24.225454330444336
clipping,loud,3,26,rsna_04,False,21.873516082763672
clipping,loud,3,26,rsna_08,False,18.87567138671875
clipping,loud,3,27,rsna_12,True,26.953407287597656
clipping,loud,3,27,kerm_06,False,22.813705444335938
clipping,loud,3,27,kerm_02,False,22.661256790161133
clipping,loud,3,27,kerm_03,False,21.118467330932617
clipping,loud,3,27,rsna_04,False,22.005603790283203
clipping,loud,3,27,kerm_04,False,25.35420036315918
clipping,loud,3,27,rsna_02,False,27.95030975341797
clipping,loud,3,27,rsna_10,False,21.043094635009766
clipping,loud,3,27,rsna_03,False,24.923809051513672
clipping,loud,3,27,rsna_08,False,19.367694854736328
clipping,loud,3,27,kerm_07,False,28.9188232421875
clipping,loud,3,27,kerm_05,False,36.880462646484375
clipping,loud,3,27,rsna_05,False,32.79928970336914
clipping,loud,3,27,rsna_07,False,26.937294006347656
clipping,loud,3,27,kerm_08,False,26.267147064208984
clipping,loud,3,28,rsna_12,True,25.195201873779297
clipping,loud,3,28,rsna_02,False,32.60047149658203
clipping,loud,3,28,rsna_06,False,19.302900314331055
clipping,loud,3,28,rsna_07,False,21.081663131713867
clipping,loud,3,28,rsna_11,False,24.398183822631836
clipping,loud,3,28,rsna_10,False,25.953481674194336
clipping,loud,3,28,kerm_02,False,19.559358596801758
clipping,loud,3,28,rsna_04,False,22.413448333740234
clipping,loud,3,28,kerm_04,False,18.48662567138672
clipping,loud,3,28,kerm_07,False,24.986751556396484
clipping,loud,3,28,rsna_05,False,25.474716186523438
clipping,loud,3,28,rsna_03,False,27.8681583404541
clipping,loud,3,28,rsna_08,False,20.997499465942383
clipping,loud,3,28,kerm_01,False,28.607501983642578
clipping,loud,3,28,kerm_08,False,24.533737182617188
clipping,loud,3,29,rsna_12,True,27.00181770324707
clipping,loud,3,29,rsna_09,False,18.907684326171875
clipping,loud,3,29,rsna_10,False,35.765262603759766
clipping,loud,3,29,rsna_04,False,20.065933227539062
clipping,loud,3,29,kerm_05,False,30.84855842590332
clipping,loud,3,29,rsna_11,False,22.477785110473633
clipping,loud,3,29,kerm_04,False,24.163284301757812
clipping,loud,3,29,rsna_06,False,25.419231414794922
clipping,loud,3,29,rsna_07,False,20.383886337280273
clipping,loud,3,29,kerm_02,False,19.237709045410156
clipping,loud,3,29,rsna_08,False,31.399534225463867
clipping,loud,3,29,rsna_02,False,28.33401870727539
clipping,loud,3,29,kerm_08,False,28.78257179260254
clipping,loud,3,29,kerm_01,False,22.14284324645996
clipping,loud,3,29,rsna_03,False,21.175363540649414
clipping,loud,3,30,rsna_12,True,24.19327735900879
clipping,loud,3,30,kerm_01,False,21.68654441833496
clipping,loud,3,30,rsna_10,False,21.924842834472656
clipping,loud,3,30,rsna_09,False,21.578824996948242
clipping,loud,3,30,kerm_05,False,23.231237411499023
clipping,loud,3,30,rsna_06,False,22.4591064453125
clipping,loud,3,30,rsna_04,False,19.848331451416016
clipping,loud,3,30,rsna_08,False,19.106983184814453
clipping,loud,3,30,rsna_07,False,24.957225799560547
clipping,loud,3,30,rsna_05,False,21.69182777404785
clipping,loud,3,30,kerm_08,False,34.94881820678711
clipping,loud,3,30,kerm_02,False,18.426063537597656
clipping,loud,3,30,kerm_03,False,23.6768856048584
clipping,loud,3,30,rsna_11,False,27.025775909423828
clipping,loud,3,30,kerm_07,False,29.224576950073242
clipping,loud,4,1,rsna_04,False,22.95720863342285
clipping,loud,4,1,kerm_07,False,22.17970848083496
clipping,loud,4,1,rsna_02,False,23.487911224365234
clipping,loud,4,1,kerm_02,False,22.726097106933594
clipping,loud,4,1,rsna_10,False,22.286808013916016
clipping,loud,4,1,rsna_08,False,22.54485321044922
clipping,loud,4,1,rsna_11,False,22.415403366088867
clipping,loud,4,1,kerm_05,False,22.19849967956543
clipping,loud,4,1,rsna_06,False,22.755319595336914
clipping,loud,4,1,rsna_01,False,23.095054626464844
clipping,loud,4,1,rsna_03,False,23.699928283691406
clipping,loud,4,1,rsna_12,False,22.275592803955078
clipping,loud,4,1,rsna_09,False,22.859088897705078
clipping,loud,4,1,rsna_07,False,23.157861709594727
clipping,loud,4,1,kerm_08,False,22.37786865234375
clipping,loud,4,2,rsna_06,False,18.854782104492188
clipping,loud,4,2,kerm_06,False,17.83319664001465
clipping,loud,4,2,kerm_03,False,17.07539176940918
clipping,loud,4,2,rsna_04,False,18.79486846923828
clipping,loud,4,2,rsna_09,False,17.92664337158203
clipping,loud,4,2,kerm_08,False,17.088096618652344
clipping,loud,4,2,rsna_08,False,17.887954711914062
clipping,loud,4,2,rsna_12,False,17.66863441467285
clipping,loud,4,2,rsna_11,False,18.21607208251953
clipping,loud,4,2,rsna_02,False,19.430274963378906
clipping,loud,4,2,rsna_03,False,18.874929428100586
clipping,loud,4,2,rsna_05,False,19.642276763916016
clipping,loud,4,2,kerm_07,False,17.996397018432617
clipping,loud,4,2,rsna_07,False,18.15981674194336
clipping,loud,4,2,rsna_01,False,19.6060791015625
clipping,loud,4,3,kerm_01,False,17.654922485351562
clipping,loud,4,3,rsna_08,False,18.747291564941406
clipping,loud,4,3,kerm_02,False,18.5754337310791
clipping,loud,4,3,kerm_08,False,20.398242950439453
clipping,loud,4,3,rsna_01,False,22.109800338745117
clipping,loud,4,3,rsna_10,False,20.206680297851562
clipping,loud,4,3,kerm_06,False,20.493249893188477
clipping,loud,4,3,rsna_11,False,18.80168342590332
clipping,loud,4,3,rsna_09,False,19.0122127532959
clipping,loud,4,3,kerm_05,False,18.50899314880371
clipping,loud,4,3,rsna_03,False,21.141801834106445
clipping,loud,4,3,kerm_07,False,19.419139862060547
clipping,loud,4,3,rsna_06,False,18.598482131958008
clipping,loud,4,3,rsna_04,False,19.30937385559082
clipping,loud,4,3,rsna_05,False,18.631797790527344
clipping,loud,4,4,kerm_01,False,17.403324127197266
clipping,loud,4,4,rsna_12,False,18.884891510009766
clipping,loud,4,4,rsna_06,False,20.542909622192383
clipping,loud,4,4,rsna_07,False,19.335668563842773
clipping,loud,4,4,kerm_02,False,17.82527732849121
clipping,loud,4,4,kerm_04,False,17.695053100585938
clipping,loud,4,4,rsna_05,False,19.92005157470703
clipping,loud,4,4,rsna_04,False,18.978700637817383
clipping,loud,4,4,rsna_11,False,18.266620635986328
clipping,loud,4,4,rsna_03,False,21.198942184448242
clipping,loud,4,4,kerm_07,False,19.179189682006836
clipping,loud,4,4,rsna_08,False,18.727802276611328
clipping,loud,4,4,rsna_01,False,23.999860763549805
clipping,loud,4,4,kerm_03,False,17.723814010620117
clipping,loud,4,4,kerm_08,False,20.265827178955078
clipping,loud,4,5,rsna_11,False,18.827392578125
clipping,loud,4,5,rsna_09,False,19.0069522857666
clipping,loud,4,5,kerm_01,False,17.850046157836914
clipping,loud,4,5,kerm_04,False,18.387266159057617
clipping,loud,4,5,kerm_06,False,19.791866302490234
clipping,loud,4,5,rsna_06,False,19.617639541625977
clipping,loud,4,5,kerm_02,False,18.93937110900879
clipping,loud,4,5,rsna_12,False,18.5612850189209
clipping,loud,4,5,rsna_05,False,19.45016098022461
clipping,loud,4,5,rsna_07,False,18.604089736938477
clipping,loud,4,5,rsna_02,False,23.38801383972168
clipping,loud,4,5,kerm_08,False,20.733081817626953
clipping,loud,4,5,kerm_07,False,19.921756744384766
clipping,loud,4,5,kerm_03,False,17.093660354614258
clipping,loud,4,5,rsna_10,False,18.56744384765625
clipping,loud,4,6,rsna_02,False,23.46040916442871
clipping,loud,4,6,rsna_11,False,18.63423728942871
clipping,loud,4,6,rsna_04,False,23.02269744873047
clipping,loud,4,6,rsna_12,False,17.898109436035156
clipping,loud,4,6,kerm_07,False,19.662214279174805
clipping,loud,4,6,kerm_08,False,20.282289505004883
clipping,loud,4,6,rsna_03,False,25.048307418823242
clipping,loud,4,6,rsna_07,False,19.05097770690918
clipping,loud,4,6,kerm_03,False,18.727201461791992
clipping,loud,4,6,kerm_04,False,17.813968658447266
clipping,loud,4,6,kerm_06,False,18.52776336669922
clipping,loud,4,6,rsna_05,False,22.53413963317871
clipping,loud,4,6,kerm_05,False,16.557308197021484
clipping,loud,4,6,kerm_02,False,19.188669204711914
clipping,loud,4,6,kerm_01,False,19.398054122924805
clipping,loud,4,7,rsna_02,False,24.3731689453125
clipping,loud,4,7,kerm_05,False,20.784337997436523
clipping,loud,4,7,rsna_05,False,20.768890380859375
clipping,loud,4,7,rsna_06,False,20.926265716552734
clipping,loud,4,7,kerm_01,False,19.222732543945312
clipping,loud,4,7,rsna_01,False,29.308631896972656
clipping,loud,4,7,rsna_09,False,20.232004165649414
clipping,loud,4,7,kerm_04,False,18.631303787231445
clipping,loud,4,7,kerm_06,False,19.273229598999023
clipping,loud,4,7,rsna_11,False,18.600448608398438
clipping,loud,4,7,kerm_03,False,18.925464630126953
clipping,loud,4,7,rsna_10,False,20.05890464782715
clipping,loud,4,7,rsna_04,False,22.361677169799805
clipping,loud,4,7,rsna_12,False,19.615867614746094
clipping,loud,4,7,rsna_08,False,19.452974319458008
clipping,loud,4,8,kerm_01,False,19.566953659057617
clipping,loud,4,8,kerm_04,False,19.409608840942383
clipping,loud,4,8,kerm_07,False,21.691431045532227
clipping,loud,4,8,rsna_04,False,20.017047882080078
clipping,loud,4,8,rsna_08,False,19.821510314941406
clipping,loud,4,8,kerm_08,False,22.169326782226562
clipping,loud,4,8,rsna_09,False,20.82183837890625
clipping,loud,4,8,rsna_05,False,19.450716018676758
clipping,loud,4,8,rsna_07,False,19.880041122436523
clipping,loud,4,8,rsna_12,False,22.852020263671875
clipping,loud,4,8,kerm_06,False,22.65481185913086
clipping,loud,4,8,rsna_11,False,19.6709041595459
clipping,loud,4,8,rsna_02,False,22.618873596191406
clipping,loud,4,8,kerm_02,False,19.529264450073242
clipping,loud,4,8,rsna_06,False,20.959346771240234
clipping,loud,4,9,kerm_07,False,20.60805320739746
clipping,loud,4,9,rsna_05,False,22.519023895263672
clipping,loud,4,9,kerm_05,False,17.933712005615234
clipping,loud,4,9,kerm_01,False,24.214881896972656
clipping,loud,4,9,rsna_09,False,19.148548126220703
clipping,loud,4,9,kerm_03,False,21.926916122436523
clipping,loud,4,9,rsna_02,False,22.7269287109375
clipping,loud,4,9,kerm_02,False,22.189069747924805
clipping,loud,4,9,kerm_08,False,20.0242977142334
clipping,loud,4,9,rsna_06,False,20.24489974975586
clipping,loud,4,9,rsna_04,False,23.486082077026367
clipping,loud,4,9,rsna_10,False,21.774795532226562
clipping,loud,4,9,rsna_07,False,24.365896224975586
clipping,loud,4,9,kerm_06,False,20.058629989624023
clipping,loud,4,9,rsna_03,False,24.832988739013672
clipping,loud,4,10,kerm_06,False,21.789127349853516
clipping,loud,4,10,rsna_02,False,22.609281539916992
clipping,loud,4,10,rsna_01,False,23.34020233154297
clipping,loud,4,10,rsna_07,False,22.257829666137695
clipping,loud,4,10,kerm_05,False,18.900333404541016
clipping,loud,4,10,kerm_04,False,19.230815887451172
clipping,loud,4,10,rsna_08,False,21.71613121032715
clipping,loud,4,10,kerm_01,False,19.598312377929688
clipping,loud,4,10,kerm_02,False,19.183612823486328
clipping,loud,4,10,kerm_08,False,22.853378295898438
clipping,loud,4,10,rsna_05,False,19.225242614746094
clipping,loud,4,10,rsna_04,False,21.04802703857422
clipping,loud,4,10,rsna_06,False,20.518861770629883
clipping,loud,4,10,kerm_03,False,18.777938842773438
clipping,loud,4,10,rsna_03,False,26.1279296875
clipping,loud,4,11,kerm_06,False,20.70935821533203
clipping,loud,4,11,kerm_07,False,22.911203384399414
clipping,loud,4,11,rsna_12,False,21.49583625793457
clipping,loud,4,11,kerm_05,False,20.98647689819336
clipping,loud,4,11,rsna_10,False,23.59521484375
clipping,loud,4,11,rsna_08,False,24.55207633972168
clipping,loud,4,11,rsna_04,False,24.958791732788086
clipping,loud,4,11,kerm_08,False,23.872346878051758
clipping,loud,4,11,rsna_07,False,20.84473991394043
clipping,loud,4,11,kerm_01,False,19.927024841308594
clipping,loud,4,11,rsna_06,False,21.627025604248047
clipping,loud,4,11,rsna_02,False,22.364925384521484
clipping,loud,4,11,kerm_04,False,20.364858627319336
clipping,loud,4,11,rsna_01,False,25.651382446289062
clipping,loud,4,11,rsna_09,False,20.358797073364258
clipping,loud,4,12,rsna_05,False,24.142305374145508
clipping,loud,4,12,rsna_09,False,17.93582534790039
clipping,loud,4,12,rsna_10,False,21.976360321044922
clipping,loud,4,12,rsna_08,False,25.875080108642578
clipping,loud,4,12,kerm_08,False,22.097482681274414
clipping,loud,4,12,rsna_02,False,23.801904678344727
clipping,loud,4,12,kerm_07,False,20.84869384765625
clipping,loud,4,12,rsna_01,False,26.361282348632812
clipping,loud,4,12,rsna_11,False,21.093151092529297
clipping,loud,4,12,kerm_06,False,20.871633529663086
clipping,loud,4,12,kerm_03,False,18.88747215270996
clipping,loud,4,12,rsna_12,False,19.200624465942383
clipping,loud,4,12,kerm_04,False,19.830364227294922
clipping,loud,4,12,rsna_03,False,24.061237335205078
clipping,loud,4,12,rsna_07,False,20.45841407775879
clipping,loud,4,13,rsna_01,False,25.6384220123291
clipping,loud,4,13,rsna_04,False,23.952213287353516
clipping,loud,4,13,rsna_03,False,25.953351974487305
clipping,loud,4,13,kerm_03,False,26.679615020751953
clipping,loud,4,13,rsna_08,False,20.92769432067871
clipping,loud,4,13,rsna_09,False,19.731794357299805
clipping,loud,4,13,kerm_07,False,21.089746475219727
clipping,loud,4,13,rsna_10,False,19.82610321044922
clipping,loud,4,13,rsna_05,False,21.305744171142578
clipping,loud,4,13,kerm_06,False,21.169172286987305
clipping,loud,4,13,kerm_01,False,21.77364158630371
clipping,loud,4,13,rsna_12,False,20.18665885925293
clipping,loud,4,13,rsna_06,False,21.252962112426758
clipping,loud,4,13,rsna_07,False,18.198516845703125
clipping,loud,4,13,kerm_02,False,22.84134864807129
clipping,loud,4,14,kerm_01,False,21.900266647338867
clipping,loud,4,14,rsna_09,False,23.240631103515625
clipping,loud,4,14,rsna_05,False,26.791744232177734
clipping,loud,4,14,kerm_02,False,21.71258544921875
clipping,loud,4,14,rsna_01,False,24.45113754272461
clipping,loud,4,14,rsna_10,False,22.304555892944336
clipping,loud,4,14,kerm_08,False,23.957019805908203
clipping,loud,4,14,rsna_04,False,20.948490142822266
clipping,loud,4,14,rsna_11,False,22.364334106445312
clipping,loud,4,14,rsna_03,False,25.334630966186523
clipping,loud,4,14,kerm_03,False,22.343416213989258
clipping,loud,4,14,kerm_05,False,20.081554412841797
clipping,loud,4,14,rsna_02,False,28.713838577270508
clipping,loud,4,14,rsna_06,False,19.693115234375
clipping,loud,4,14,kerm_07,False,25.222047805786133
clipping,loud,4,15,rsna_12,True,34.40004348754883
clipping,loud,4,15,rsna_06,False,20.4062557220459
clipping,loud,4,15,rsna_01,False,24.741073608398438
clipping,loud,4,15,rsna_02,False,23.485828399658203
clipping,loud,4,15,rsna_04,False,25.37405014038086
clipping,loud,4,15,rsna_05,False,24.768035888671875
clipping,loud,4,15,kerm_02,False,24.102855682373047
clipping,loud,4,15,kerm_06,False,22.125398635864258
clipping,loud,4,15,rsna_09,False,19.838945388793945
clipping,loud,4,15,kerm_03,False,19.970935821533203
clipping,loud,4,15,rsna_10,False,24.7157039642334
clipping,loud,4,15,rsna_03,False,28.115127563476562
clipping,loud,4,15,rsna_11,False,19.393922805786133
clipping,loud,4,15,kerm_07,False,24.118331909179688
clipping,loud,4,15,kerm_04,False,20.26766014099121
clipping,loud,4,16,rsna_12,True,26.634538650512695
clipping,loud,4,16,kerm_07,False,24.20511245727539
clipping,loud,4,16,kerm_06,False,25.22410011291504
clipping,loud,4,16,rsna_08,False,33.41987609863281
clipping,loud,4,16,kerm_03,False,21.11884880065918
clipping,loud,4,16,kerm_01,False,27.072263717651367
clipping,loud,4,16,rsna_04,False,21.9722843170166
clipping,loud,4,16,rsna_01,False,33.484317779541016
clipping,loud,4,16,rsna_07,False,22.8569393157959
clipping,loud,4,16,rsna_02,False,26.343433380126953
clipping,loud,4,16,rsna_11,False,19.271835327148438
clipping,loud,4,16,rsna_03,False,26.34590721130371
clipping,loud,4,16,kerm_08,False,27.141494750976562
clipping,loud,4,16,rsna_10,False,22.345304489135742
clipping,loud,4,16,kerm_05,False,22.65468406677246
clipping,loud,4,17,rsna_12,True,29.847209930419922
clipping,loud,4,17,kerm_02,False,19.516952514648438
clipping,loud,4,17,rsna_10,False,21.087068557739258
clipping,loud,4,17,kerm_01,False,26.931291580200195
clipping,loud,4,17,rsna_04,False,25.268657684326172
clipping,loud,4,17,rsna_11,False,20.583698272705078
clipping,loud,4,17,rsna_06,False,23.893428802490234
clipping,loud,4,17,kerm_07,False,23.593246459960938
clipping,loud,4,17,kerm_05,False,24.375967025756836
clipping,loud,4,17,kerm_04,False,22.4693546295166
clipping,loud,4,17,rsna_03,False,24.306039810180664
clipping,loud,4,17,rsna_01,False,26.357975006103516
clipping,loud,4,17,kerm_06,False,25.45884895324707
clipping,loud,4,17,rsna_07,False,23.213247299194336
clipping,loud,4,17,kerm_03,False,22.722286224365234
clipping,loud,4,18,rsna_12,True,24.927021026611328
clipping,loud,4,18,rsna_07,False,28.19301986694336
clipping,loud,4,18,kerm_03,False,19.26923179626465
clipping,loud,4,18,kerm_08,False,27.632320404052734
clipping,loud,4,18,kerm_02,False,22.629270553588867
clipping,loud,4,18,rsna_08,False,31.72953224182129
clipping,loud,4,18,kerm_01,False,24.117231369018555
clipping,loud,4,18,rsna_09,False,20.692710876464844
clipping,loud,4,18,kerm_04,False,20.379804611206055
clipping,loud,4,18,rsna_01,False,29.593107223510742
clipping,loud,4,18,rsna_10,False,20.776588439941406
clipping,loud,4,18,rsna_11,False,21.028026580810547
clipping,loud,4,18,rsna_04,False,19.418346405029297
clipping,loud,4,18,rsna_02,False,28.1209774017334
clipping,loud,4,18,rsna_06,False,22.06945037841797
clipping,loud,4,19,rsna_12,True,28.64283561706543
clipping,loud,4,19,rsna_06,False,21.709131240844727
clipping,loud,4,19,kerm_05,False,20.822298049926758
clipping,loud,4,19,rsna_04,False,25.598024368286133
clipping,loud,4,19,rsna_01,False,25.75027084350586
clipping,loud,4,19,kerm_01,False,23.389556884765625
clipping,loud,4,19,kerm_02,False,20.267913818359375
clipping,loud,4,19,rsna_10,False,27.676502227783203
clipping,loud,4,19,kerm_03,False,20.486433029174805
clipping,loud,4,19,rsna_07,False,20.607492446899414
clipping,loud,4,19,kerm_08,False,26.942829132080078
clipping,loud,4,19,rsna_08,False,25.573278427124023
clipping,loud,4,19,kerm_06,False,22.57693862915039
clipping,loud,4,19,kerm_04,False,21.931087493896484
clipping,loud,4,19,kerm_07,False,25.402137756347656
clipping,loud,4,20,rsna_12,True,24.85790252685547
clipping,loud,4,20,kerm_03,False,20.903932571411133
clipping,loud,4,20,kerm_08,False,23.554216384887695
clipping,loud,4,20,rsna_07,False,20.282394409179688
clipping,loud,4,20,kerm_06,False,23.74765968322754
clipping,loud,4,20,rsna_03,False,26.155029296875
clipping,loud,4,20,rsna_10,False,27.557533264160156
clipping,loud,4,20,rsna_05,False,28.522043228149414
clipping,loud,4,20,rsna_09,False,20.531450271606445
clipping,loud,4,20,rsna_06,False,23.480697631835938
clipping,loud,4,20,rsna_04,False,23.77366828918457
clipping,loud,4,20,rsna_01,False,37.190486907958984
clipping,loud,4,20,kerm_04,False,19.606109619140625
clipping,loud,4,20,rsna_02,False,27.46623992919922
clipping,loud,4,20,rsna_08,False,26.028160095214844
clipping,loud,4,21,rsna_12,True,23.372018814086914
clipping,loud,4,21,rsna_07,False,23.059560775756836
clipping,loud,4,21,kerm_03,False,20.88966941833496
clipping,loud,4,21,rsna_11,False,23.268386840820312
clipping,loud,4,21,rsna_05,False,26.244945526123047
clipping,loud,4,21,kerm_08,False,29.304380416870117
clipping,loud,4,21,rsna_02,False,23.620525360107422
clipping,loud,4,21,rsna_03,False,29.107589721679688
clipping,loud,4,21,rsna_01,False,27.296512603759766
clipping,loud,4,21,rsna_08,False,19.1374568939209
clipping,loud,4,21,kerm_04,False,24.68770980834961
clipping,loud,4,21,rsna_04,False,28.327360153198242
clipping,loud,4,21,kerm_02,False,22.07213020324707
clipping,loud,4,21,rsna_09,False,25.768659591674805
clipping,loud,4,21,kerm_07,False,27.632963180541992
clipping,loud,4,22,rsna_12,True,26.514812469482422
clipping,loud,4,22,rsna_09,False,21.070796966552734
clipping,loud,4,22,kerm_04,False,27.61240005493164
clipping,loud,4,22,kerm_03,False,25.698732376098633
clipping,loud,4,22,kerm_01,False,21.9635066986084
clipping,loud,4,22,rsna_04,False,32.67890167236328
clipping,loud,4,22,rsna_05,False,21.65398597717285
clipping,loud,4,22,kerm_08,False,27.8826847076416
clipping,loud,4,22,kerm_06,False,27.009021759033203
clipping,loud,4,22,rsna_08,False,24.914567947387695
clipping,loud,4,22,rsna_02,False,28.587047576904297
clipping,loud,4,22,kerm_02,False,25.790252685546875
clipping,loud,4,22,rsna_01,False,31.41116714477539
clipping,loud,4,22,rsna_07,False,23.952701568603516
clipping,loud,4,22,rsna_11,False,22.905628204345703
clipping,loud,4,23,rsna_12,True,25.280134201049805
clipping,loud,4,23,kerm_06,False,24.86946678161621
clipping,loud,4,23,rsna_07,False,20.596782684326172
clipping,loud,4,23,rsna_06,False,24.425626754760742
clipping,loud,4,23,kerm_01,False,23.589082717895508
clipping,loud,4,23,rsna_01,False,36.43601608276367
clipping,loud,4,23,rsna_04,False,21.77124786376953
clipping,loud,4,23,rsna_10,False,26.578020095825195
clipping,loud,4,23,kerm_07,False,25.262434005737305
clipping,loud,4,23,kerm_03,False,19.176149368286133
clipping,loud,4,23,kerm_04,False,20.505889892578125
clipping,loud,4,23,rsna_11,False,24.159547805786133
clipping,loud,4,23,rsna_09,False,22.544321060180664
clipping,loud,4,23,rsna_02,False,24.116069793701172
clipping,loud,4,23,rsna_05,False,21.067394256591797
clipping,loud,4,24,rsna_12,True,25.619915008544922
clipping,loud,4,24,rsna_10,False,28.688703536987305
clipping,loud,4,24,rsna_06,False,25.543895721435547
clipping,loud,4,24,kerm_06,False,29.187837600708008
clipping,loud,4,24,rsna_02,False,25.769113540649414
clipping,loud,4,24,rsna_04,False,25.071094512939453
clipping,loud,4,24,rsna_09,False,33.607242584228516
clipping,loud,4,24,kerm_08,False,29.873889923095703
clipping,loud,4,24,kerm_07,False,25.158674240112305
clipping,loud,4,24,kerm_03,False,21.613588333129883
clipping,loud,4,24,kerm_04,False,28.869037628173828
clipping,loud,4,24,kerm_02,False,22.061681747436523
clipping,loud,4,24,rsna_01,False,26.621789932250977
clipping,loud,4,24,kerm_05,False,20.26778793334961
clipping,loud,4,24,rsna_07,False,19.434072494506836
clipping,loud,4,25,rsna_12,True,29.865766525268555
clipping,loud,4,25,rsna_02,False,26.36601448059082
clipping,loud,4,25,kerm_08,False,27.486501693725586
clipping,loud,4,25,kerm_07,False,25.202421188354492
clipping,loud,4,25,kerm_05,False,22.405405044555664
clipping,loud,4,25,rsna_09,False,20.86941909790039
clipping,loud,4,25,rsna_07,False,22.9444580078125
clipping,loud,4,25,rsna_04,False,24.188325881958008
clipping,loud,4,25,rsna_03,False,31.71790313720703
clipping,loud,4,25,kerm_06,False,24.918798446655273
clipping,loud,4,25,kerm_01,False,24.29058837890625
clipping,loud,4,25,kerm_02,False,25.081459045410156
clipping,loud,4,25,rsna_10,False,26.59113311767578
clipping,loud,4,25,rsna_11,False,21.73128890991211
clipping,loud,4,25,rsna_01,False,34.0040397644043
clipping,loud,4,26,rsna_12,True,30.11229133605957
clipping,loud,4,26,kerm_07,False,27.86751365661621
clipping,loud,4,26,kerm_05,False,22.196853637695312
clipping,loud,4,26,rsna_09,False,23.946210861206055
clipping,loud,4,26,rsna_06,False,24.205638885498047
clipping,loud,4,26,kerm_01,False,23.488521575927734
clipping,loud,4,26,kerm_04,False,20.862239837646484
clipping,loud,4,26,rsna_02,False,26.480167388916016
clipping,loud,4,26,kerm_02,False,24.829153060913086
clipping,loud,4,26,rsna_07,False,25.207767486572266
clipping,loud,4,26,rsna_01,False,31.55014991760254
clipping,loud,4,26,kerm_06,False,26.688613891601562
clipping,loud,4,26,rsna_05,False,27.086545944213867
clipping,loud,4,26,kerm_08,False,29.445154190063477
clipping,loud,4,26,rsna_04,False,21.961894989013672
clipping,loud,4,27,rsna_12,True,25.584369659423828
clipping,loud,4,27,rsna_03,False,25.13792610168457
clipping,loud,4,27,kerm_02,False,20.839374542236328
clipping,loud,4,27,kerm_06,False,24.44200325012207
clipping,loud,4,27,kerm_04,False,28.61233139038086
clipping,loud,4,27,rsna_09,False,19.861417770385742
clipping,loud,4,27,rsna_01,False,35.05457305908203
clipping,loud,4,27,rsna_08,False,24.789424896240234
clipping,loud,4,27,rsna_05,False,22.696334838867188
clipping,loud,4,27,kerm_07,False,34.152503967285156
clipping,loud,4,27,kerm_08,False,32.764129638671875
clipping,loud,4,27,rsna_04,False,22.417701721191406
clipping,loud,4,27,rsna_02,False,39.013973236083984
clipping,loud,4,27,kerm_01,False,23.889198303222656
clipping,loud,4,27,kerm_03,False,32.832794189453125
clipping,loud,4,28,rsna_12,True,29.301300048828125
clipping,loud,4,28,rsna_01,False,28.203981399536133
clipping,loud,4,28,kerm_08,False,34.421993255615234
clipping,loud,4,28,rsna_05,False,27.345325469970703
clipping,loud,4,28,rsna_07,False,22.346647262573242
clipping,loud,4,28,rsna_08,False,29.424137115478516
clipping,loud,4,28,rsna_03,False,31.66975975036621
clipping,loud,4,28,rsna_09,False,26.73806381225586
clipping,loud,4,28,rsna_11,False,33.88105773925781
clipping,loud,4,28,rsna_02,False,27.110946655273438
clipping,loud,4,28,kerm_07,False,25.104047775268555
clipping,loud,4,28,kerm_02,False,27.307130813598633
clipping,loud,4,28,rsna_04,False,22.49382781982422
clipping,loud,4,28,kerm_05,False,23.829622268676758
clipping,loud,4,28,kerm_04,False,28.135786056518555
clipping,loud,4,29,rsna_12,True,26.976709365844727
clipping,loud,4,29,rsna_01,False,37.902061462402344
clipping,loud,4,29,rsna_11,False,22.82260513305664
clipping,loud,4,29,kerm_01,False,24.371381759643555
clipping,loud,4,29,rsna_02,False,35.816490173339844
clipping,loud,4,29,rsna_05,False,27.564098358154297
clipping,loud,4,29,kerm_05,False,26.071041107177734
clipping,loud,4,29,rsna_03,False,28.192119598388672
clipping,loud,4,29,rsna_09,False,22.518205642700195
clipping,loud,4,29,kerm_06,False,27.22165870666504
clipping,loud,4,29,rsna_06,False,22.883625030517578
clipping,loud,4,29,kerm_08,False,32.47100067138672
clipping,loud,4,29,kerm_02,False,27.86982536315918
clipping,loud,4,29,rsna_04,False,22.0417423248291
clipping,loud,4,29,rsna_10,False,26.750030517578125
clipping,loud,4,30,rsna_12,True,42.49171829223633
clipping,loud,4,30,rsna_11,False,27.276731491088867
clipping,loud,4,30,rsna_03,False,29.303485870361328
clipping,loud,4,30,rsna_01,False,45.893394470214844
clipping,loud,4,30,rsna_08,False,48.952842712402344
clipping,loud,4,30,kerm_07,False,30.703857421875
clipping,loud,4,30,kerm_01,False,26.2148380279541
clipping,loud,4,30,rsna_07,False,26.580181121826172
clipping,loud,4,30,rsna_05,False,25.33945655822754
clipping,loud,4,30,rsna_09,False,29.952255249023438
clipping,loud,4,30,kerm_05,False,28.99972152709961
clipping,loud,4,30,rsna_02,False,30.842348098754883
clipping,loud,4,30,kerm_04,False,28.019550323486328
clipping,loud,4,30,kerm_02,False,26.34632110595703
clipping,loud,4,30,rsna_06,False,22.503137588500977
trimmed,none,0,1,kerm_03,False,22.675161361694336
trimmed,none,0,1,kerm_05,False,22.583099365234375
trimmed,none,0,1,rsna_08,False,22.60468101501465
trimmed,none,0,1,rsna_11,False,22.102550506591797
trimmed,none,0,1,kerm_04,False,22.470598220825195
trimmed,none,0,1,rsna_07,False,23.213472366333008
trimmed,none,0,1,kerm_06,False,22.593978881835938
trimmed,none,0,1,kerm_01,False,23.626388549804688
trimmed,none,0,1,rsna_02,False,22.829177856445312
trimmed,none,0,1,kerm_08,False,22.98975372314453
trimmed,none,0,1,rsna_12,False,22.653404235839844
trimmed,none,0,1,rsna_04,False,22.914592742919922
trimmed,none,0,1,rsna_05,False,22.801219940185547
trimmed,none,0,1,rsna_06,False,23.003559112548828
trimmed,none,0,1,rsna_03,False,23.262332916259766
trimmed,none,0,2,kerm_03,False,16.785436630249023
trimmed,none,0,2,rsna_08,False,18.33889389038086
trimmed,none,0,2,kerm_06,False,16.722116470336914
trimmed,none,0,2,rsna_06,False,18.195415496826172
trimmed,none,0,2,rsna_01,False,20.308834075927734
trimmed,none,0,2,rsna_03,False,18.941869735717773
trimmed,none,0,2,rsna_09,False,18.666793823242188
trimmed,none,0,2,kerm_01,False,18.085710525512695
trimmed,none,0,2,rsna_11,False,18.354351043701172
trimmed,none,0,2,rsna_10,False,17.93338394165039
trimmed,none,0,2,kerm_02,False,17.08478546142578
trimmed,none,0,2,rsna_05,False,18.516067504882812
trimmed,none,0,2,kerm_07,False,17.914493560791016
trimmed,none,0,2,kerm_08,False,17.45079231262207
trimmed,none,0,2,kerm_05,False,17.50473976135254
trimmed,none,0,3,rsna_10,False,18.350296020507812
trimmed,none,0,3,rsna_06,False,18.686946868896484
trimmed,none,0,3,rsna_04,False,19.618576049804688
trimmed,none,0,3,kerm_07,False,18.525436401367188
trimmed,none,0,3,rsna_12,False,19.133148193359375
trimmed,none,0,3,kerm_05,False,17.965436935424805
trimmed,none,0,3,kerm_08,False,18.528400421142578
trimmed,none,0,3,rsna_07,False,17.799436569213867
trimmed,none,0,3,rsna_01,False,24.993328094482422
trimmed,none,0,3,rsna_03,False,19.594322204589844
trimmed,none,0,3,rsna_11,False,18.96548843383789
trimmed,none,0,3,kerm_06,False,18.374019622802734
trimmed,none,0,3,rsna_09,False,17.627307891845703
trimmed,none,0,3,rsna_08,False,17.756237030029297
trimmed,none,0,3,kerm_02,False,16.698774337768555
trimmed,none,0,4,rsna_03,False,20.860546112060547
trimmed,none,0,4,kerm_08,False,19.50809669494629
trimmed,none,0,4,rsna_05,False,20.532493591308594
trimmed,none,0,4,kerm_06,False,18.349166870117188
trimmed,none,0,4,rsna_06,False,19.68834686279297
trimmed,none,0,4,kerm_01,False,19.1087646484375
trimmed,none,0,4,rsna_08,False,18.972902297973633
trimmed,none,0,4,kerm_04,False,18.847694396972656
trimmed,none,0,4,rsna_04,False,20.05132484436035
trimmed,none,0,4,kerm_07,False,20.331064224243164
trimmed,none,0,4,kerm_03,False,17.143484115600586
trimmed,none,0,4,rsna_07,False,19.10316276550293
trimmed,none,0,4,kerm_02,False,17.579158782958984
trimmed,none,0,4,rsna_01,False,23.034740447998047
trimmed,none,0,4,rsna_02,False,24.50474739074707
trimmed,none,0,5,kerm_02,False,16.975021362304688
trimmed,none,0,5,rsna_04,False,20.366701126098633
trimmed,none,0,5,rsna_11,False,20.08319664001465
trimmed,none,0,5,kerm_06,False,23.488616943359375
trimmed,none,0,5,kerm_03,False,18.923429489135742
trimmed,none,0,5,rsna_06,False,19.767301559448242
trimmed,none,0,5,rsna_09,False,18.61699104309082
trimmed,none,0,5,rsna_03,False,20.959735870361328
trimmed,none,0,5,kerm_01,False,17.273117065429688
trimmed,none,0,5,kerm_05,False,18.94356346130371
trimmed,none,0,5,rsna_12,False,20.00017547607422
trimmed,none,0,5,rsna_07,False,19.7950439453125
trimmed,none,0,5,kerm_07,False,21.42620849609375
trimmed,none,0,5,rsna_10,False,18.711915969848633
trimmed,none,0,5,rsna_02,False,19.57902717590332
trimmed,none,0,6,rsna_05,False,20.67083740234375
trimmed,none,0,6,rsna_11,False,19.101337432861328
trimmed,none,0,6,kerm_02,False,16.905771255493164
trimmed,none,0,6,rsna_07,False,18.826135635375977
trimmed,none,0,6,kerm_04,False,18.76957130432129
trimmed,none,0,6,rsna_01,False,22.86900520324707
trimmed,none,0,6,kerm_03,False,18.896015167236328
trimmed,none,0,6,kerm_06,False,21.399030685424805
trimmed,none,0,6,kerm_08,False,20.485170364379883
trimmed,none,0,6,rsna_03,False,21.446731567382812
trimmed,none,0,6,kerm_05,False,22.686044692993164
trimmed,none,0,6,rsna_02,False,24.703693389892578
trimmed,none,0,6,kerm_01,False,18.2072811126709
trimmed,none,0,6,rsna_08,False,19.572195053100586
trimmed,none,0,6,rsna_10,False,18.860794067382812
trimmed,none,0,7,rsna_07,False,18.968002319335938
trimmed,none,0,7,rsna_01,False,27.027090072631836
trimmed,none,0,7,rsna_08,False,18.231504440307617
trimmed,none,0,7,kerm_06,False,19.555522918701172
trimmed,none,0,7,rsna_09,False,18.35814666748047
trimmed,none,0,7,rsna_05,False,20.82801055908203
trimmed,none,0,7,rsna_04,False,19.564414978027344
trimmed,none,0,7,kerm_02,False,17.054519653320312
trimmed,none,0,7,rsna_06,False,19.50740623474121
trimmed,none,0,7,rsna_03,False,20.49419593811035
trimmed,none,0,7,kerm_07,False,20.857410430908203
trimmed,none,0,7,rsna_02,False,22.70567512512207
trimmed,none,0,7,kerm_03,False,18.258705139160156
trimmed,none,0,7,kerm_01,False,17.522184371948242
trimmed,none,0,7,rsna_12,False,20.006427764892578
trimmed,none,0,8,kerm_04,False,23.023412704467773
trimmed,none,0,8,kerm_07,False,25.224950790405273
trimmed,none,0,8,rsna_02,False,20.440427780151367
trimmed,none,0,8,rsna_01,False,24.81997299194336
trimmed,none,0,8,kerm_03,False,19.366069793701172
trimmed,none,0,8,rsna_07,False,18.727279663085938
trimmed,none,0,8,kerm_01,False,17.419780731201172
trimmed,none,0,8,rsna_11,False,19.243478775024414
trimmed,none,0,8,rsna_06,False,20.217103958129883
trimmed,none,0,8,kerm_02,False,18.79779624938965
trimmed,none,0,8,rsna_03,False,19.44523811340332
trimmed,none,0,8,kerm_06,False,22.09634017944336
trimmed,none,0,8,kerm_08,False,26.837976455688477
trimmed,none,0,8,rsna_08,False,19.025012969970703
trimmed,none,0,8,rsna_09,False,19.168447494506836
trimmed,none,0,9,rsna_07,False,20.224916458129883
trimmed,none,0,9,kerm_08,False,21.323448181152344
trimmed,none,0,9,kerm_05,False,18.382339477539062
trimmed,none,0,9,rsna_09,False,18.51539421081543
trimmed,none,0,9,rsna_02,False,23.855348587036133
trimmed,none,0,9,kerm_06,False,23.362586975097656
trimmed,none,0,9,rsna_12,False,19.677461624145508
trimmed,none,0,9,kerm_07,False,22.98358154296875
trimmed,none,0,9,rsna_05,False,23.873323440551758
trimmed,none,0,9,rsna_11,False,20.166152954101562
trimmed,none,0,9,kerm_03,False,18.545272827148438
trimmed,none,0,9,rsna_08,False,19.12740707397461
trimmed,none,0,9,kerm_01,False,18.904552459716797
trimmed,none,0,9,kerm_04,False,18.569862365722656
trimmed,none,0,9,rsna_06,False,21.7229061126709
trimmed,none,0,10,kerm_07,False,20.73049545288086
trimmed,none,0,10,rsna_01,False,26.485017776489258
trimmed,none,0,10,rsna_10,False,18.495262145996094
trimmed,none,0,10,rsna_04,False,20.925804138183594
trimmed,none,0,10,kerm_06,False,19.204856872558594
trimmed,none,0,10,rsna_07,False,20.258155822753906
trimmed,none,0,10,rsna_05,False,25.288227081298828
trimmed,none,0,10,rsna_09,False,18.74561882019043
trimmed,none,0,10,kerm_05,False,18.502328872680664
trimmed,none,0,10,kerm_01,False,20.14756202697754
trimmed,none,0,10,kerm_04,False,19.200870513916016
trimmed,none,0,10,rsna_02,False,27.563777923583984
trimmed,none,0,10,rsna_06,False,20.747154235839844
trimmed,none,0,10,rsna_11,False,18.225412368774414
trimmed,none,0,10,rsna_08,False,18.91827392578125
trimmed,none,0,11,kerm_03,False,18.317514419555664
trimmed,none,0,11,kerm_02,False,18.859066009521484
trimmed,none,0,11,kerm_08,False,22.380491256713867
trimmed,none,0,11,rsna_05,False,18.672916412353516
trimmed,none,0,11,kerm_01,False,19.42966079711914
trimmed,none,0,11,kerm_06,False,20.224092483520508
trimmed,none,0,11,rsna_10,False,18.950225830078125
trimmed,none,0,11,rsna_02,False,26.015222549438477
trimmed,none,0,11,rsna_09,False,18.78260612487793
trimmed,none,0,11,rsna_07,False,18.51235580444336
trimmed,none,0,11,rsna_11,False,18.85446548461914
trimmed,none,0,11,rsna_04,False,19.85479164123535
trimmed,none,0,11,rsna_06,False,18.048566818237305
trimmed,none,0,11,rsna_01,False,24.742244720458984
trimmed,none,0,11,kerm_07,False,22.222564697265625
trimmed,none,0,12,kerm_06,False,19.581775665283203
trimmed,none,0,12,rsna_12,False,18.57512664794922
trimmed,none,0,12,kerm_01,False,22.864534378051758
trimmed,none,0,12,rsna_09,False,18.872133255004883
trimmed,none,0,12,rsna_01,False,28.395889282226562
trimmed,none,0,12,rsna_11,False,20.626420974731445
trimmed,none,0,12,kerm_05,False,21.75063705444336
trimmed,none,0,12,kerm_08,False,21.261751174926758
trimmed,none,0,12,rsna_07,False,17.969749450683594
trimmed,none,0,12,rsna_03,False,20.035789489746094
trimmed,none,0,12,kerm_04,False,20.202383041381836
trimmed,none,0,12,rsna_05,False,19.541963577270508
trimmed,none,0,12,rsna_06,False,19.087459564208984
trimmed,none,0,12,rsna_10,False,18.527414321899414
trimmed,none,0,12,kerm_07,False,21.276369094848633
trimmed,none,0,13,rsna_07,False,20.994998931884766
trimmed,none,0,13,rsna_03,False,22.946922302246094
trimmed,none,0,13,kerm_03,False,19.813011169433594
trimmed,none,0,13,rsna_12,False,21.977031707763672
trimmed,none,0,13,rsna_08,False,20.669435501098633
trimmed,none,0,13,rsna_02,False,22.79094696044922
trimmed,none,0,13,rsna_09,False,17.859169006347656
trimmed,none,0,13,rsna_06,False,18.487478256225586
trimmed,none,0,13,rsna_04,False,20.360565185546875
trimmed,none,0,13,kerm_02,False,20.865304946899414
trimmed,none,0,13,rsna_11,False,21.019329071044922
trimmed,none,0,13,rsna_10,False,18.917219161987305
trimmed,none,0,13,kerm_07,False,22.161279678344727
trimmed,none,0,13,rsna_05,False,19.673316955566406
trimmed,none,0,13,kerm_08,False,21.822782516479492
trimmed,none,0,14,rsna_10,False,19.35369873046875
trimmed,none,0,14,kerm_08,False,27.216291427612305
trimmed,none,0,14,rsna_01,False,23.724735260009766
trimmed,none,0,14,kerm_01,False,19.044700622558594
trimmed,none,0,14,kerm_07,False,30.10465431213379
trimmed,none,0,14,kerm_05,False,21.30136489868164
trimmed,none,0,14,rsna_12,False,19.875940322875977
trimmed,none,0,14,rsna_08,False,17.80429458618164
trimmed,none,0,14,kerm_02,False,21.460418701171875
trimmed,none,0,14,rsna_09,False,21.23769187927246
trimmed,none,0,14,rsna_06,False,19.101377487182617
trimmed,none,0,14,rsna_07,False,17.02546501159668
trimmed,none,0,14,rsna_02,False,25.16127586364746
trimmed,none,0,14,kerm_04,False,21.97968292236328
trimmed,none,0,14,rsna_04,False,21.21272850036621
trimmed,none,0,15,rsna_02,False,23.884675979614258
trimmed,none,0,15,rsna_06,False,20.97792625427246
trimmed,none,0,15,rsna_11,False,22.498186111450195
trimmed,none,0,15,rsna_01,False,25.122220993041992
trimmed,none,0,15,rsna_10,False,22.431310653686523
trimmed,none,0,15,kerm_02,False,23.31830406188965
trimmed,none,0,15,rsna_08,False,19.16655731201172
trimmed,none,0,15,rsna_12,False,21.685304641723633
trimmed,none,0,15,rsna_03,False,24.056509017944336
trimmed,none,0,15,rsna_05,False,21.409317016601562
trimmed,none,0,15,kerm_04,False,20.6656494140625
trimmed,none,0,15,rsna_09,False,20.563098907470703
trimmed,none,0,15,kerm_07,False,24.892812728881836
trimmed,none,0,15,rsna_07,False,18.32992172241211
trimmed,none,0,15,kerm_06,False,21.67570686340332
trimmed,none,0,16,kerm_04,False,21.05907440185547
trimmed,none,0,16,kerm_02,False,23.514888763427734
trimmed,none,0,16,rsna_02,False,24.409055709838867
trimmed,none,0,16,rsna_04,False,23.912256240844727
trimmed,none,0,16,rsna_12,False,21.726810455322266
trimmed,none,0,16,rsna_01,False,24.851726531982422
trimmed,none,0,16,rsna_11,False,26.366912841796875
trimmed,none,0,16,rsna_09,False,23.908945083618164
trimmed,none,0,16,kerm_08,False,25.94832992553711
trimmed,none,0,16,kerm_05,False,20.793704986572266
trimmed,none,0,16,kerm_03,False,25.528261184692383
trimmed,none,0,16,rsna_03,False,21.78879737854004
trimmed,none,0,16,rsna_10,False,17.738323211669922
trimmed,none,0,16,rsna_06,False,18.291053771972656
trimmed,none,0,16,rsna_08,False,18.2318058013916
trimmed,none,0,17,rsna_07,False,17.650163650512695
trimmed,none,0,17,rsna_10,False,17.341238021850586
trimmed,none,0,17,kerm_01,False,20.78169059753418
trimmed,none,0,17,kerm_04,False,17.915653228759766
trimmed,none,0,17,kerm_03,False,21.66132926940918
trimmed,none,0,17,rsna_06,False,17.909915924072266
trimmed,none,0,17,rsna_09,False,18.432071685791016
trimmed,none,0,17,kerm_02,False,22.02977180480957
trimmed,none,0,17,rsna_02,False,24.359289169311523
trimmed,none,0,17,kerm_05,False,20.08542251586914
trimmed,none,0,17,rsna_04,False,21.12646484375
trimmed,none,0,17,kerm_08,False,26.658777236938477
trimmed,none,0,17,kerm_06,False,23.361318588256836
trimmed,none,0,17,rsna_05,False,20.965707778930664
trimmed,none,0,17,rsna_03,False,20.816423416137695
trimmed,none,0,18,kerm_02,False,19.484506607055664
trimmed,none,0,18,rsna_11,False,22.052827835083008
trimmed,none,0,18,kerm_08,False,23.754528045654297
trimmed,none,0,18,rsna_01,False,29.376262664794922
trimmed,none,0,18,rsna_12,False,28.45269775390625
trimmed,none,0,18,kerm_01,False,25.556730270385742
trimmed,none,0,18,rsna_09,False,22.534191131591797
trimmed,none,0,18,rsna_08,False,19.124540328979492
trimmed,none,0,18,rsna_07,False,17.795761108398438
trimmed,none,0,18,kerm_06,False,19.505701065063477
trimmed,none,0,18,rsna_10,False,20.557437896728516
trimmed,none,0,18,rsna_03,False,23.832843780517578
trimmed,none,0,18,kerm_04,False,20.7011775970459
trimmed,none,0,18,rsna_04,False,23.522602081298828
trimmed,none,0,18,kerm_07,False,30.355533599853516
trimmed,none,0,19,rsna_02,False,28.324953079223633
trimmed,none,0,19,rsna_12,False,23.152812957763672
trimmed,none,0,19,rsna_09,False,19.810653686523438
trimmed,none,0,19,rsna_08,False,21.34430694580078
trimmed,none,0,19,rsna_01,False,30.148054122924805
trimmed,none,0,19,kerm_07,False,22.151060104370117
trimmed,none,0,19,rsna_10,False,17.454851150512695
trimmed,none,0,19,kerm_03,False,20.25088119506836
trimmed,none,0,19,rsna_05,False,26.74667739868164
trimmed,none,0,19,rsna_11,False,20.22137451171875
trimmed,none,0,19,rsna_06,False,19.04674530029297
trimmed,none,0,19,rsna_03,False,23.193622589111328
trimmed,none,0,19,kerm_05,False,18.414764404296875
trimmed,none,0,19,kerm_08,False,24.793794631958008
trimmed,none,0,19,rsna_04,False,23.448043823242188
trimmed,none,0,20,rsna_02,False,25.9445858001709
trimmed,none,0,20,kerm_06,False,24.272703170776367
trimmed,none,0,20,rsna_10,False,20.832317352294922
trimmed,none,0,20,kerm_04,False,20.443693161010742
trimmed,none,0,20,rsna_07,False,22.94379425048828
trimmed,none,0,20,kerm_05,False,23.117019653320312
trimmed,none,0,20,rsna_09,False,18.632110595703125
trimmed,none,0,20,rsna_11,False,20.388639450073242
trimmed,none,0,20,rsna_06,False,19.10722541809082
trimmed,none,0,20,rsna_05,False,25.76152992248535
trimmed,none,0,20,kerm_01,False,20.955835342407227
trimmed,none,0,20,rsna_08,False,18.66585922241211
trimmed,none,0,20,rsna_01,False,29.408748626708984
trimmed,none,0,20,rsna_04,False,21.488805770874023
trimmed,none,0,20,kerm_07,False,23.898448944091797
trimmed,none,0,21,kerm_01,False,21.08722496032715
trimmed,none,0,21,kerm_03,False,26.618816375732422
trimmed,none,0,21,rsna_05,False,20.18838882446289
trimmed,none,0,21,rsna_04,False,26.17429542541504
trimmed,none,0,21,kerm_02,False,21.240612030029297
trimmed,none,0,21,kerm_08,False,27.860795974731445
trimmed,none,0,21,rsna_09,False,18.982755661010742
trimmed,none,0,21,rsna_08,False,18.137853622436523
trimmed,none,0,21,rsna_10,False,18.610525131225586
trimmed,none,0,21,kerm_06,False,24.824867248535156
trimmed,none,0,21,kerm_07,False,22.564130783081055
trimmed,none,0,21,rsna_11,False,21.739845275878906
trimmed,none,0,21,rsna_02,False,26.308860778808594
trimmed,none,0,21,kerm_05,False,25.67919921875
trimmed,none,0,21,rsna_12,False,23.447866439819336
trimmed,none,0,22,kerm_08,False,25.28520965576172
trimmed,none,0,22,kerm_04,False,19.46310043334961
trimmed,none,0,22,rsna_06,False,20.17119026184082
trimmed,none,0,22,kerm_05,False,19.801517486572266
trimmed,none,0,22,rsna_05,False,22.727493286132812
trimmed,none,0,22,kerm_06,False,28.834197998046875
trimmed,none,0,22,kerm_07,False,21.961511611938477
trimmed,none,0,22,kerm_01,False,21.225440979003906
trimmed,none,0,22,rsna_10,False,25.95068359375
trimmed,none,0,22,rsna_09,False,17.274372100830078
trimmed,none,0,22,rsna_02,False,25.79042625427246
trimmed,none,0,22,kerm_03,False,26.65570640563965
trimmed,none,0,22,rsna_11,False,19.748245239257812
trimmed,none,0,22,rsna_12,False,22.27060317993164
trimmed,none,0,22,rsna_08,False,18.873815536499023
trimmed,none,0,23,rsna_04,False,29.215837478637695
trimmed,none,0,23,rsna_03,False,27.04828453063965
trimmed,none,0,23,kerm_03,False,27.61981773376465
trimmed,none,0,23,kerm_07,False,21.182369232177734
trimmed,none,0,23,kerm_06,False,22.019689559936523
trimmed,none,0,23,rsna_10,False,23.47652244567871
trimmed,none,0,23,rsna_07,False,20.544078826904297
trimmed,none,0,23,kerm_04,False,20.626115798950195
trimmed,none,0,23,rsna_09,False,19.608293533325195
trimmed,none,0,23,kerm_08,False,31.135059356689453
trimmed,none,0,23,rsna_01,False,28.82402229309082
trimmed,none,0,23,rsna_12,False,21.63320541381836
trimmed,none,0,23,rsna_06,False,23.095361709594727
trimmed,none,0,23,rsna_11,False,19.15506935119629
trimmed,none,0,23,kerm_02,False,31.41254997253418
trimmed,none,0,24,rsna_06,False,25.692474365234375
trimmed,none,0,24,kerm_05,False,19.390512466430664
trimmed,none,0,24,rsna_05,False,21.760473251342773
trimmed,none,0,24,rsna_10,False,18.581159591674805
trimmed,none,0,24,kerm_06,False,22.04810905456543
trimmed,none,0,24,kerm_01,False,26.093326568603516
trimmed,none,0,24,rsna_12,False,20.33035659790039
trimmed,none,0,24,rsna_01,False,30.20112419128418
trimmed,none,0,24,rsna_11,False,18.9997615814209
trimmed,none,0,24,rsna_02,False,28.413808822631836
trimmed,none,0,24,kerm_04,False,20.972150802612305
trimmed,none,0,24,kerm_08,False,27.27766990661621
trimmed,none,0,24,kerm_03,False,22.873741149902344
trimmed,none,0,24,rsna_03,False,31.306739807128906
trimmed,none,0,24,kerm_02,False,24.958391189575195
trimmed,none,0,25,kerm_04,False,21.31341552734375
trimmed,none,0,25,kerm_02,False,24.34441375732422
trimmed,none,0,25,rsna_06,False,21.513023376464844
trimmed,none,0,25,kerm_01,False,30.844768524169922
trimmed,none,0,25,rsna_09,False,22.495763778686523
trimmed,none,0,25,rsna_03,False,29.357091903686523
trimmed,none,0,25,kerm_03,False,24.98346710205078
trimmed,none,0,25,rsna_04,False,25.637216567993164
trimmed,none,0,25,rsna_01,False,28.97467613220215
trimmed,none,0,25,rsna_11,False,23.59705924987793
trimmed,none,0,25,rsna_10,False,22.18571662902832
trimmed,none,0,25,rsna_12,False,20.10090446472168
trimmed,none,0,25,rsna_07,False,19.97382164001465
trimmed,none,0,25,kerm_06,False,23.390079498291016
trimmed,none,0,25,kerm_08,False,31.905078887939453
trimmed,none,0,26,kerm_07,False,27.446929931640625
trimmed,none,0,26,rsna_05,False,21.596574783325195
trimmed,none,0,26,rsna_12,False,22.585412979125977
trimmed,none,0,26,rsna_10,False,22.97426986694336
trimmed,none,0,26,kerm_03,False,24.268407821655273
trimmed,none,0,26,rsna_01,False,27.737140655517578
trimmed,none,0,26,kerm_04,False,18.63838768005371
trimmed,none,0,26,rsna_06,False,19.538122177124023
trimmed,none,0,26,rsna_03,False,24.292682647705078
trimmed,none,0,26,kerm_08,False,26.27981185913086
trimmed,none,0,26,rsna_07,False,17.97279930114746
trimmed,none,0,26,kerm_01,False,22.124977111816406
trimmed,none,0,26,rsna_11,False,18.96228790283203
trimmed,none,0,26,rsna_04,False,23.731082916259766
trimmed,none,0,26,rsna_09,False,18.758520126342773
trimmed,none,0,27,rsna_04,False,21.390756607055664
trimmed,none,0,27,kerm_03,False,29.798513412475586
trimmed,none,0,27,rsna_06,False,19.477615356445312
trimmed,none,0,27,kerm_06,False,25.310937881469727
trimmed,none,0,27,kerm_05,False,24.532697677612305
trimmed,none,0,27,rsna_09,False,16.791189193725586
trimmed,none,0,27,kerm_01,False,20.94397735595703
trimmed,none,0,27,rsna_03,False,27.848581314086914
trimmed,none,0,27,rsna_12,False,22.70669937133789
trimmed,none,0,27,kerm_04,False,24.114526748657227
trimmed,none,0,27,rsna_01,False,25.707874298095703
trimmed,none,0,27,rsna_07,False,22.858318328857422
trimmed,none,0,27,kerm_07,False,26.5365047454834
trimmed,none,0,27,kerm_02,False,31.546283721923828
trimmed,none,0,27,rsna_10,False,21.210084915161133
trimmed,none,0,28,rsna_11,False,25.075824737548828
trimmed,none,0,28,rsna_10,False,21.1829776763916
trimmed,none,0,28,rsna_08,False,20.388641357421875
trimmed,none,0,28,rsna_04,False,26.72613525390625
trimmed,none,0,28,rsna_02,False,25.85468101501465
trimmed,none,0,28,kerm_02,False,24.43876838684082
trimmed,none,0,28,kerm_06,False,23.873018264770508
trimmed,none,0,28,kerm_05,False,22.39276695251465
trimmed,none,0,28,kerm_03,False,20.269371032714844
trimmed,none,0,28,rsna_01,False,38.44542694091797
trimmed,none,0,28,kerm_04,False,23.403907775878906
trimmed,none,0,28,kerm_08,False,31.8079776763916
trimmed,none,0,28,rsna_09,False,18.300905227661133
trimmed,none,0,28,kerm_07,False,29.26482391357422
trimmed,none,0,28,rsna_12,False,23.13640594482422
trimmed,none,0,29,rsna_09,False,17.073230743408203
trimmed,none,0,29,kerm_05,False,21.308073043823242
trimmed,none,0,29,kerm_02,False,24.364646911621094
trimmed,none,0,29,rsna_12,False,22.91717529296875
trimmed,none,0,29,kerm_08,False,27.390893936157227
trimmed,none,0,29,rsna_02,False,29.282649993896484
trimmed,none,0,29,rsna_04,False,25.10479736328125
trimmed,none,0,29,kerm_06,False,21.523561477661133
trimmed,none,0,29,rsna_05,False,35.47392654418945
trimmed,none,0,29,kerm_03,False,26.308319091796875
trimmed,none,0,29,rsna_11,False,23.26203155517578
trimmed,none,0,29,rsna_03,False,29.48087501525879
trimmed,none,0,29,rsna_08,False,21.16273307800293
trimmed,none,0,29,rsna_07,False,24.053438186645508
trimmed,none,0,29,rsna_06,False,18.442045211791992
trimmed,none,0,30,kerm_04,False,22.53822898864746
trimmed,none,0,30,rsna_04,False,22.71324348449707
trimmed,none,0,30,rsna_01,False,29.995922088623047
trimmed,none,0,30,kerm_02,False,26.059072494506836
trimmed,none,0,30,rsna_08,False,18.570255279541016
trimmed,none,0,30,kerm_01,False,50.4635124206543
trimmed,none,0,30,rsna_03,False,30.902873992919922
trimmed,none,0,30,rsna_07,False,17.59084701538086
trimmed,none,0,30,rsna_12,False,21.110252380371094
trimmed,none,0,30,kerm_08,False,31.07088851928711
trimmed,none,0,30,kerm_06,False,26.1937313079834
trimmed,none,0,30,rsna_05,False,24.332569122314453
trimmed,none,0,30,kerm_03,False,26.228992462158203
trimmed,none,0,30,kerm_07,False,30.19535255432129
trimmed,none,0,30,rsna_10,False,20.922780990600586
trimmed,none,1,1,rsna_10,False,22.286373138427734
trimmed,none,1,1,rsna_08,False,22.417808532714844
trimmed,none,1,1,kerm_07,False,22.129972457885742
trimmed,none,1,1,kerm_02,False,22.782339096069336
trimmed,none,1,1,kerm_08,False,22.259235382080078
trimmed,none,1,1,kerm_01,False,22.904762268066406
trimmed,none,1,1,rsna_01,False,23.948637008666992
trimmed,none,1,1,rsna_11,False,22.641210556030273
trimmed,none,1,1,kerm_06,False,22.065250396728516
trimmed,none,1,1,rsna_06,False,22.7900447845459
trimmed,none,1,1,kerm_03,False,22.4008731842041
trimmed,none,1,1,kerm_04,False,22.683717727661133
trimmed,none,1,1,rsna_05,False,22.88883399963379
trimmed,none,1,1,kerm_05,False,22.472726821899414
trimmed,none,1,1,rsna_02,False,22.948196411132812
trimmed,none,1,2,kerm_06,False,17.069040298461914
trimmed,none,1,2,rsna_08,False,18.599443435668945
trimmed,none,1,2,rsna_11,False,17.913986206054688
trimmed,none,1,2,rsna_06,False,19.141782760620117
trimmed,none,1,2,rsna_02,False,20.96289825439453
trimmed,none,1,2,rsna_01,False,21.160425186157227
trimmed,none,1,2,kerm_04,False,16.016279220581055
trimmed,none,1,2,kerm_05,False,16.629901885986328
trimmed,none,1,2,kerm_02,False,16.838672637939453
trimmed,none,1,2,kerm_08,False,16.74226188659668
trimmed,none,1,2,kerm_03,False,16.848400115966797
trimmed,none,1,2,rsna_09,False,18.748777389526367
trimmed,none,1,2,kerm_01,False,17.014366149902344
trimmed,none,1,2,rsna_04,False,19.468008041381836
trimmed,none,1,2,rsna_05,False,18.9619140625
trimmed,none,1,3,rsna_01,False,20.85323143005371
trimmed,none,1,3,kerm_04,False,21.0679988861084
trimmed,none,1,3,kerm_07,False,19.350902557373047
trimmed,none,1,3,rsna_06,False,18.764190673828125
trimmed,none,1,3,rsna_09,False,18.81439971923828
trimmed,none,1,3,rsna_10,False,18.4221134185791
trimmed,none,1,3,kerm_03,False,17.91115379333496
trimmed,none,1,3,rsna_04,False,19.584400177001953
trimmed,none,1,3,rsna_12,False,18.415021896362305
trimmed,none,1,3,kerm_05,False,19.418371200561523
trimmed,none,1,3,rsna_03,False,21.73201560974121
trimmed,none,1,3,rsna_11,False,19.124542236328125
trimmed,none,1,3,kerm_06,False,18.123382568359375
trimmed,none,1,3,rsna_08,False,18.701208114624023
trimmed,none,1,3,kerm_02,False,16.929094314575195
trimmed,none,1,4,kerm_08,False,20.047607421875
trimmed,none,1,4,rsna_02,False,23.40877914428711
trimmed,none,1,4,rsna_07,False,20.345788955688477
trimmed,none,1,4,rsna_08,False,19.248435974121094
trimmed,none,1,4,rsna_05,False,21.15256690979004
trimmed,none,1,4,kerm_02,False,18.092483520507812
trimmed,none,1,4,kerm_01,False,18.906753540039062
trimmed,none,1,4,kerm_03,False,17.710847854614258
trimmed,none,1,4,kerm_06,False,19.090620040893555
trimmed,none,1,4,rsna_03,False,22.509395599365234
trimmed,none,1,4,rsna_04,False,20.127182006835938
trimmed,none,1,4,kerm_07,False,19.317947387695312
trimmed,none,1,4,rsna_11,False,18.045394897460938
trimmed,none,1,4,rsna_06,False,19.81245231628418
trimmed,none,1,4,rsna_09,False,18.501951217651367
trimmed,none,1,5,kerm_08,False,19.978126525878906
trimmed,none,1,5,kerm_05,False,19.759506225585938
trimmed,none,1,5,kerm_07,False,23.077600479125977
trimmed,none,1,5,rsna_12,False,19.534921646118164
trimmed,none,1,5,kerm_06,False,19.975692749023438
trimmed,none,1,5,kerm_04,False,21.247892379760742
trimmed,none,1,5,rsna_11,False,18.88155746459961
trimmed,none,1,5,rsna_07,False,18.84281349182129
trimmed,none,1,5,rsna_08,False,19.16004753112793
trimmed,none,1,5,rsna_05,False,18.23337745666504
trimmed,none,1,5,kerm_01,False,17.310991287231445
trimmed,none,1,5,rsna_06,False,18.756601333618164
trimmed,none,1,5,kerm_03,False,17.679813385009766
trimmed,none,1,5,rsna_04,False,20.915672302246094
trimmed,none,1,5,rsna_02,False,21.4467830657959
trimmed,none,1,6,rsna_10,False,18.50284767150879
trimmed,none,1,6,rsna_03,False,26.67589569091797
trimmed,none,1,6,rsna_09,False,20.58006477355957
trimmed,none,1,6,kerm_06,False,19.043336868286133
trimmed,none,1,6,rsna_06,False,21.0042667388916
trimmed,none,1,6,rsna_02,False,25.82000160217285
trimmed,none,1,6,kerm_01,False,20.696346282958984
trimmed,none,1,6,rsna_12,False,20.175260543823242
trimmed,none,1,6,rsna_11,False,18.90378761291504
trimmed,none,1,6,rsna_08,False,19.643707275390625
trimmed,none,1,6,rsna_05,False,20.97484588623047
trimmed,none,1,6,kerm_04,False,16.438488006591797
trimmed,none,1,6,rsna_01,False,22.673002243041992
trimmed,none,1,6,rsna_07,False,20.93309783935547
trimmed,none,1,6,kerm_07,False,18.01442527770996
trimmed,none,1,7,rsna_02,False,20.145565032958984
trimmed,none,1,7,rsna_06,False,18.08704948425293
trimmed,none,1,7,rsna_08,False,18.6961727142334
trimmed,none,1,7,kerm_07,False,22.187435150146484
trimmed,none,1,7,rsna_07,False,19.325578689575195
trimmed,none,1,7,kerm_03,False,19.814533233642578
trimmed,none,1,7,kerm_08,False,23.603965759277344
trimmed,none,1,7,kerm_01,False,19.5521240234375
trimmed,none,1,7,rsna_10,False,18.937341690063477
trimmed,none,1,7,rsna_05,False,18.75928497314453
trimmed,none,1,7,kerm_02,False,19.447834014892578
trimmed,none,1,7,rsna_11,False,20.015111923217773
trimmed,none,1,7,rsna_03,False,21.34348487854004
trimmed,none,1,7,rsna_01,False,20.391603469848633
trimmed,none,1,7,kerm_04,False,20.95867919921875
trimmed,none,1,8,rsna_10,False,19.36676025390625
trimmed,none,1,8,kerm_01,False,20.657499313354492
trimmed,none,1,8,rsna_08,False,19.62873649597168
trimmed,none,1,8,kerm_04,False,18.914989471435547
trimmed,none,1,8,rsna_07,False,19.54178810119629
trimmed,none,1,8,rsna_02,False,26.33698844909668
trimmed,none,1,8,rsna_04,False,23.479827880859375
trimmed,none,1,8,kerm_08,False,21.37516975402832
trimmed,none,1,8,kerm_05,False,21.304643630981445
trimmed,none,1,8,kerm_03,False,16.745203018188477
trimmed,none,1,8,rsna_09,False,21.741092681884766
trimmed,none,1,8,rsna_11,False,19.049423217773438
trimmed,none,1,8,rsna_12,False,22.437185287475586
trimmed,none,1,8,rsna_01,False,23.205974578857422
trimmed,none,1,8,kerm_07,False,20.381357192993164
trimmed,none,1,9,rsna_05,False,21.836410522460938
trimmed,none,1,9,rsna_08,False,22.259016036987305
trimmed,none,1,9,rsna_11,False,18.82666015625
trimmed,none,1,9,kerm_06,False,19.153892517089844
trimmed,none,1,9,rsna_07,False,20.479381561279297
trimmed,none,1,9,kerm_08,False,20.60494613647461
trimmed,none,1,9,rsna_01,False,24.23035430908203
trimmed,none,1,9,rsna_06,False,21.306636810302734
trimmed,none,1,9,kerm_01,False,24.19185447692871
trimmed,none,1,9,kerm_03,False,17.18597984313965
trimmed,none,1,9,kerm_05,False,17.94668960571289
trimmed,none,1,9,kerm_07,False,22.73345184326172
trimmed,none,1,9,rsna_04,False,24.82663345336914
trimmed,none,1,9,kerm_04,False,17.377534866333008
trimmed,none,1,9,rsna_03,False,28.76100730895996
trimmed,none,1,10,rsna_05,False,22.089693069458008
trimmed,none,1,10,rsna_10,False,23.88739585876465
trimmed,none,1,10,kerm_05,False,19.237703323364258
trimmed,none,1,10,rsna_06,False,20.024309158325195
trimmed,none,1,10,rsna_03,False,21.63319969177246
trimmed,none,1,10,kerm_07,False,23.52902603149414
trimmed,none,1,10,kerm_03,False,18.357654571533203
trimmed,none,1,10,rsna_01,False,23.496318817138672
trimmed,none,1,10,rsna_11,False,19.12621307373047
trimmed,none,1,10,kerm_02,False,18.771989822387695
trimmed,none,1,10,rsna_09,False,20.030197143554688
trimmed,none,1,10,rsna_04,False,22.51569366455078
trimmed,none,1,10,rsna_02,False,23.289766311645508
trimmed,none,1,10,rsna_07,False,18.814104080200195
trimmed,none,1,10,rsna_12,False,21.819988250732422
trimmed,none,1,11,rsna_12,False,21.45880889892578
trimmed,none,1,11,kerm_08,False,23.889333724975586
trimmed,none,1,11,kerm_02,False,18.7514705657959
trimmed,none,1,11,kerm_03,False,18.037494659423828
trimmed,none,1,11,rsna_11,False,17.83517074584961
trimmed,none,1,11,kerm_07,False,23.765270233154297
trimmed,none,1,11,rsna_08,False,18.570104598999023
trimmed,none,1,11,rsna_03,False,25.932138442993164
trimmed,none,1,11,rsna_02,False,23.713443756103516
trimmed,none,1,11,rsna_10,False,22.497356414794922
trimmed,none,1,11,kerm_06,False,22.774782180786133
trimmed,none,1,11,rsna_07,False,22.115930557250977
trimmed,none,1,11,rsna_09,False,21.310619354248047
trimmed,none,1,11,rsna_05,False,20.7230281829834
trimmed,none,1,11,rsna_01,False,21.6794490814209
trimmed,none,1,12,rsna_01,False,25.120094299316406
trimmed,none,1,12,rsna_12,False,21.60313606262207
trimmed,none,1,12,kerm_05,False,23.17961311340332
trimmed,none,1,12,rsna_03,False,23.067079544067383
trimmed,none,1,12,rsna_02,False,23.91169548034668
trimmed,none,1,12,rsna_09,False,25.513505935668945
trimmed,none,1,12,kerm_01,False,22.038869857788086
trimmed,none,1,12,rsna_06,False,19.367666244506836
trimmed,none,1,12,kerm_08,False,21.734031677246094
trimmed,none,1,12,rsna_07,False,17.556859970092773
trimmed,none,1,12,kerm_06,False,21.424455642700195
trimmed,none,1,12,kerm_04,False,17.49627685546875
trimmed,none,1,12,rsna_10,False,18.280654907226562
trimmed,none,1,12,kerm_03,False,19.384841918945312
trimmed,none,1,12,rsna_08,False,20.21080780029297
trimmed,none,1,13,rsna_11,False,18.860366821289062
trimmed,none,1,13,rsna_09,False,24.532028198242188
trimmed,none,1,13,rsna_01,False,26.461483001708984
trimmed,none,1,13,kerm_07,False,23.305204391479492
trimmed,none,1,13,kerm_01,False,28.481958389282227
trimmed,none,1,13,rsna_05,False,33.07227325439453
trimmed,none,1,13,rsna_02,False,23.19477653503418
trimmed,none,1,13,rsna_10,False,20.972139358520508
trimmed,none,1,13,kerm_03,False,17.96967887878418
trimmed,none,1,13,kerm_05,False,18.32503318786621
trimmed,none,1,13,rsna_07,False,19.353546142578125
trimmed,none,1,13,rsna_03,False,26.899213790893555
trimmed,none,1,13,kerm_06,False,20.726598739624023
trimmed,none,1,13,rsna_08,False,19.540176391601562
trimmed,none,1,13,rsna_04,False,25.08310890197754
trimmed,none,1,14,rsna_01,False,28.5988712310791
trimmed,none,1,14,kerm_07,False,24.476348876953125
trimmed,none,1,14,kerm_05,False,23.932464599609375
trimmed,none,1,14,rsna_12,False,21.198184967041016
trimmed,none,1,14,kerm_06,False,22.163970947265625
trimmed,none,1,14,rsna_08,False,20.82713508605957
trimmed,none,1,14,rsna_05,False,21.81755256652832
trimmed,none,1,14,rsna_07,False,17.488737106323242
trimmed,none,1,14,kerm_03,False,17.520029067993164
trimmed,none,1,14,kerm_02,False,18.59525489807129
trimmed,none,1,14,rsna_06,False,23.190187454223633
trimmed,none,1,14,rsna_11,False,20.171958923339844
trimmed,none,1,14,kerm_01,False,21.98052406311035
trimmed,none,1,14,kerm_08,False,23.391796112060547
trimmed,none,1,14,rsna_04,False,21.455978393554688
trimmed,none,1,15,rsna_09,False,25.41135025024414
trimmed,none,1,15,rsna_03,False,26.123123168945312
trimmed,none,1,15,rsna_05,False,33.1853141784668
trimmed,none,1,15,kerm_03,False,16.932628631591797
trimmed,none,1,15,rsna_06,False,31.171228408813477
trimmed,none,1,15,rsna_07,False,24.33121109008789
trimmed,none,1,15,kerm_08,False,24.747888565063477
trimmed,none,1,15,kerm_04,False,17.542200088500977
trimmed,none,1,15,rsna_04,False,49.29714584350586
trimmed,none,1,15,kerm_06,False,22.65359115600586
trimmed,none,1,15,rsna_01,False,23.732280731201172
trimmed,none,1,15,kerm_02,False,20.79094696044922
trimmed,none,1,15,rsna_11,False,18.620437622070312
trimmed,none,1,15,rsna_10,False,23.698833465576172
trimmed,none,1,15,kerm_05,False,19.10831642150879
trimmed,none,1,16,rsna_07,False,19.000112533569336
trimmed,none,1,16,kerm_06,False,23.931835174560547
trimmed,none,1,16,kerm_07,False,23.32963752746582
trimmed,none,1,16,kerm_01,False,28.6795711517334
trimmed,none,1,16,rsna_04,False,28.16684913635254
trimmed,none,1,16,rsna_05,False,28.15597152709961
trimmed,none,1,16,rsna_09,False,21.131837844848633
trimmed,none,1,16,rsna_06,False,20.772987365722656
trimmed,none,1,16,kerm_02,False,24.594419479370117
trimmed,none,1,16,kerm_03,False,18.098724365234375
trimmed,none,1,16,rsna_02,False,24.987367630004883
trimmed,none,1,16,kerm_05,False,19.333988189697266
trimmed,none,1,16,rsna_10,False,19.179433822631836
trimmed,none,1,16,rsna_12,False,18.16557502746582
trimmed,none,1,16,rsna_08,False,17.94176483154297
trimmed,none,1,17,rsna_08,False,20.91603660583496
trimmed,none,1,17,rsna_04,False,50.12040710449219
trimmed,none,1,17,rsna_03,False,24.55364227294922
trimmed,none,1,17,kerm_08,False,28.395742416381836
trimmed,none,1,17,rsna_07,False,25.001468658447266
trimmed,none,1,17,kerm_05,False,21.434690475463867
trimmed,none,1,17,kerm_03,False,20.598735809326172
trimmed,none,1,17,rsna_09,False,20.360506057739258
trimmed,none,1,17,rsna_12,False,20.73370933532715
trimmed,none,1,17,kerm_07,False,28.334535598754883
trimmed,none,1,17,rsna_01,False,25.85525131225586
trimmed,none,1,17,rsna_05,False,24.03883171081543
trimmed,none,1,17,rsna_10,False,21.021038055419922
trimmed,none,1,17,kerm_04,False,20.261438369750977
trimmed,none,1,17,kerm_02,False,26.064823150634766
trimmed,none,1,18,rsna_01,False,31.056150436401367
trimmed,none,1,18,rsna_06,False,23.481794357299805
trimmed,none,1,18,rsna_05,False,25.02821922302246
trimmed,none,1,18,rsna_09,False,24.407772064208984
trimmed,none,1,18,kerm_06,False,22.99717140197754
trimmed,none,1,18,rsna_04,False,22.349185943603516
trimmed,none,1,18,rsna_08,False,19.595149993896484
trimmed,none,1,18,kerm_07,False,26.65510368347168
trimmed,none,1,18,rsna_10,False,23.648204803466797
trimmed,none,1,18,kerm_02,False,24.19794464111328
trimmed,none,1,18,kerm_05,False,23.469207763671875
trimmed,none,1,18,rsna_02,False,30.8724308013916
trimmed,none,1,18,kerm_08,False,24.96330451965332
trimmed,none,1,18,rsna_12,False,23.601669311523438
trimmed,none,1,18,kerm_01,False,33.3907585144043
trimmed,none,1,19,kerm_06,False,24.62668228149414
trimmed,none,1,19,kerm_01,False,25.511260986328125
trimmed,none,1,19,rsna_03,False,38.13564682006836
trimmed,none,1,19,rsna_07,False,22.38530158996582
trimmed,none,1,19,rsna_10,False,20.225255966186523
trimmed,none,1,19,rsna_04,False,22.522953033447266
trimmed,none,1,19,kerm_02,False,29.878965377807617
trimmed,none,1,19,rsna_06,False,26.20537567138672
trimmed,none,1,19,kerm_03,False,20.553585052490234
trimmed,none,1,19,rsna_11,False,18.782686233520508
trimmed,none,1,19,kerm_07,False,23.97087287902832
trimmed,none,1,19,rsna_08,False,19.02396011352539
trimmed,none,1,19,rsna_02,False,31.787593841552734
trimmed,none,1,19,kerm_05,False,25.849239349365234
trimmed,none,1,19,rsna_09,False,22.983613967895508
trimmed,none,1,20,rsna_02,False,25.30350112915039
trimmed,none,1,20,rsna_05,False,22.528337478637695
trimmed,none,1,20,rsna_10,False,21.33940315246582
trimmed,none,1,20,kerm_08,False,24.70085906982422
trimmed,none,1,20,rsna_09,False,25.569459915161133
trimmed,none,1,20,rsna_03,False,27.354900360107422
trimmed,none,1,20,rsna_01,False,25.001100540161133
trimmed,none,1,20,rsna_08,False,18.39206314086914
trimmed,none,1,20,rsna_07,False,19.2044734954834
trimmed,none,1,20,rsna_11,False,20.802396774291992
trimmed,none,1,20,kerm_02,False,24.606361389160156
trimmed,none,1,20,kerm_01,False,36.14814758300781
trimmed,none,1,20,kerm_07,False,25.21352195739746
trimmed,none,1,20,rsna_12,False,26.233802795410156
trimmed,none,1,20,rsna_06,False,24.240493774414062
trimmed,none,1,21,kerm_05,False,24.265655517578125
trimmed,none,1,21,rsna_10,False,22.823497772216797
trimmed,none,1,21,rsna_08,False,19.171546936035156
trimmed,none,1,21,kerm_03,False,19.713470458984375
trimmed,none,1,21,rsna_11,False,19.66978645324707
trimmed,none,1,21,rsna_06,False,31.843595504760742
trimmed,none,1,21,rsna_12,False,23.51386260986328
trimmed,none,1,21,kerm_01,False,29.566740036010742
trimmed,none,1,21,kerm_07,False,27.558284759521484
trimmed,none,1,21,rsna_02,False,25.070478439331055
trimmed,none,1,21,kerm_02,False,29.90225601196289
trimmed,none,1,21,rsna_05,False,23.25762367248535
trimmed,none,1,21,kerm_06,False,29.71430778503418
trimmed,none,1,21,rsna_03,False,34.44936752319336
trimmed,none,1,21,rsna_09,False,20.347259521484375
trimmed,none,1,22,kerm_06,False,24.96273422241211
trimmed,none,1,22,kerm_01,False,21.576040267944336
trimmed,none,1,22,rsna_02,False,29.362384796142578
trimmed,none,1,22,kerm_05,False,22.36839485168457
trimmed,none,1,22,kerm_03,False,21.99214744567871
trimmed,none,1,22,rsna_04,False,38.270816802978516
trimmed,none,1,22,rsna_07,False,21.465286254882812
trimmed,none,1,22,rsna_11,False,19.06593894958496
trimmed,none,1,22,rsna_05,False,26.573801040649414
trimmed,none,1,22,rsna_09,False,20.291324615478516
trimmed,none,1,22,kerm_07,False,26.00763511657715
trimmed,none,1,22,rsna_01,False,32.46143341064453
trimmed,none,1,22,rsna_03,False,29.431949615478516
trimmed,none,1,22,rsna_12,False,20.019412994384766
trimmed,none,1,22,rsna_06,False,20.626834869384766
trimmed,none,1,23,rsna_05,False,38.36293029785156
trimmed,none,1,23,rsna_06,False,25.039152145385742
trimmed,none,1,23,rsna_03,False,24.633647918701172
trimmed,none,1,23,rsna_04,False,26.297985076904297
trimmed,none,1,23,kerm_07,False,30.118677139282227
trimmed,none,1,23,rsna_09,False,21.48157501220703
trimmed,none,1,23,rsna_12,False,24.39927101135254
trimmed,none,1,23,rsna_01,False,27.003332138061523
trimmed,none,1,23,kerm_05,False,33.605934143066406
trimmed,none,1,23,rsna_11,False,19.896780014038086
trimmed,none,1,23,rsna_10,False,29.414043426513672
trimmed,none,1,23,rsna_02,False,32.011531829833984
trimmed,none,1,23,kerm_02,False,30.16666603088379
trimmed,none,1,23,kerm_01,False,31.650001525878906
trimmed,none,1,23,rsna_07,False,19.668115615844727
trimmed,none,1,24,kerm_02,False,24.3803768157959
trimmed,none,1,24,rsna_04,False,23.862407684326172
trimmed,none,1,24,rsna_10,False,31.366600036621094
trimmed,none,1,24,rsna_01,False,39.48808670043945
trimmed,none,1,24,rsna_11,False,25.8656063079834
trimmed,none,1,24,rsna_05,False,29.15026092529297
trimmed,none,1,24,rsna_07,False,21.1610164642334
trimmed,none,1,24,kerm_04,False,26.651884078979492
trimmed,none,1,24,kerm_01,False,26.290252685546875
trimmed,none,1,24,kerm_06,False,35.469635009765625
trimmed,none,1,24,rsna_08,False,21.593372344970703
trimmed,none,1,24,rsna_12,False,26.210084915161133
trimmed,none,1,24,rsna_03,False,24.055465698242188
trimmed,none,1,24,rsna_06,False,21.997371673583984
trimmed,none,1,24,kerm_03,False,21.280996322631836
trimmed,none,1,25,rsna_07,False,23.178115844726562
trimmed,none,1,25,rsna_09,False,19.425188064575195
trimmed,none,1,25,rsna_11,False,25.183259963989258
trimmed,none,1,25,kerm_04,False,23.20663070678711
trimmed,none,1,25,rsna_06,False,22.714872360229492
trimmed,none,1,25,kerm_08,False,31.629369735717773
trimmed,none,1,25,kerm_06,False,29.776235580444336
trimmed,none,1,25,kerm_02,False,26.6196231842041
trimmed,none,1,25,rsna_10,False,21.549518585205078
trimmed,none,1,25,rsna_12,False,25.070966720581055
trimmed,none,1,25,rsna_04,False,25.671831130981445
trimmed,none,1,25,rsna_03,False,33.389610290527344
trimmed,none,1,25,rsna_02,False,42.63438415527344
trimmed,none,1,25,rsna_08,False,27.585416793823242
trimmed,none,1,25,rsna_05,False,45.610618591308594
trimmed,none,1,26,rsna_10,False,25.806499481201172
trimmed,none,1,26,rsna_02,False,30.023588180541992
trimmed,none,1,26,kerm_06,False,26.90876579284668
trimmed,none,1,26,kerm_04,False,28.028337478637695
trimmed,none,1,26,kerm_05,False,26.247926712036133
trimmed,none,1,26,kerm_02,False,27.08592987060547
trimmed,none,1,26,kerm_08,False,27.42378044128418
trimmed,none,1,26,rsna_07,False,21.984426498413086
trimmed,none,1,26,kerm_03,False,20.962583541870117
trimmed,none,1,26,kerm_07,False,30.72357940673828
trimmed,none,1,26,rsna_08,False,22.02424430847168
trimmed,none,1,26,rsna_06,False,22.944351196289062
trimmed,none,1,26,rsna_11,False,23.491790771484375
trimmed,none,1,26,rsna_03,False,26.31821632385254
trimmed,none,1,26,rsna_05,False,29.367738723754883
trimmed,none,1,27,rsna_11,False,19.47324562072754
trimmed,none,1,27,rsna_09,False,19.944610595703125
trimmed,none,1,27,rsna_10,False,19.99720001220703
trimmed,none,1,27,rsna_08,False,25.835020065307617
trimmed,none,1,27,kerm_02,False,25.76997184753418
trimmed,none,1,27,rsna_01,False,28.616010665893555
trimmed,none,1,27,kerm_07,False,29.868881225585938
trimmed,none,1,27,kerm_05,False,23.649105072021484
trimmed,none,1,27,rsna_02,False,30.03451156616211
trimmed,none,1,27,rsna_12,False,24.73824119567871
trimmed,none,1,27,kerm_06,False,25.408836364746094
trimmed,none,1,27,rsna_06,False,23.128602981567383
trimmed,none,1,27,rsna_03,False,26.087848663330078
trimmed,none,1,27,rsna_07,False,25.579343795776367
trimmed,none,1,27,kerm_01,False,52.59198760986328
trimmed,none,1,28,rsna_06,False,19.90460777282715
trimmed,none,1,28,rsna_11,False,20.555091857910156
trimmed,none,1,28,kerm_07,False,31.506771087646484
trimmed,none,1,28,kerm_08,False,31.372011184692383
trimmed,none,1,28,rsna_01,False,28.368745803833008
trimmed,none,1,28,kerm_05,False,26.803462982177734
trimmed,none,1,28,rsna_04,False,37.46623611450195
trimmed,none,1,28,rsna_03,False,24.74852752685547
trimmed,none,1,28,kerm_06,False,25.822477340698242
trimmed,none,1,28,kerm_02,False,36.497474670410156
trimmed,none,1,28,rsna_05,False,25.098791122436523
trimmed,none,1,28,rsna_09,False,34.50773239135742
trimmed,none,1,28,kerm_04,False,20.67357063293457
trimmed,none,1,28,rsna_02,False,27.928470611572266
trimmed,none,1,28,rsna_08,False,17.61243438720703
trimmed,none,1,29,rsna_10,False,20.4882869720459
trimmed,none,1,29,rsna_09,False,20.764131546020508
trimmed,none,1,29,rsna_12,False,25.383211135864258
trimmed,none,1,29,rsna_04,False,32.53615951538086
trimmed,none,1,29,kerm_02,False,28.265443801879883
trimmed,none,1,29,rsna_08,False,21.827146530151367
trimmed,none,1,29,rsna_03,False,30.48724937438965
trimmed,none,1,29,kerm_05,False,21.994394302368164
trimmed,none,1,29,rsna_06,False,24.557958602905273
trimmed,none,1,29,rsna_11,False,20.87608528137207
trimmed,none,1,29,kerm_08,False,34.922523498535156
trimmed,none,1,29,rsna_07,False,18.959407806396484
trimmed,none,1,29,kerm_03,False,22.55621337890625
trimmed,none,1,29,rsna_05,False,42.97571563720703
trimmed,none,1,29,kerm_06,False,28.79595947265625
trimmed,none,1,30,kerm_06,False,33.15217590332031
trimmed,none,1,30,rsna_02,False,53.33158874511719
trimmed,none,1,30,rsna_04,False,24.514358520507812
trimmed,none,1,30,rsna_11,False,18.80204200744629
trimmed,none,1,30,rsna_10,False,22.253671646118164
trimmed,none,1,30,rsna_12,False,22.309476852416992
trimmed,none,1,30,kerm_05,False,26.3752384185791
trimmed,none,1,30,rsna_01,False,59.9083251953125
trimmed,none,1,30,rsna_06,False,23.956005096435547
trimmed,none,1,30,kerm_08,False,31.664216995239258
trimmed,none,1,30,rsna_09,False,21.8055419921875
trimmed,none,1,30,kerm_04,False,22.358583450317383
trimmed,none,1,30,rsna_08,False,22.982290267944336
trimmed,none,1,30,rsna_05,False,43.543312072753906
trimmed,none,1,30,rsna_07,False,20.228670120239258
trimmed,none,2,1,rsna_12,False,22.139183044433594
trimmed,none,2,1,rsna_04,False,23.874431610107422
trimmed,none,2,1,rsna_02,False,23.05152702331543
trimmed,none,2,1,rsna_06,False,22.7365779876709
trimmed,none,2,1,rsna_08,False,22.454145431518555
trimmed,none,2,1,kerm_05,False,22.386234283447266
trimmed,none,2,1,kerm_02,False,22.47532081604004
trimmed,none,2,1,rsna_09,False,22.467435836791992
trimmed,none,2,1,rsna_01,False,23.07299041748047
trimmed,none,2,1,rsna_10,False,22.075485229492188
trimmed,none,2,1,kerm_04,False,22.725933074951172
trimmed,none,2,1,kerm_01,False,22.449079513549805
trimmed,none,2,1,kerm_03,False,23.120479583740234
trimmed,none,2,1,rsna_05,False,22.695547103881836
trimmed,none,2,1,kerm_06,False,22.241167068481445
trimmed,none,2,2,rsna_04,False,19.566835403442383
trimmed,none,2,2,kerm_03,False,18.169363021850586
trimmed,none,2,2,rsna_11,False,22.103801727294922
trimmed,none,2,2,rsna_02,False,20.063674926757812
trimmed,none,2,2,rsna_03,False,18.98623275756836
trimmed,none,2,2,kerm_06,False,17.89995002746582
trimmed,none,2,2,kerm_02,False,16.94365119934082
trimmed,none,2,2,kerm_05,False,17.153474807739258
trimmed,none,2,2,rsna_06,False,18.244075775146484
trimmed,none,2,2,rsna_01,False,21.408309936523438
trimmed,none,2,2,rsna_12,False,17.243568420410156
trimmed,none,2,2,kerm_01,False,17.07752799987793
trimmed,none,2,2,rsna_09,False,18.11780548095703
trimmed,none,2,2,kerm_07,False,17.53532600402832
trimmed,none,2,2,rsna_08,False,18.071550369262695
trimmed,none,2,3,kerm_01,False,16.994905471801758
trimmed,none,2,3,kerm_05,False,19.197561264038086
trimmed,none,2,3,rsna_03,False,21.49651336669922
trimmed,none,2,3,kerm_03,False,18.37448501586914
trimmed,none,2,3,rsna_10,False,18.512571334838867
trimmed,none,2,3,rsna_11,False,20.056058883666992
trimmed,none,2,3,kerm_07,False,19.373497009277344
trimmed,none,2,3,rsna_06,False,18.061107635498047
trimmed,none,2,3,kerm_02,False,17.631298065185547
trimmed,none,2,3,kerm_08,False,19.64754295349121
trimmed,none,2,3,rsna_05,False,19.105010986328125
trimmed,none,2,3,rsna_02,False,19.09930992126465
trimmed,none,2,3,rsna_04,False,19.217817306518555
trimmed,none,2,3,rsna_08,False,18.38907814025879
trimmed,none,2,3,rsna_01,False,18.946109771728516
trimmed,none,2,4,rsna_02,False,21.4176025390625
trimmed,none,2,4,kerm_01,False,16.762496948242188
trimmed,none,2,4,kerm_03,False,19.153139114379883
trimmed,none,2,4,kerm_06,False,18.4212646484375
trimmed,none,2,4,rsna_05,False,21.447572708129883
trimmed,none,2,4,rsna_03,False,22.5711669921875
trimmed,none,2,4,kerm_04,False,23.134004592895508
trimmed,none,2,4,rsna_07,False,19.193984985351562
trimmed,none,2,4,rsna_09,False,19.285375595092773
trimmed,none,2,4,rsna_12,False,19.471261978149414
trimmed,none,2,4,rsna_10,False,18.236555099487305
trimmed,none,2,4,kerm_02,False,17.808204650878906
trimmed,none,2,4,rsna_01,False,23.35455322265625
trimmed,none,2,4,kerm_07,False,20.327228546142578
trimmed,none,2,4,rsna_06,False,18.442237854003906
trimmed,none,2,5,kerm_05,False,20.57171630859375
trimmed,none,2,5,rsna_07,False,18.52899169921875
trimmed,none,2,5,kerm_06,False,19.320796966552734
trimmed,none,2,5,rsna_12,False,20.65863609313965
trimmed,none,2,5,kerm_08,False,19.77796173095703
trimmed,none,2,5,rsna_09,False,17.221176147460938
trimmed,none,2,5,rsna_05,False,18.784841537475586
trimmed,none,2,5,rsna_04,False,19.786794662475586
trimmed,none,2,5,rsna_08,False,19.166851043701172
trimmed,none,2,5,kerm_01,False,17.31244468688965
trimmed,none,2,5,rsna_02,False,21.490880966186523
trimmed,none,2,5,kerm_02,False,17.616605758666992
trimmed,none,2,5,kerm_03,False,17.655202865600586
trimmed,none,2,5,rsna_03,False,21.808700561523438
trimmed,none,2,5,rsna_10,False,19.36634063720703
trimmed,none,2,6,rsna_06,False,19.19139289855957
trimmed,none,2,6,kerm_07,False,19.693130493164062
trimmed,none,2,6,kerm_02,False,16.69742202758789
trimmed,none,2,6,rsna_12,False,18.563621520996094
trimmed,none,2,6,rsna_10,False,18.873470306396484
trimmed,none,2,6,rsna_05,False,20.242788314819336
trimmed,none,2,6,rsna_11,False,20.098039627075195
trimmed,none,2,6,rsna_04,False,21.775890350341797
trimmed,none,2,6,kerm_08,False,23.678300857543945
trimmed,none,2,6,rsna_07,False,18.226722717285156
trimmed,none,2,6,kerm_03,False,18.05643653869629
trimmed,none,2,6,rsna_01,False,23.752607345581055
trimmed,none,2,6,kerm_04,False,24.1359920501709
trimmed,none,2,6,kerm_05,False,21.630897521972656
trimmed,none,2,6,kerm_01,False,19.637611389160156
trimmed,none,2,7,rsna_06,False,20.951744079589844
trimmed,none,2,7,kerm_05,False,20.53211212158203
trimmed,none,2,7,rsna_10,False,19.683231353759766
trimmed,none,2,7,kerm_01,False,17.406314849853516
trimmed,none,2,7,rsna_05,False,19.608943939208984
trimmed,none,2,7,rsna_08,False,18.631704330444336
trimmed,none,2,7,kerm_06,False,18.77743148803711
trimmed,none,2,7,rsna_09,False,19.940195083618164
trimmed,none,2,7,kerm_04,False,20.78042984008789
trimmed,none,2,7,kerm_07,False,19.044404983520508
trimmed,none,2,7,rsna_12,False,18.89384651184082
trimmed,none,2,7,rsna_07,False,19.17498016357422
trimmed,none,2,7,rsna_01,False,23.740070343017578
trimmed,none,2,7,rsna_11,False,18.524494171142578
trimmed,none,2,7,rsna_03,False,22.90514373779297
trimmed,none,2,8,rsna_03,False,24.600934982299805
trimmed,none,2,8,rsna_11,False,17.70989990234375
trimmed,none,2,8,kerm_05,False,22.17901611328125
trimmed,none,2,8,rsna_05,False,19.98073959350586
trimmed,none,2,8,kerm_08,False,22.51591682434082
trimmed,none,2,8,kerm_03,False,19.483797073364258
trimmed,none,2,8,kerm_04,False,19.373598098754883
trimmed,none,2,8,kerm_01,False,19.21025276184082
trimmed,none,2,8,rsna_04,False,21.802770614624023
trimmed,none,2,8,kerm_07,False,28.623552322387695
trimmed,none,2,8,rsna_07,False,17.39711570739746
trimmed,none,2,8,kerm_02,False,19.01479148864746
trimmed,none,2,8,rsna_06,False,20.428972244262695
trimmed,none,2,8,rsna_08,False,18.430479049682617
trimmed,none,2,8,rsna_12,False,18.517902374267578
trimmed,none,2,9,kerm_02,False,16.609338760375977
trimmed,none,2,9,kerm_03,False,18.644996643066406
trimmed,none,2,9,kerm_08,False,19.977039337158203
trimmed,none,2,9,kerm_06,False,21.725711822509766
trimmed,none,2,9,rsna_10,False,18.620616912841797
trimmed,none,2,9,rsna_07,False,20.920541763305664
trimmed,none,2,9,kerm_01,False,18.9991512298584
trimmed,none,2,9,rsna_02,False,25.150230407714844
trimmed,none,2,9,kerm_05,False,19.068214416503906
trimmed,none,2,9,rsna_08,False,19.527793884277344
trimmed,none,2,9,rsna_06,False,20.47036361694336
trimmed,none,2,9,rsna_04,False,23.7559757232666
trimmed,none,2,9,rsna_12,False,17.841941833496094
trimmed,none,2,9,rsna_05,False,19.241594314575195
trimmed,none,2,9,rsna_03,False,23.3035945892334
trimmed,none,2,10,kerm_02,False,15.906962394714355
trimmed,none,2,10,rsna_04,False,20.46510887145996
trimmed,none,2,10,rsna_07,False,17.32591438293457
trimmed,none,2,10,kerm_05,False,21.390356063842773
trimmed,none,2,10,rsna_02,False,23.453662872314453
trimmed,none,2,10,rsna_06,False,18.657230377197266
trimmed,none,2,10,rsna_10,False,18.977140426635742
trimmed,none,2,10,kerm_06,False,19.535070419311523
trimmed,none,2,10,rsna_08,False,18.47108268737793
trimmed,none,2,10,kerm_03,False,19.278783798217773
trimmed,none,2,10,rsna_01,False,24.78657341003418
trimmed,none,2,10,kerm_01,False,18.417888641357422
trimmed,none,2,10,rsna_11,False,19.32656478881836
trimmed,none,2,10,kerm_04,False,19.080394744873047
trimmed,none,2,10,rsna_05,False,19.908823013305664
trimmed,none,2,11,rsna_01,False,25.069290161132812
trimmed,none,2,11,rsna_11,False,19.273067474365234
trimmed,none,2,11,kerm_02,False,18.55902099609375
trimmed,none,2,11,rsna_09,False,18.920976638793945
trimmed,none,2,11,kerm_08,False,31.136215209960938
trimmed,none,2,11,rsna_08,False,19.13273811340332
trimmed,none,2,11,kerm_05,False,29.697839736938477
trimmed,none,2,11,rsna_02,False,23.85964584350586
trimmed,none,2,11,kerm_03,False,19.506132125854492
trimmed,none,2,11,kerm_07,False,20.374284744262695
trimmed,none,2,11,rsna_05,False,19.042560577392578
trimmed,none,2,11,rsna_04,False,21.865110397338867
trimmed,none,2,11,kerm_06,False,21.222196578979492
trimmed,none,2,11,rsna_06,False,18.137928009033203
trimmed,none,2,11,rsna_07,False,20.45662498474121
trimmed,none,2,12,kerm_05,False,19.488933563232422
trimmed,none,2,12,kerm_07,False,19.932083129882812
trimmed,none,2,12,kerm_02,False,17.597068786621094
trimmed,none,2,12,rsna_09,False,17.837621688842773
trimmed,none,2,12,rsna_03,False,27.259321212768555
trimmed,none,2,12,rsna_04,False,23.448265075683594
trimmed,none,2,12,rsna_10,False,20.2330265045166
trimmed,none,2,12,rsna_07,False,18.005115509033203
trimmed,none,2,12,rsna_12,False,18.412216186523438
trimmed,none,2,12,kerm_08,False,21.802902221679688
trimmed,none,2,12,kerm_06,False,27.483022689819336
trimmed,none,2,12,kerm_01,False,26.80592155456543
trimmed,none,2,12,rsna_02,False,30.680583953857422
trimmed,none,2,12,rsna_08,False,18.385093688964844
trimmed,none,2,12,kerm_03,False,17.967531204223633
trimmed,none,2,13,rsna_01,False,35.027034759521484
trimmed,none,2,13,rsna_07,False,19.497760772705078
trimmed,none,2,13,rsna_06,False,21.046100616455078
trimmed,none,2,13,rsna_12,False,19.40924644470215
trimmed,none,2,13,rsna_02,False,24.85979461669922
trimmed,none,2,13,rsna_08,False,18.609262466430664
trimmed,none,2,13,kerm_06,False,20.72465705871582
trimmed,none,2,13,rsna_04,False,21.867586135864258
trimmed,none,2,13,kerm_01,False,21.416526794433594
trimmed,none,2,13,kerm_05,False,18.478975296020508
trimmed,none,2,13,kerm_08,False,21.30577850341797
trimmed,none,2,13,kerm_02,False,20.590097427368164
trimmed,none,2,13,kerm_07,False,19.704833984375
trimmed,none,2,13,rsna_09,False,18.716306686401367
trimmed,none,2,13,rsna_11,False,18.43431854248047
trimmed,none,2,14,kerm_04,False,20.066783905029297
trimmed,none,2,14,rsna_05,False,20.445505142211914
trimmed,none,2,14,kerm_02,False,18.342117309570312
trimmed,none,2,14,kerm_03,False,17.7462215423584
trimmed,none,2,14,rsna_02,False,29.61723518371582
trimmed,none,2,14,rsna_08,False,19.668598175048828
trimmed,none,2,14,rsna_09,False,18.04612922668457
trimmed,none,2,14,rsna_01,False,28.107990264892578
trimmed,none,2,14,kerm_07,False,20.078399658203125
trimmed,none,2,14,kerm_06,False,19.195348739624023
trimmed,none,2,14,rsna_03,False,21.438251495361328
trimmed,none,2,14,rsna_06,False,18.274978637695312
trimmed,none,2,14,rsna_12,False,19.926700592041016
trimmed,none,2,14,kerm_05,False,22.164323806762695
trimmed,none,2,14,rsna_07,False,18.278947830200195
trimmed,none,2,15,rsna_03,False,27.016822814941406
trimmed,none,2,15,kerm_02,False,19.216285705566406
trimmed,none,2,15,kerm_08,False,23.26219367980957
trimmed,none,2,15,rsna_10,False,18.89068031311035
trimmed,none,2,15,kerm_06,False,20.09598731994629
trimmed,none,2,15,rsna_09,False,17.552766799926758
trimmed,none,2,15,kerm_03,False,20.5413818359375
trimmed,none,2,15,rsna_06,False,20.800086975097656
trimmed,none,2,15,rsna_04,False,30.27642250061035
trimmed,none,2,15,rsna_07,False,17.229467391967773
trimmed,none,2,15,rsna_05,False,22.43932342529297
trimmed,none,2,15,rsna_11,False,21.685691833496094
trimmed,none,2,15,rsna_02,False,27.576475143432617
trimmed,none,2,15,kerm_04,False,19.1792049407959
trimmed,none,2,15,kerm_05,False,19.03487205505371
trimmed,none,2,16,rsna_07,False,17.75436782836914
trimmed,none,2,16,kerm_02,False,20.572566986083984
trimmed,none,2,16,rsna_01,False,26.51696014404297
trimmed,none,2,16,rsna_05,False,18.99584197998047
trimmed,none,2,16,rsna_12,False,18.503440856933594
trimmed,none,2,16,rsna_10,False,24.237703323364258
trimmed,none,2,16,kerm_06,False,22.16939353942871
trimmed,none,2,16,kerm_01,False,22.83519172668457
trimmed,none,2,16,rsna_11,False,19.746747970581055
trimmed,none,2,16,rsna_02,False,23.003446578979492
trimmed,none,2,16,rsna_04,False,19.689071655273438
trimmed,none,2,16,kerm_04,False,21.481271743774414
trimmed,none,2,16,rsna_08,False,19.140430450439453
trimmed,none,2,16,kerm_03,False,18.298702239990234
trimmed,none,2,16,kerm_07,False,21.31698226928711
trimmed,none,2,17,rsna_03,False,24.189937591552734
trimmed,none,2,17,rsna_11,False,21.32158851623535
trimmed,none,2,17,kerm_08,False,22.04801368713379
trimmed,none,2,17,rsna_05,False,21.167707443237305
trimmed,none,2,17,kerm_01,False,25.910661697387695
trimmed,none,2,17,kerm_05,False,18.628665924072266
trimmed,none,2,17,kerm_06,False,22.037715911865234
trimmed,none,2,17,rsna_12,False,18.6908016204834
trimmed,none,2,17,rsna_01,False,24.050405502319336
trimmed,none,2,17,kerm_02,False,20.885150909423828
trimmed,none,2,17,rsna_09,False,17.49091911315918
trimmed,none,2,17,kerm_03,False,19.061756134033203
trimmed,none,2,17,kerm_04,False,22.348291397094727
trimmed,none,2,17,rsna_02,False,34.629276275634766
trimmed,none,2,17,rsna_04,False,28.13677978515625
trimmed,none,2,18,rsna_04,False,27.80481719970703
trimmed,none,2,18,rsna_07,False,19.05044174194336
trimmed,none,2,18,rsna_10,False,28.352216720581055
trimmed,none,2,18,rsna_06,False,22.04237937927246
trimmed,none,2,18,kerm_03,False,19.259876251220703
trimmed,none,2,18,kerm_04,False,27.40974998474121
trimmed,none,2,18,rsna_02,False,25.606966018676758
trimmed,none,2,18,rsna_09,False,17.504899978637695
trimmed,none,2,18,kerm_06,False,27.12936782836914
trimmed,none,2,18,kerm_02,False,17.379924774169922
trimmed,none,2,18,kerm_07,False,22.95513343811035
trimmed,none,2,18,rsna_03,False,22.322742462158203
trimmed,none,2,18,rsna_05,False,26.3851261138916
trimmed,none,2,18,rsna_01,False,23.01814079284668
trimmed,none,2,18,kerm_05,False,18.650379180908203
trimmed,none,2,19,rsna_01,False,25.14983367919922
trimmed,none,2,19,rsna_08,False,17.7092342376709
trimmed,none,2,19,rsna_11,False,23.485666275024414
trimmed,none,2,19,kerm_04,False,18.448087692260742
trimmed,none,2,19,rsna_12,False,21.594755172729492
trimmed,none,2,19,kerm_07,False,22.587146759033203
trimmed,none,2,19,rsna_03,False,23.19682502746582
trimmed,none,2,19,kerm_05,False,18.18718147277832
trimmed,none,2,19,rsna_10,False,19.861717224121094
trimmed,none,2,19,rsna_05,False,19.80493927001953
trimmed,none,2,19,kerm_02,False,18.81070327758789
trimmed,none,2,19,kerm_06,False,22.966625213623047
trimmed,none,2,19,kerm_08,False,26.749897003173828
trimmed,none,2,19,rsna_04,False,22.61115074157715
trimmed,none,2,19,kerm_01,False,25.526378631591797
trimmed,none,2,20,rsna_05,False,23.050973892211914
trimmed,none,2,20,kerm_08,False,21.549972534179688
trimmed,none,2,20,kerm_05,False,18.04068946838379
trimmed,none,2,20,rsna_10,False,20.166282653808594
trimmed,none,2,20,kerm_07,False,24.164403915405273
trimmed,none,2,20,kerm_04,False,23.44094467163086
trimmed,none,2,20,rsna_07,False,22.15106773376465
trimmed,none,2,20,kerm_02,False,22.553203582763672
trimmed,none,2,20,kerm_06,False,18.91509246826172
trimmed,none,2,20,rsna_02,False,26.959640502929688
trimmed,none,2,20,rsna_12,False,19.033279418945312
trimmed,none,2,20,kerm_01,False,24.3751220703125
trimmed,none,2,20,rsna_08,False,17.781005859375
trimmed,none,2,20,rsna_11,False,22.4926815032959
trimmed,none,2,20,rsna_09,False,17.32582664489746
trimmed,none,2,21,rsna_07,False,20.26104736328125
trimmed,none,2,21,rsna_11,False,17.836763381958008
trimmed,none,2,21,rsna_10,False,26.995038986206055
trimmed,none,2,21,kerm_05,False,18.500972747802734
trimmed,none,2,21,kerm_06,False,19.48516082763672
trimmed,none,2,21,kerm_04,False,21.454410552978516
trimmed,none,2,21,kerm_08,False,21.237504959106445
trimmed,none,2,21,rsna_12,False,22.346132278442383
trimmed,none,2,21,kerm_03,False,23.799762725830078
trimmed,none,2,21,kerm_01,False,34.42013931274414
trimmed,none,2,21,kerm_02,False,20.311166763305664
trimmed,none,2,21,rsna_03,False,27.567354202270508
trimmed,none,2,21,rsna_08,False,22.201358795166016
trimmed,none,2,21,rsna_04,False,24.479286193847656
trimmed,none,2,21,kerm_07,False,23.422306060791016
trimmed,none,2,22,rsna_04,False,30.732860565185547
trimmed,none,2,22,rsna_07,False,23.118043899536133
trimmed,none,2,22,kerm_07,False,20.186485290527344
trimmed,none,2,22,kerm_06,False,21.38094139099121
trimmed,none,2,22,rsna_01,False,30.66998291015625
trimmed,none,2,22,kerm_01,False,27.94475746154785
trimmed,none,2,22,kerm_04,False,17.12579917907715
trimmed,none,2,22,rsna_08,False,22.55459213256836
trimmed,none,2,22,kerm_08,False,20.237234115600586
trimmed,none,2,22,kerm_05,False,16.826988220214844
trimmed,none,2,22,rsna_09,False,18.423458099365234
trimmed,none,2,22,rsna_11,False,21.38152503967285
trimmed,none,2,22,rsna_06,False,27.27900505065918
trimmed,none,2,22,rsna_05,False,25.509859085083008
trimmed,none,2,22,rsna_10,False,24.280426025390625
trimmed,none,2,23,kerm_06,False,23.507492065429688
trimmed,none,2,23,rsna_12,False,18.215476989746094
trimmed,none,2,23,rsna_01,False,33.2032470703125
trimmed,none,2,23,kerm_04,False,23.006275177001953
trimmed,none,2,23,kerm_07,False,21.760704040527344
trimmed,none,2,23,kerm_08,False,22.71463966369629
trimmed,none,2,23,rsna_11,False,17.840242385864258
trimmed,none,2,23,kerm_02,False,18.936004638671875
trimmed,none,2,23,rsna_05,False,25.235729217529297
trimmed,none,2,23,kerm_01,False,23.075820922851562
trimmed,none,2,23,kerm_05,False,19.641143798828125
trimmed,none,2,23,rsna_04,False,29.172470092773438
trimmed,none,2,23,rsna_07,False,22.63288688659668
trimmed,none,2,23,rsna_02,False,31.04814338684082
trimmed,none,2,23,kerm_03,False,27.054655075073242
trimmed,none,2,24,kerm_07,False,22.12187957763672
trimmed,none,2,24,kerm_02,False,22.57266616821289
trimmed,none,2,24,kerm_06,False,24.36529541015625
trimmed,none,2,24,rsna_01,False,30.635189056396484
trimmed,none,2,24,kerm_04,False,19.621030807495117
trimmed,none,2,24,rsna_06,False,33.218116760253906
trimmed,none,2,24,rsna_05,False,23.04214859008789
trimmed,none,2,24,rsna_11,False,18.162649154663086
trimmed,none,2,24,rsna_09,False,19.699792861938477
trimmed,none,2,24,rsna_03,False,24.462072372436523
trimmed,none,2,24,rsna_07,False,23.02276611328125
trimmed,none,2,24,kerm_03,False,21.154544830322266
trimmed,none,2,24,kerm_08,False,25.479141235351562
trimmed,none,2,24,rsna_08,False,19.875873565673828
trimmed,none,2,24,rsna_10,False,19.367053985595703
trimmed,none,2,25,kerm_03,False,22.64144515991211
trimmed,none,2,25,rsna_10,False,25.787168502807617
trimmed,none,2,25,kerm_01,False,26.897706985473633
trimmed,none,2,25,rsna_09,False,22.52066421508789
trimmed,none,2,25,kerm_07,False,24.100223541259766
trimmed,none,2,25,rsna_07,False,22.5787353515625
trimmed,none,2,25,kerm_04,False,23.1937313079834
trimmed,none,2,25,rsna_11,False,20.61932945251465
trimmed,none,2,25,rsna_02,False,26.671499252319336
trimmed,none,2,25,rsna_06,False,23.410064697265625
trimmed,none,2,25,kerm_02,False,19.055879592895508
trimmed,none,2,25,rsna_04,False,27.391984939575195
trimmed,none,2,25,rsna_01,False,25.62274742126465
trimmed,none,2,25,rsna_08,False,19.03877067565918
trimmed,none,2,25,kerm_08,False,26.450937271118164
trimmed,none,2,26,kerm_05,False,20.544818878173828
trimmed,none,2,26,rsna_10,False,19.64838218688965
trimmed,none,2,26,rsna_01,False,33.912071228027344
trimmed,none,2,26,kerm_01,False,19.818578720092773
trimmed,none,2,26,rsna_03,False,32.7386474609375
trimmed,none,2,26,kerm_07,False,24.479339599609375
trimmed,none,2,26,rsna_05,False,32.33776092529297
trimmed,none,2,26,rsna_09,False,18.838502883911133
trimmed,none,2,26,kerm_06,False,21.599172592163086
trimmed,none,2,26,rsna_12,False,23.017040252685547
trimmed,none,2,26,rsna_06,False,23.646276473999023
trimmed,none,2,26,rsna_08,False,17.73859977722168
trimmed,none,2,26,rsna_07,False,21.452566146850586
trimmed,none,2,26,kerm_08,False,23.897987365722656
trimmed,none,2,26,rsna_11,False,24.247678756713867
trimmed,none,2,27,rsna_11,False,21.118907928466797
trimmed,none,2,27,rsna_03,False,23.635358810424805
trimmed,none,2,27,rsna_02,False,43.66585922241211
trimmed,none,2,27,rsna_12,False,21.56542205810547
trimmed,none,2,27,rsna_06,False,22.132293701171875
trimmed,none,2,27,rsna_08,False,27.90904426574707
trimmed,none,2,27,rsna_07,False,18.01384925842285
trimmed,none,2,27,kerm_02,False,24.224763870239258
trimmed,none,2,27,rsna_10,False,20.69829559326172
trimmed,none,2,27,kerm_03,False,22.862964630126953
trimmed,none,2,27,kerm_06,False,21.45436668395996
trimmed,none,2,27,kerm_07,False,24.11136245727539
trimmed,none,2,27,kerm_01,False,24.52655029296875
trimmed,none,2,27,rsna_01,False,30.702978134155273
trimmed,none,2,27,kerm_04,False,22.247190475463867
trimmed,none,2,28,rsna_08,False,18.6463565826416
trimmed,none,2,28,kerm_05,False,21.76128578186035
trimmed,none,2,28,rsna_05,False,23.192920684814453
trimmed,none,2,28,kerm_07,False,27.295574188232422
trimmed,none,2,28,rsna_12,False,21.871105194091797
trimmed,none,2,28,kerm_06,False,26.875171661376953
trimmed,none,2,28,kerm_08,False,32.178897857666016
trimmed,none,2,28,rsna_10,False,20.370014190673828
trimmed,none,2,28,rsna_01,False,26.511856079101562
trimmed,none,2,28,rsna_04,False,29.329572677612305
trimmed,none,2,28,rsna_09,False,29.512802124023438
trimmed,none,2,28,rsna_06,False,25.579143524169922
trimmed,none,2,28,rsna_03,False,35.47966384887695
trimmed,none,2,28,kerm_03,False,19.650972366333008
trimmed,none,2,28,rsna_07,False,19.29951286315918
trimmed,none,2,29,kerm_08,False,25.63829803466797
trimmed,none,2,29,rsna_12,False,19.133747100830078
trimmed,none,2,29,rsna_06,False,32.736732482910156
trimmed,none,2,29,kerm_05,False,23.595754623413086
trimmed,none,2,29,rsna_10,False,21.70220947265625
trimmed,none,2,29,rsna_01,False,27.24582290649414
trimmed,none,2,29,kerm_04,False,17.80517578125
trimmed,none,2,29,rsna_08,False,16.929553985595703
trimmed,none,2,29,rsna_11,False,18.979124069213867
trimmed,none,2,29,kerm_02,False,20.28217315673828
trimmed,none,2,29,kerm_06,False,26.638811111450195
trimmed,none,2,29,kerm_07,False,23.813587188720703
trimmed,none,2,29,rsna_09,False,19.903648376464844
trimmed,none,2,29,kerm_01,False,27.430822372436523
trimmed,none,2,29,rsna_04,False,24.800003051757812
trimmed,none,2,30,kerm_04,False,19.41568946838379
trimmed,none,2,30,rsna_12,False,18.539600372314453
trimmed,none,2,30,kerm_07,False,24.71671485900879
trimmed,none,2,30,kerm_01,False,29.790966033935547
trimmed,none,2,30,rsna_02,False,51.78306198120117
trimmed,none,2,30,rsna_08,False,17.417970657348633
trimmed,none,2,30,rsna_09,False,21.546260833740234
trimmed,none,2,30,rsna_11,False,18.615705490112305
trimmed,none,2,30,rsna_06,False,23.913936614990234
trimmed,none,2,30,kerm_02,False,22.442869186401367
trimmed,none,2,30,rsna_04,False,26.013246536254883
trimmed,none,2,30,rsna_01,False,38.583412170410156
trimmed,none,2,30,rsna_10,False,17.61411476135254
trimmed,none,2,30,rsna_03,False,30.97865867614746
trimmed,none,2,30,kerm_06,False,26.53990364074707
trimmed,none,3,1,rsna_03,False,22.906396865844727
trimmed,none,3,1,rsna_09,False,23.29212760925293
trimmed,none,3,1,kerm_06,False,22.58348846435547
trimmed,none,3,1,rsna_04,False,22.92847442626953
trimmed,none,3,1,rsna_01,False,23.008075714111328
trimmed,none,3,1,rsna_12,False,22.73554801940918
trimmed,none,3,1,rsna_06,False,22.758745193481445
trimmed,none,3,1,kerm_08,False,22.345643997192383
trimmed,none,3,1,kerm_03,False,22.56019401550293
trimmed,none,3,1,rsna_02,False,23.262954711914062
trimmed,none,3,1,kerm_01,False,22.84163475036621
trimmed,none,3,1,kerm_05,False,22.20652198791504
trimmed,none,3,1,rsna_11,False,22.831207275390625
trimmed,none,3,1,rsna_07,False,22.683425903320312
trimmed,none,3,1,kerm_02,False,22.64385223388672
trimmed,none,3,2,rsna_06,False,18.180940628051758
trimmed,none,3,2,rsna_05,False,18.641006469726562
trimmed,none,3,2,rsna_04,False,18.550386428833008
trimmed,none,3,2,rsna_09,False,18.33101463317871
trimmed,none,3,2,rsna_08,False,19.169944763183594
trimmed,none,3,2,kerm_08,False,17.441211700439453
trimmed,none,3,2,kerm_01,False,17.05201530456543
trimmed,none,3,2,kerm_02,False,17.1844482421875
trimmed,none,3,2,kerm_04,False,17.41744613647461
trimmed,none,3,2,rsna_02,False,18.642305374145508
trimmed,none,3,2,kerm_05,False,17.455463409423828
trimmed,none,3,2,rsna_01,False,19.562360763549805
trimmed,none,3,2,kerm_06,False,17.167585372924805
trimmed,none,3,2,kerm_03,False,17.095869064331055
trimmed,none,3,2,rsna_12,False,17.442310333251953
trimmed,none,3,3,rsna_06,False,19.275222778320312
trimmed,none,3,3,rsna_12,False,18.78435707092285
trimmed,none,3,3,kerm_08,False,19.08717155456543
trimmed,none,3,3,kerm_02,False,17.552223205566406
trimmed,none,3,3,rsna_08,False,18.550018310546875
trimmed,none,3,3,rsna_03,False,19.59489631652832
trimmed,none,3,3,kerm_01,False,17.406606674194336
trimmed,none,3,3,rsna_09,False,19.64025115966797
trimmed,none,3,3,kerm_05,False,19.62884521484375
trimmed,none,3,3,rsna_11,False,20.0527400970459
trimmed,none,3,3,rsna_01,False,19.99260711669922
trimmed,none,3,3,kerm_04,False,18.451566696166992
trimmed,none,3,3,rsna_07,False,18.911638259887695
trimmed,none,3,3,rsna_04,False,19.4400634765625
trimmed,none,3,3,kerm_03,False,18.18459701538086
trimmed,none,3,4,rsna_01,False,22.1370906829834
trimmed,none,3,4,kerm_05,False,20.4129695892334
trimmed,none,3,4,rsna_06,False,20.591453552246094
trimmed,none,3,4,kerm_08,False,20.07276153564453
trimmed,none,3,4,rsna_07,False,20.47614288330078
trimmed,none,3,4,rsna_05,False,20.102127075195312
trimmed,none,3,4,kerm_07,False,22.08991241455078
trimmed,none,3,4,rsna_04,False,21.010780334472656
trimmed,none,3,4,rsna_02,False,20.4888916015625
trimmed,none,3,4,rsna_10,False,19.70884132385254
trimmed,none,3,4,rsna_09,False,19.464401245117188
trimmed,none,3,4,kerm_02,False,18.458600997924805
trimmed,none,3,4,rsna_11,False,20.333507537841797
trimmed,none,3,4,kerm_04,False,20.823566436767578
trimmed,none,3,4,rsna_03,False,21.79463768005371
trimmed,none,3,5,kerm_01,False,18.08864974975586
trimmed,none,3,5,kerm_06,False,25.35230255126953
trimmed,none,3,5,rsna_04,False,18.62464714050293
trimmed,none,3,5,kerm_08,False,24.328826904296875
trimmed,none,3,5,rsna_11,False,21.045923233032227
trimmed,none,3,5,rsna_03,False,19.53128433227539
trimmed,none,3,5,rsna_02,False,20.15057373046875
trimmed,none,3,5,rsna_10,False,20.162738800048828
trimmed,none,3,5,rsna_07,False,18.660398483276367
trimmed,none,3,5,kerm_03,False,18.325687408447266
trimmed,none,3,5,kerm_05,False,26.148117065429688
trimmed,none,3,5,rsna_05,False,18.206708908081055
trimmed,none,3,5,rsna_09,False,18.561065673828125
trimmed,none,3,5,rsna_12,False,23.137712478637695
trimmed,none,3,5,kerm_02,False,17.522167205810547
trimmed,none,3,6,rsna_11,False,19.341272354125977
trimmed,none,3,6,rsna_12,False,19.69697380065918
trimmed,none,3,6,rsna_10,False,18.773054122924805
trimmed,none,3,6,kerm_02,False,17.482362747192383
trimmed,none,3,6,rsna_07,False,18.73090362548828
trimmed,none,3,6,kerm_06,False,20.233064651489258
trimmed,none,3,6,rsna_09,False,18.825525283813477
trimmed,none,3,6,rsna_04,False,20.955278396606445
trimmed,none,3,6,kerm_07,False,19.421375274658203
trimmed,none,3,6,kerm_04,False,20.01041603088379
trimmed,none,3,6,kerm_01,False,18.725149154663086
trimmed,none,3,6,rsna_01,False,22.102821350097656
trimmed,none,3,6,kerm_05,False,22.217525482177734
trimmed,none,3,6,kerm_03,False,17.847593307495117
trimmed,none,3,6,rsna_05,False,19.83551025390625
trimmed,none,3,7,rsna_01,False,24.36337661743164
trimmed,none,3,7,kerm_08,False,20.126131057739258
trimmed,none,3,7,rsna_06,False,21.619007110595703
trimmed,none,3,7,kerm_01,False,20.87337875366211
trimmed,none,3,7,rsna_05,False,20.183107376098633
trimmed,none,3,7,kerm_06,False,24.266477584838867
trimmed,none,3,7,rsna_03,False,22.896516799926758
trimmed,none,3,7,rsna_11,False,18.37128448486328
trimmed,none,3,7,kerm_04,False,16.352394104003906
trimmed,none,3,7,rsna_09,False,19.086185455322266
trimmed,none,3,7,kerm_02,False,17.880016326904297
trimmed,none,3,7,kerm_07,False,22.945178985595703
trimmed,none,3,7,rsna_04,False,22.28384780883789
trimmed,none,3,7,kerm_05,False,21.37428092956543
trimmed,none,3,7,kerm_03,False,18.612552642822266
trimmed,none,3,8,kerm_03,False,16.655658721923828
trimmed,none,3,8,rsna_02,False,22.560171127319336
trimmed,none,3,8,rsna_06,False,18.44782066345215
trimmed,none,3,8,kerm_06,False,17.933183670043945
trimmed,none,3,8,kerm_01,False,18.609281539916992
trimmed,none,3,8,rsna_01,False,23.40694808959961
trimmed,none,3,8,rsna_11,False,17.912212371826172
trimmed,none,3,8,kerm_07,False,31.102128982543945
trimmed,none,3,8,rsna_09,False,18.74765396118164
trimmed,none,3,8,rsna_10,False,19.87323570251465
trimmed,none,3,8,kerm_04,False,21.703271865844727
trimmed,none,3,8,rsna_08,False,19.140037536621094
trimmed,none,3,8,kerm_05,False,23.718093872070312
trimmed,none,3,8,kerm_08,False,20.872909545898438
trimmed,none,3,8,rsna_12,False,19.383567810058594
trimmed,none,3,9,rsna_07,False,20.266830444335938
trimmed,none,3,9,kerm_02,False,20.435449600219727
trimmed,none,3,9,rsna_01,False,30.990129470825195
trimmed,none,3,9,rsna_09,False,19.062599182128906
trimmed,none,3,9,kerm_04,False,18.911684036254883
trimmed,none,3,9,rsna_05,False,22.791589736938477
trimmed,none,3,9,kerm_03,False,18.09636878967285
trimmed,none,3,9,rsna_04,False,22.60897445678711
trimmed,none,3,9,rsna_02,False,28.43585777282715
trimmed,none,3,9,kerm_07,False,19.155542373657227
trimmed,none,3,9,kerm_01,False,21.6914119720459
trimmed,none,3,9,rsna_06,False,21.937026977539062
trimmed,none,3,9,rsna_08,False,20.56292724609375
trimmed,none,3,9,rsna_11,False,18.133380889892578
trimmed,none,3,9,rsna_10,False,19.433130264282227
trimmed,none,3,10,rsna_01,False,23.85613441467285
trimmed,none,3,10,kerm_07,False,22.035659790039062
trimmed,none,3,10,rsna_11,False,19.473108291625977
trimmed,none,3,10,rsna_06,False,18.807357788085938
trimmed,none,3,10,kerm_02,False,18.32323455810547
trimmed,none,3,10,rsna_08,False,21.229644775390625
trimmed,none,3,10,rsna_12,False,22.57608413696289
trimmed,none,3,10,kerm_08,False,21.553085327148438
trimmed,none,3,10,rsna_05,False,19.700103759765625
trimmed,none,3,10,rsna_10,False,19.2948055267334
trimmed,none,3,10,rsna_09,False,18.310287475585938
trimmed,none,3,10,rsna_04,False,22.366424560546875
trimmed,none,3,10,kerm_06,False,32.012611389160156
trimmed,none,3,10,kerm_05,False,28.12370491027832
trimmed,none,3,10,kerm_04,False,19.00688934326172
trimmed,none,3,11,rsna_01,False,28.754066467285156
trimmed,none,3,11,rsna_02,False,27.609325408935547
trimmed,none,3,11,rsna_11,False,19.26297378540039
trimmed,none,3,11,kerm_07,False,22.00711441040039
trimmed,none,3,11,rsna_04,False,24.927810668945312
trimmed,none,3,11,rsna_10,False,22.80694580078125
trimmed,none,3,11,kerm_05,False,21.63823890686035
trimmed,none,3,11,rsna_06,False,22.566020965576172
trimmed,none,3,11,rsna_03,False,28.40016746520996
trimmed,none,3,11,kerm_03,False,17.19316291809082
trimmed,none,3,11,rsna_05,False,24.648405075073242
trimmed,none,3,11,rsna_07,False,20.188541412353516
trimmed,none,3,11,kerm_04,False,18.162199020385742
trimmed,none,3,11,rsna_09,False,20.636390686035156
trimmed,none,3,11,kerm_02,False,21.327882766723633
trimmed,none,3,12,rsna_07,False,21.814767837524414
trimmed,none,3,12,kerm_01,False,19.851572036743164
trimmed,none,3,12,kerm_03,False,19.43301010131836
trimmed,none,3,12,rsna_04,False,20.468198776245117
trimmed,none,3,12,rsna_12,False,19.647647857666016
trimmed,none,3,12,rsna_09,False,19.007659912109375
trimmed,none,3,12,rsna_11,False,20.603885650634766
trimmed,none,3,12,rsna_10,False,21.37514877319336
trimmed,none,3,12,rsna_03,False,20.058473587036133
trimmed,none,3,12,rsna_06,False,19.84290313720703
trimmed,none,3,12,rsna_08,False,18.50511360168457
trimmed,none,3,12,rsna_02,False,26.515670776367188
trimmed,none,3,12,kerm_02,False,17.81593894958496
trimmed,none,3,12,kerm_06,False,28.457286834716797
trimmed,none,3,12,kerm_08,False,23.242807388305664
trimmed,none,3,13,rsna_06,False,17.93484115600586
trimmed,none,3,13,rsna_01,False,22.336790084838867
trimmed,none,3,13,kerm_01,False,22.169715881347656
trimmed,none,3,13,rsna_02,False,21.98992919921875
trimmed,none,3,13,kerm_06,False,21.811372756958008
trimmed,none,3,13,rsna_12,False,19.062362670898438
trimmed,none,3,13,rsna_04,False,21.19065284729004
trimmed,none,3,13,rsna_09,False,19.202863693237305
trimmed,none,3,13,rsna_10,False,18.268003463745117
trimmed,none,3,13,rsna_11,False,18.08298110961914
trimmed,none,3,13,rsna_07,False,19.16808319091797
trimmed,none,3,13,kerm_05,False,22.765884399414062
trimmed,none,3,13,rsna_03,False,24.531103134155273
trimmed,none,3,13,kerm_03,False,19.58089828491211
trimmed,none,3,13,kerm_08,False,21.28181266784668
trimmed,none,3,14,rsna_09,False,18.710166931152344
trimmed,none,3,14,rsna_08,False,18.279190063476562
trimmed,none,3,14,kerm_05,False,31.89728546142578
trimmed,none,3,14,rsna_06,False,19.54457664489746
trimmed,none,3,14,kerm_04,False,27.6236515045166
trimmed,none,3,14,rsna_04,False,20.442068099975586
trimmed,none,3,14,kerm_06,False,26.565208435058594
trimmed,none,3,14,rsna_02,False,31.574445724487305
trimmed,none,3,14,kerm_07,False,21.332073211669922
trimmed,none,3,14,rsna_10,False,19.825674057006836
trimmed,none,3,14,rsna_03,False,26.21552085876465
trimmed,none,3,14,kerm_02,False,19.17987823486328
trimmed,none,3,14,kerm_08,False,21.26169204711914
trimmed,none,3,14,rsna_07,False,21.909923553466797
trimmed,none,3,14,rsna_05,False,19.286836624145508
trimmed,none,3,15,rsna_10,False,18.95490074157715
trimmed,none,3,15,rsna_05,False,30.09731674194336
trimmed,none,3,15,kerm_08,False,20.936399459838867
trimmed,none,3,15,rsna_03,False,27.71441650390625
trimmed,none,3,15,kerm_05,False,24.240148544311523
trimmed,none,3,15,rsna_11,False,18.26817512512207
trimmed,none,3,15,kerm_02,False,21.06951904296875
trimmed,none,3,15,rsna_01,False,29.387432098388672
trimmed,none,3,15,rsna_06,False,23.761781692504883
trimmed,none,3,15,rsna_12,False,19.75408363342285
trimmed,none,3,15,kerm_06,False,26.51437759399414
trimmed,none,3,15,kerm_03,False,20.424373626708984
trimmed,none,3,15,kerm_07,False,20.179851531982422
trimmed,none,3,15,rsna_02,False,23.914241790771484
trimmed,none,3,15,kerm_04,False,20.662086486816406
trimmed,none,3,16,rsna_09,False,23.081708908081055
trimmed,none,3,16,rsna_10,False,20.214595794677734
trimmed,none,3,16,kerm_02,False,20.006580352783203
trimmed,none,3,16,kerm_07,False,24.19510841369629
trimmed,none,3,16,kerm_08,False,21.39359474182129
trimmed,none,3,16,rsna_04,False,26.37449836730957
trimmed,none,3,16,rsna_05,False,21.17245864868164
trimmed,none,3,16,rsna_08,False,20.57846450805664
trimmed,none,3,16,rsna_03,False,22.388072967529297
trimmed,none,3,16,kerm_04,False,18.333393096923828
trimmed,none,3,16,rsna_01,False,26.777894973754883
trimmed,none,3,16,rsna_07,False,28.1243953704834
trimmed,none,3,16,rsna_12,False,18.87436866760254
trimmed,none,3,16,kerm_03,False,17.097978591918945
trimmed,none,3,16,rsna_06,False,25.149185180664062
trimmed,none,3,17,rsna_08,False,17.866043090820312
trimmed,none,3,17,kerm_03,False,18.537935256958008
trimmed,none,3,17,rsna_04,False,30.03986930847168
trimmed,none,3,17,kerm_02,False,23.743806838989258
trimmed,none,3,17,rsna_03,False,21.24390411376953
trimmed,none,3,17,rsna_06,False,20.832630157470703
trimmed,none,3,17,rsna_01,False,23.81619644165039
trimmed,none,3,17,kerm_04,False,21.320968627929688
trimmed,none,3,17,kerm_05,False,22.49517059326172
trimmed,none,3,17,kerm_01,False,28.443145751953125
trimmed,none,3,17,rsna_11,False,21.193849563598633
trimmed,none,3,17,rsna_10,False,18.3554744720459
trimmed,none,3,17,rsna_09,False,20.609573364257812
trimmed,none,3,17,kerm_08,False,30.58660125732422
trimmed,none,3,17,rsna_07,False,32.317955017089844
trimmed,none,3,18,kerm_06,False,21.96085548400879
trimmed,none,3,18,rsna_02,False,23.826860427856445
trimmed,none,3,18,rsna_03,False,27.437458038330078
trimmed,none,3,18,rsna_06,False,22.96363639831543
trimmed,none,3,18,rsna_11,False,18.8516902923584
trimmed,none,3,18,kerm_04,False,23.44486427307129
trimmed,none,3,18,rsna_12,False,20.587392807006836
trimmed,none,3,18,rsna_07,False,22.754596710205078
trimmed,none,3,18,rsna_10,False,19.629146575927734
trimmed,none,3,18,kerm_03,False,19.05643081665039
trimmed,none,3,18,rsna_04,False,35.037967681884766
trimmed,none,3,18,kerm_07,False,22.652084350585938
trimmed,none,3,18,rsna_01,False,25.4010066986084
trimmed,none,3,18,kerm_08,False,24.001970291137695
trimmed,none,3,18,rsna_05,False,21.55284881591797
trimmed,none,3,19,rsna_03,False,23.130876541137695
trimmed,none,3,19,kerm_05,False,21.375009536743164
trimmed,none,3,19,kerm_03,False,20.13140869140625
trimmed,none,3,19,kerm_02,False,19.904205322265625
trimmed,none,3,19,rsna_01,False,23.347137451171875
trimmed,none,3,19,kerm_06,False,21.434961318969727
trimmed,none,3,19,rsna_10,False,18.691822052001953
trimmed,none,3,19,kerm_01,False,25.733251571655273
trimmed,none,3,19,rsna_07,False,25.298337936401367
trimmed,none,3,19,rsna_09,False,17.689863204956055
trimmed,none,3,19,rsna_06,False,19.66670799255371
trimmed,none,3,19,rsna_12,False,19.65934944152832
trimmed,none,3,19,kerm_08,False,25.987564086914062
trimmed,none,3,19,rsna_05,False,35.12709045410156
trimmed,none,3,19,kerm_04,False,24.52583122253418
trimmed,none,3,20,rsna_06,False,25.326221466064453
trimmed,none,3,20,rsna_04,False,22.03921127319336
trimmed,none,3,20,kerm_02,False,33.903743743896484
trimmed,none,3,20,kerm_07,False,20.782913208007812
trimmed,none,3,20,kerm_03,False,21.885366439819336
trimmed,none,3,20,kerm_05,False,27.914108276367188
trimmed,none,3,20,rsna_08,False,26.61749267578125
trimmed,none,3,20,rsna_02,False,22.981714248657227
trimmed,none,3,20,kerm_04,False,18.036701202392578
trimmed,none,3,20,rsna_05,False,26.579280853271484
trimmed,none,3,20,kerm_06,False,21.2705020904541
trimmed,none,3,20,rsna_11,False,22.35456657409668
trimmed,none,3,20,rsna_12,False,20.73454475402832
trimmed,none,3,20,kerm_01,False,23.917049407958984
trimmed,none,3,20,rsna_10,False,18.24685287475586
trimmed,none,3,21,kerm_02,False,17.83898162841797
trimmed,none,3,21,rsna_04,False,34.70222473144531
trimmed,none,3,21,rsna_01,False,25.486814498901367
trimmed,none,3,21,rsna_06,False,25.051132202148438
trimmed,none,3,21,kerm_01,False,21.118284225463867
trimmed,none,3,21,kerm_03,False,19.634138107299805
trimmed,none,3,21,rsna_07,False,22.268821716308594
trimmed,none,3,21,rsna_05,False,27.204471588134766
trimmed,none,3,21,kerm_08,False,23.796140670776367
trimmed,none,3,21,kerm_07,False,22.468830108642578
trimmed,none,3,21,rsna_10,False,18.2623291015625
trimmed,none,3,21,kerm_06,False,21.126136779785156
trimmed,none,3,21,kerm_05,False,19.141305923461914
trimmed,none,3,21,rsna_03,False,24.50186538696289
trimmed,none,3,21,rsna_09,False,19.418371200561523
trimmed,none,3,22,rsna_10,False,19.445829391479492
trimmed,none,3,22,rsna_11,False,18.5787410736084
trimmed,none,3,22,rsna_02,False,25.774545669555664
trimmed,none,3,22,kerm_03,False,18.1614933013916
trimmed,none,3,22,rsna_01,False,31.54575538635254
trimmed,none,3,22,kerm_01,False,28.194095611572266
trimmed,none,3,22,rsna_06,False,20.50039291381836
trimmed,none,3,22,rsna_05,False,19.481687545776367
trimmed,none,3,22,kerm_02,False,17.932941436767578
trimmed,none,3,22,kerm_07,False,25.0051212310791
trimmed,none,3,22,kerm_05,False,19.169584274291992
trimmed,none,3,22,rsna_09,False,24.320016860961914
trimmed,none,3,22,kerm_06,False,26.29300880432129
trimmed,none,3,22,rsna_03,False,21.653867721557617
trimmed,none,3,22,rsna_07,False,21.885053634643555
trimmed,none,3,23,rsna_01,False,23.94139862060547
trimmed,none,3,23,rsna_12,False,21.357851028442383
trimmed,none,3,23,rsna_08,False,22.90612030029297
trimmed,none,3,23,kerm_03,False,20.492868423461914
trimmed,none,3,23,kerm_06,False,25.512893676757812
trimmed,none,3,23,rsna_07,False,33.341064453125
trimmed,none,3,23,kerm_01,False,36.662742614746094
trimmed,none,3,23,kerm_05,False,22.78803825378418
trimmed,none,3,23,kerm_07,False,24.622425079345703
trimmed,none,3,23,rsna_02,False,24.316890716552734
trimmed,none,3,23,rsna_09,False,18.343048095703125
trimmed,none,3,23,kerm_02,False,26.73417091369629
trimmed,none,3,23,rsna_05,False,26.529794692993164
trimmed,none,3,23,rsna_06,False,20.72895050048828
trimmed,none,3,23,rsna_04,False,39.29231643676758
trimmed,none,3,24,rsna_08,False,30.136320114135742
trimmed,none,3,24,rsna_04,False,24.955055236816406
trimmed,none,3,24,kerm_05,False,22.602548599243164
trimmed,none,3,24,rsna_11,False,22.948110580444336
trimmed,none,3,24,rsna_05,False,29.515493392944336
trimmed,none,3,24,kerm_02,False,17.100032806396484
trimmed,none,3,24,rsna_01,False,25.886791229248047
trimmed,none,3,24,kerm_04,False,18.713909149169922
trimmed,none,3,24,kerm_01,False,22.25884437561035
trimmed,none,3,24,kerm_08,False,25.945913314819336
trimmed,none,3,24,kerm_03,False,18.459436416625977
trimmed,none,3,24,kerm_07,False,28.585174560546875
trimmed,none,3,24,rsna_03,False,25.82842445373535
trimmed,none,3,24,rsna_07,False,18.413644790649414
trimmed,none,3,24,rsna_06,False,18.40610122680664
trimmed,none,3,25,rsna_06,False,19.064247131347656
trimmed,none,3,25,kerm_03,False,20.990901947021484
trimmed,none,3,25,kerm_04,False,20.079410552978516
trimmed,none,3,25,kerm_06,False,28.18671226501465
trimmed,none,3,25,kerm_08,False,27.24073600769043
trimmed,none,3,25,rsna_07,False,33.84016036987305
trimmed,none,3,25,rsna_11,False,25.7139892578125
trimmed,none,3,25,rsna_02,False,21.19388771057129
trimmed,none,3,25,rsna_08,False,23.028377532958984
trimmed,none,3,25,rsna_10,False,23.481019973754883
trimmed,none,3,25,rsna_09,False,19.6080265045166
trimmed,none,3,25,rsna_04,False,22.01924705505371
trimmed,none,3,25,rsna_01,False,28.233924865722656
trimmed,none,3,25,kerm_02,False,17.400310516357422
trimmed,none,3,25,rsna_05,False,19.10274314880371
trimmed,none,3,26,kerm_08,False,26.751914978027344
trimmed,none,3,26,rsna_08,False,20.207399368286133
trimmed,none,3,26,rsna_02,False,23.959651947021484
trimmed,none,3,26,rsna_11,False,19.77690887451172
trimmed,none,3,26,rsna_09,False,22.40897560119629
trimmed,none,3,26,kerm_06,False,25.519153594970703
trimmed,none,3,26,kerm_05,False,26.176504135131836
trimmed,none,3,26,kerm_03,False,18.680496215820312
trimmed,none,3,26,rsna_03,False,29.955480575561523
trimmed,none,3,26,rsna_06,False,22.514432907104492
trimmed,none,3,26,rsna_05,False,35.609920501708984
trimmed,none,3,26,rsna_12,False,21.523324966430664
trimmed,none,3,26,rsna_01,False,27.23643684387207
trimmed,none,3,26,rsna_07,False,22.718557357788086
trimmed,none,3,26,kerm_04,False,20.13213348388672
trimmed,none,3,27,rsna_01,False,32.1492805480957
trimmed,none,3,27,rsna_04,False,25.85896873474121
trimmed,none,3,27,kerm_05,False,21.71718406677246
trimmed,none,3,27,rsna_09,False,40.101158142089844
trimmed,none,3,27,rsna_10,False,24.683412551879883
trimmed,none,3,27,rsna_12,False,22.398021697998047
trimmed,none,3,27,rsna_02,False,37.664546966552734
trimmed,none,3,27,kerm_01,False,33.929969787597656
trimmed,none,3,27,rsna_05,False,25.622243881225586
trimmed,none,3,27,rsna_08,False,17.418357849121094
trimmed,none,3,27,rsna_11,False,22.601980209350586
trimmed,none,3,27,kerm_03,False,22.10109519958496
trimmed,none,3,27,kerm_07,False,26.5821475982666
trimmed,none,3,27,rsna_07,False,25.007442474365234
trimmed,none,3,27,rsna_03,False,25.780183792114258
trimmed,none,3,28,rsna_08,False,17.79708480834961
trimmed,none,3,28,rsna_10,False,21.20273780822754
trimmed,none,3,28,rsna_01,False,36.326045989990234
trimmed,none,3,28,kerm_02,False,28.823122024536133
trimmed,none,3,28,kerm_06,False,32.44427490234375
trimmed,none,3,28,rsna_04,False,27.74066925048828
trimmed,none,3,28,kerm_07,False,33.40748596191406
trimmed,none,3,28,rsna_07,False,22.283653259277344
trimmed,none,3,28,kerm_08,False,31.463855743408203
trimmed,none,3,28,kerm_05,False,24.04756736755371
trimmed,none,3,28,rsna_12,False,21.66826057434082
trimmed,none,3,28,rsna_11,False,20.97816276550293
trimmed,none,3,28,rsna_05,False,19.2808780670166
trimmed,none,3,28,kerm_01,False,28.088510513305664
trimmed,none,3,28,rsna_03,False,22.473251342773438
trimmed,none,3,29,kerm_02,False,19.16324806213379
trimmed,none,3,29,kerm_03,False,22.940614700317383
trimmed,none,3,29,kerm_05,False,34.46371078491211
trimmed,none,3,29,rsna_05,False,20.948198318481445
trimmed,none,3,29,kerm_01,False,28.807483673095703
trimmed,none,3,29,rsna_12,False,24.007917404174805
trimmed,none,3,29,rsna_08,False,28.37334442138672
trimmed,none,3,29,rsna_03,False,26.303272247314453
trimmed,none,3,29,rsna_11,False,20.199703216552734
trimmed,none,3,29,kerm_04,False,18.772022247314453
trimmed,none,3,29,rsna_09,False,27.976821899414062
trimmed,none,3,29,rsna_07,False,25.453718185424805
trimmed,none,3,29,rsna_04,False,41.60726547241211
trimmed,none,3,29,kerm_07,False,31.585277557373047
trimmed,none,3,29,kerm_06,False,22.38597869873047
trimmed,none,3,30,rsna_09,False,31.56324577331543
trimmed,none,3,30,rsna_06,False,26.245872497558594
trimmed,none,3,30,rsna_07,False,20.074459075927734
trimmed,none,3,30,rsna_12,False,21.860151290893555
trimmed,none,3,30,kerm_08,False,27.92824935913086
trimmed,none,3,30,kerm_03,False,19.16826629638672
trimmed,none,3,30,rsna_05,False,31.4510440826416
trimmed,none,3,30,kerm_02,False,34.47985076904297
trimmed,none,3,30,rsna_01,False,44.30506896972656
trimmed,none,3,30,kerm_06,False,25.54425621032715
trimmed,none,3,30,rsna_10,False,25.941362380981445
trimmed,none,3,30,rsna_02,False,29.927120208740234
trimmed,none,3,30,kerm_01,False,21.26387596130371
trimmed,none,3,30,rsna_04,False,31.24355697631836
trimmed,none,3,30,rsna_08,False,24.363792419433594
trimmed,none,4,1,rsna_04,False,22.95722770690918
trimmed,none,4,1,kerm_07,False,22.17970848083496
trimmed,none,4,1,rsna_02,False,23.4879093170166
trimmed,none,4,1,kerm_02,False,22.726097106933594
trimmed,none,4,1,rsna_10,False,22.28696632385254
trimmed,none,4,1,rsna_08,False,22.544889450073242
trimmed,none,4,1,rsna_11,False,22.41547393798828
trimmed,none,4,1,kerm_05,False,22.19849967956543
trimmed,none,4,1,rsna_06,False,22.755403518676758
trimmed,none,4,1,rsna_01,False,23.095054626464844
trimmed,none,4,1,rsna_03,False,23.69997215270996
trimmed,none,4,1,rsna_12,False,22.27573585510254
trimmed,none,4,1,rsna_09,False,22.859100341796875
trimmed,none,4,1,rsna_07,False,23.157758712768555
trimmed,none,4,1,kerm_08,False,22.37786865234375
trimmed,none,4,2,rsna_06,False,18.861255645751953
trimmed,none,4,2,kerm_06,False,18.013866424560547
trimmed,none,4,2,kerm_03,False,17.422321319580078
trimmed,none,4,2,rsna_04,False,18.977275848388672
trimmed,none,4,2,rsna_09,False,17.992799758911133
trimmed,none,4,2,kerm_08,False,17.38139533996582
trimmed,none,4,2,rsna_08,False,18.010374069213867
trimmed,none,4,2,rsna_12,False,17.996967315673828
trimmed,none,4,2,rsna_11,False,18.267704010009766
trimmed,none,4,2,rsna_02,False,19.390562057495117
trimmed,none,4,2,rsna_03,False,18.87147331237793
trimmed,none,4,2,rsna_05,False,19.595783233642578
trimmed,none,4,2,kerm_07,False,18.475465774536133
trimmed,none,4,2,rsna_07,False,18.218557357788086
trimmed,none,4,2,rsna_01,False,19.664703369140625
trimmed,none,4,3,kerm_01,False,18.214420318603516
trimmed,none,4,3,rsna_08,False,18.42456817626953
trimmed,none,4,3,kerm_02,False,18.917579650878906
trimmed,none,4,3,kerm_08,False,21.257549285888672
trimmed,none,4,3,rsna_01,False,22.397151947021484
trimmed,none,4,3,rsna_10,False,20.584016799926758
trimmed,none,4,3,kerm_06,False,21.10820770263672
trimmed,none,4,3,rsna_11,False,19.10625648498535
trimmed,none,4,3,rsna_09,False,19.20265769958496
trimmed,none,4,3,kerm_05,False,18.983068466186523
trimmed,none,4,3,rsna_03,False,21.237308502197266
trimmed,none,4,3,kerm_07,False,20.040428161621094
trimmed,none,4,3,rsna_06,False,18.387916564941406
trimmed,none,4,3,rsna_04,False,18.962018966674805
trimmed,none,4,3,rsna_05,False,18.91077423095703
trimmed,none,4,4,kerm_01,False,17.591367721557617
trimmed,none,4,4,rsna_12,False,19.24587631225586
trimmed,none,4,4,rsna_06,False,21.157407760620117
trimmed,none,4,4,rsna_07,False,20.01302719116211
trimmed,none,4,4,kerm_02,False,18.016984939575195
trimmed,none,4,4,kerm_04,False,18.1091365814209
trimmed,none,4,4,rsna_05,False,19.7250919342041
trimmed,none,4,4,rsna_04,False,19.435888290405273
trimmed,none,4,4,rsna_11,False,18.435951232910156
trimmed,none,4,4,rsna_03,False,22.134042739868164
trimmed,none,4,4,kerm_07,False,19.292217254638672
trimmed,none,4,4,rsna_08,False,18.73472785949707
trimmed,none,4,4,rsna_01,False,24.574241638183594
trimmed,none,4,4,kerm_03,False,18.026199340820312
trimmed,none,4,4,kerm_08,False,20.365970611572266
trimmed,none,4,5,rsna_11,False,18.955238342285156
trimmed,none,4,5,rsna_09,False,19.54551887512207
trimmed,none,4,5,kerm_01,False,18.005985260009766
trimmed,none,4,5,kerm_04,False,18.738422393798828
trimmed,none,4,5,kerm_06,False,20.75568199157715
trimmed,none,4,5,rsna_06,False,20.268028259277344
trimmed,none,4,5,kerm_02,False,18.817468643188477
trimmed,none,4,5,rsna_12,False,18.93783187866211
trimmed,none,4,5,rsna_05,False,19.91877555847168
trimmed,none,4,5,rsna_07,False,19.0026798248291
trimmed,none,4,5,rsna_02,False,23.360872268676758
trimmed,none,4,5,kerm_08,False,22.607091903686523
trimmed,none,4,5,kerm_07,False,20.41021728515625
trimmed,none,4,5,kerm_03,False,17.09319305419922
trimmed,none,4,5,rsna_10,False,18.798246383666992
trimmed,none,4,6,rsna_02,False,23.641817092895508
trimmed,none,4,6,rsna_11,False,18.93207550048828
trimmed,none,4,6,rsna_04,False,23.053987503051758
trimmed,none,4,6,rsna_12,False,18.039588928222656
trimmed,none,4,6,kerm_07,False,19.78302001953125
trimmed,none,4,6,kerm_08,False,20.121824264526367
trimmed,none,4,6,rsna_03,False,24.853574752807617
trimmed,none,4,6,rsna_07,False,19.21734619140625
trimmed,none,4,6,kerm_03,False,18.717830657958984
trimmed,none,4,6,kerm_04,False,17.828792572021484
trimmed,none,4,6,kerm_06,False,18.24553871154785
trimmed,none,4,6,rsna_05,False,22.795679092407227
trimmed,none,4,6,kerm_05,False,16.536619186401367
trimmed,none,4,6,kerm_02,False,18.643768310546875
trimmed,none,4,6,kerm_01,False,19.75279426574707
trimmed,none,4,7,rsna_02,False,25.152284622192383
trimmed,none,4,7,kerm_05,False,20.16616439819336
trimmed,none,4,7,rsna_05,False,21.2677059173584
trimmed,none,4,7,rsna_06,False,20.779502868652344
trimmed,none,4,7,kerm_01,False,19.771934509277344
trimmed,none,4,7,rsna_01,False,28.17112159729004
trimmed,none,4,7,rsna_09,False,20.352703094482422
trimmed,none,4,7,kerm_04,False,18.51579475402832
trimmed,none,4,7,kerm_06,False,19.489282608032227
trimmed,none,4,7,rsna_11,False,18.76311492919922
trimmed,none,4,7,kerm_03,False,19.556568145751953
trimmed,none,4,7,rsna_10,False,20.130949020385742
trimmed,none,4,7,rsna_04,False,22.055938720703125
trimmed,none,4,7,rsna_12,False,19.380014419555664
trimmed,none,4,7,rsna_08,False,19.672096252441406
trimmed,none,4,8,kerm_01,False,19.340877532958984
trimmed,none,4,8,kerm_04,False,19.282482147216797
trimmed,none,4,8,kerm_07,False,21.16677474975586
trimmed,none,4,8,rsna_04,False,20.82599639892578
trimmed,none,4,8,rsna_08,False,19.46937370300293
trimmed,none,4,8,kerm_08,False,22.55068588256836
trimmed,none,4,8,rsna_09,False,23.02960777282715
trimmed,none,4,8,rsna_05,False,19.223970413208008
trimmed,none,4,8,rsna_07,False,19.80529022216797
trimmed,none,4,8,rsna_12,False,22.486494064331055
trimmed,none,4,8,kerm_06,False,22.689027786254883
trimmed,none,4,8,rsna_11,False,21.005096435546875
trimmed,none,4,8,rsna_02,False,23.192325592041016
trimmed,none,4,8,kerm_02,False,18.97271728515625
trimmed,none,4,8,rsna_06,False,20.647119522094727
trimmed,none,4,9,kerm_07,False,20.719810485839844
trimmed,none,4,9,rsna_05,False,23.024869918823242
trimmed,none,4,9,kerm_05,False,17.735523223876953
trimmed,none,4,9,kerm_01,False,26.347457885742188
trimmed,none,4,9,rsna_09,False,18.610660552978516
trimmed,none,4,9,kerm_03,False,21.487974166870117
trimmed,none,4,9,rsna_02,False,23.395771026611328
trimmed,none,4,9,kerm_02,False,23.003292083740234
trimmed,none,4,9,kerm_08,False,20.69511604309082
trimmed,none,4,9,rsna_06,False,20.448923110961914
trimmed,none,4,9,rsna_04,False,24.320720672607422
trimmed,none,4,9,rsna_10,False,21.030860900878906
trimmed,none,4,9,rsna_07,False,24.92464256286621
trimmed,none,4,9,kerm_06,False,20.13566017150879
trimmed,none,4,9,rsna_03,False,25.652280807495117
trimmed,none,4,10,kerm_06,False,21.869585037231445
trimmed,none,4,10,rsna_02,False,22.964126586914062
trimmed,none,4,10,rsna_01,False,23.546480178833008
trimmed,none,4,10,rsna_07,False,22.957096099853516
trimmed,none,4,10,kerm_05,False,19.055007934570312
trimmed,none,4,10,kerm_04,False,19.847721099853516
trimmed,none,4,10,rsna_08,False,20.921527862548828
trimmed,none,4,10,kerm_01,False,20.382091522216797
trimmed,none,4,10,kerm_02,False,18.682876586914062
trimmed,none,4,10,kerm_08,False,24.321680068969727
trimmed,none,4,10,rsna_05,False,19.441133499145508
trimmed,none,4,10,rsna_04,False,21.137216567993164
trimmed,none,4,10,rsna_06,False,19.724029541015625
trimmed,none,4,10,kerm_03,False,19.617433547973633
trimmed,none,4,10,rsna_03,False,25.889558792114258
trimmed,none,4,11,kerm_06,False,21.000078201293945
trimmed,none,4,11,kerm_07,False,23.220903396606445
trimmed,none,4,11,rsna_12,False,21.205080032348633
trimmed,none,4,11,kerm_05,False,20.46687126159668
trimmed,none,4,11,rsna_10,False,23.093793869018555
trimmed,none,4,11,rsna_08,False,24.042993545532227
trimmed,none,4,11,rsna_04,False,23.388090133666992
trimmed,none,4,11,kerm_08,False,23.91193199157715
trimmed,none,4,11,rsna_07,False,21.988862991333008
trimmed,none,4,11,kerm_01,False,21.57868766784668
trimmed,none,4,11,rsna_06,False,22.545591354370117
trimmed,none,4,11,rsna_02,False,24.987323760986328
trimmed,none,4,11,kerm_04,False,20.672624588012695
trimmed,none,4,11,rsna_01,False,26.618261337280273
trimmed,none,4,11,rsna_09,False,19.930234909057617
trimmed,none,4,12,rsna_05,False,26.21266746520996
trimmed,none,4,12,rsna_09,False,18.189111709594727
trimmed,none,4,12,rsna_10,False,23.29738426208496
trimmed,none,4,12,rsna_08,False,26.368066787719727
trimmed,none,4,12,kerm_08,False,21.74211883544922
trimmed,none,4,12,rsna_02,False,24.875762939453125
trimmed,none,4,12,kerm_07,False,20.233470916748047
trimmed,none,4,12,rsna_01,False,26.869136810302734
trimmed,none,4,12,rsna_11,False,20.80858039855957
trimmed,none,4,12,kerm_06,False,21.273365020751953
trimmed,none,4,12,kerm_03,False,20.04081916809082
trimmed,none,4,12,rsna_12,False,19.55233383178711
trimmed,none,4,12,kerm_04,False,20.400283813476562
trimmed,none,4,12,rsna_03,False,25.358375549316406
trimmed,none,4,12,rsna_07,False,20.059814453125
trimmed,none,4,13,rsna_01,False,26.40398406982422
trimmed,none,4,13,rsna_04,False,24.399728775024414
trimmed,none,4,13,rsna_03,False,26.346757888793945
trimmed,none,4,13,kerm_03,False,27.58751106262207
trimmed,none,4,13,rsna_08,False,20.83123779296875
trimmed,none,4,13,rsna_09,False,19.47950553894043
trimmed,none,4,13,kerm_07,False,20.39600372314453
trimmed,none,4,13,rsna_10,False,19.507646560668945
trimmed,none,4,13,rsna_05,False,20.651134490966797
trimmed,none,4,13,kerm_06,False,20.659635543823242
trimmed,none,4,13,kerm_01,False,23.60094451904297
trimmed,none,4,13,rsna_12,False,20.21125030517578
trimmed,none,4,13,rsna_06,False,21.443485260009766
trimmed,none,4,13,rsna_07,False,19.12090492248535
trimmed,none,4,13,kerm_02,False,22.90872573852539
trimmed,none,4,14,kerm_01,False,23.309200286865234
trimmed,none,4,14,rsna_09,False,24.73223304748535
trimmed,none,4,14,rsna_05,False,32.68907928466797
trimmed,none,4,14,kerm_02,False,23.175743103027344
trimmed,none,4,14,rsna_01,False,25.722034454345703
trimmed,none,4,14,rsna_10,False,23.32028579711914
trimmed,none,4,14,kerm_08,False,25.570295333862305
trimmed,none,4,14,rsna_04,False,20.463300704956055
trimmed,none,4,14,rsna_11,False,23.104867935180664
trimmed,none,4,14,rsna_03,False,29.80900764465332
trimmed,none,4,14,kerm_03,False,23.947437286376953
trimmed,none,4,14,kerm_05,False,20.45592498779297
trimmed,none,4,14,rsna_02,False,31.387779235839844
trimmed,none,4,14,rsna_06,False,19.645570755004883
trimmed,none,4,14,kerm_07,False,26.15690803527832
trimmed,none,4,15,rsna_04,False,19.825660705566406
trimmed,none,4,15,rsna_02,False,24.452165603637695
trimmed,none,4,15,kerm_04,False,23.93720054626465
trimmed,none,4,15,kerm_06,False,23.545665740966797
trimmed,none,4,15,kerm_03,False,22.800180435180664
trimmed,none,4,15,rsna_06,False,20.809772491455078
trimmed,none,4,15,rsna_03,False,28.433364868164062
trimmed,none,4,15,kerm_02,False,20.113208770751953
trimmed,none,4,15,rsna_05,False,23.184707641601562
trimmed,none,4,15,rsna_10,False,34.69363021850586
trimmed,none,4,15,rsna_01,False,26.743228912353516
trimmed,none,4,15,rsna_08,False,26.556087493896484
trimmed,none,4,15,rsna_11,False,19.004459381103516
trimmed,none,4,15,rsna_09,False,21.31416893005371
trimmed,none,4,15,kerm_07,False,24.78219223022461
trimmed,none,4,16,rsna_02,False,22.84880828857422
trimmed,none,4,16,kerm_07,False,24.272645950317383
trimmed,none,4,16,rsna_10,False,22.796031951904297
trimmed,none,4,16,rsna_11,False,35.17974853515625
trimmed,none,4,16,kerm_06,False,22.315950393676758
trimmed,none,4,16,rsna_01,False,25.70458984375
trimmed,none,4,16,kerm_08,False,28.434663772583008
trimmed,none,4,16,kerm_03,False,20.237213134765625
trimmed,none,4,16,kerm_05,False,21.023767471313477
trimmed,none,4,16,rsna_12,False,21.878559112548828
trimmed,none,4,16,kerm_04,False,20.27506446838379
trimmed,none,4,16,rsna_09,False,19.360294342041016
trimmed,none,4,16,rsna_04,False,20.53314208984375
trimmed,none,4,16,rsna_07,False,19.71664047241211
trimmed,none,4,16,rsna_05,False,19.204896926879883
trimmed,none,4,17,rsna_03,False,33.046424865722656
trimmed,none,4,17,rsna_07,False,25.425081253051758
trimmed,none,4,17,rsna_11,False,25.882888793945312
trimmed,none,4,17,rsna_02,False,35.39833450317383
trimmed,none,4,17,rsna_04,False,24.684776306152344
trimmed,none,4,17,kerm_02,False,32.23541259765625
trimmed,none,4,17,kerm_03,False,27.66602325439453
trimmed,none,4,17,rsna_09,False,19.32237434387207
trimmed,none,4,17,kerm_01,False,31.681020736694336
trimmed,none,4,17,kerm_06,False,24.330387115478516
trimmed,none,4,17,kerm_07,False,23.99658203125
trimmed,none,4,17,rsna_06,False,30.98011016845703
trimmed,none,4,17,rsna_01,False,33.7564811706543
trimmed,none,4,17,rsna_05,False,39.92537307739258
trimmed,none,4,17,kerm_04,False,24.989002227783203
trimmed,none,4,18,kerm_07,False,30.886707305908203
trimmed,none,4,18,rsna_01,False,31.162742614746094
trimmed,none,4,18,kerm_03,False,20.761310577392578
trimmed,none,4,18,rsna_11,False,24.096345901489258
trimmed,none,4,18,rsna_05,False,26.456745147705078
trimmed,none,4,18,rsna_10,False,42.741825103759766
trimmed,none,4,18,rsna_04,False,21.97838592529297
trimmed,none,4,18,rsna_03,False,23.69593620300293
trimmed,none,4,18,kerm_06,False,29.251747131347656
trimmed,none,4,18,rsna_06,False,22.472370147705078
trimmed,none,4,18,rsna_08,False,41.1826171875
trimmed,none,4,18,rsna_02,False,26.95098876953125
trimmed,none,4,18,kerm_05,False,23.135793685913086
trimmed,none,4,18,kerm_02,False,20.12173843383789
trimmed,none,4,18,rsna_12,False,24.220069885253906
trimmed,none,4,19,rsna_05,False,25.425264358520508
trimmed,none,4,19,kerm_04,False,21.00501823425293
trimmed,none,4,19,rsna_10,False,33.6607551574707
trimmed,none,4,19,kerm_02,False,37.0071907043457
trimmed,none,4,19,rsna_04,False,29.58191680908203
trimmed,none,4,19,rsna_02,False,25.277645111083984
trimmed,none,4,19,rsna_03,False,25.70047378540039
trimmed,none,4,19,rsna_11,False,24.133865356445312
trimmed,none,4,19,rsna_06,False,25.171630859375
trimmed,none,4,19,rsna_01,False,37.005977630615234
trimmed,none,4,19,rsna_07,False,20.110700607299805
trimmed,none,4,19,rsna_08,False,31.02715492248535
trimmed,none,4,19,kerm_07,False,25.894092559814453
trimmed,none,4,19,kerm_03,False,23.043649673461914
trimmed,none,4,19,kerm_08,False,29.802967071533203
trimmed,none,4,20,kerm_08,False,30.996566772460938
trimmed,none,4,20,rsna_07,False,20.124496459960938
trimmed,none,4,20,rsna_08,False,30.02751350402832
trimmed,none,4,20,rsna_06,False,18.00191307067871
trimmed,none,4,20,rsna_01,False,46.72220230102539
trimmed,none,4,20,rsna_02,False,39.68118667602539
trimmed,none,4,20,rsna_09,False,22.38568687438965
trimmed,none,4,20,rsna_10,False,19.46761703491211
trimmed,none,4,20,rsna_03,False,25.24022674560547
trimmed,none,4,20,kerm_04,False,21.525386810302734
trimmed,none,4,20,kerm_05,False,24.695117950439453
trimmed,none,4,20,kerm_07,False,26.377309799194336
trimmed,none,4,20,rsna_05,False,21.662059783935547
trimmed,none,4,20,kerm_06,False,25.843250274658203
trimmed,none,4,20,kerm_03,False,21.894800186157227
trimmed,none,4,21,kerm_06,False,19.90424919128418
trimmed,none,4,21,rsna_11,False,24.354122161865234
trimmed,none,4,21,rsna_10,False,27.30764389038086
trimmed,none,4,21,rsna_08,False,28.54294776916504
trimmed,none,4,21,kerm_08,False,25.75161361694336
trimmed,none,4,21,rsna_05,False,25.522409439086914
trimmed,none,4,21,kerm_01,False,29.33309555053711
trimmed,none,4,21,rsna_07,False,26.792076110839844
trimmed,none,4,21,rsna_02,False,27.896455764770508
trimmed,none,4,21,rsna_06,False,21.834707260131836
trimmed,none,4,21,rsna_09,False,20.106340408325195
trimmed,none,4,21,kerm_03,False,23.613134384155273
trimmed,none,4,21,rsna_01,False,29.06439208984375
trimmed,none,4,21,kerm_07,False,26.406789779663086
trimmed,none,4,21,rsna_12,False,22.763906478881836
trimmed,none,4,22,rsna_06,False,35.738616943359375
trimmed,none,4,22,rsna_08,False,30.9588623046875
trimmed,none,4,22,rsna_09,False,21.84183692932129
trimmed,none,4,22,rsna_12,False,20.77497673034668
trimmed,none,4,22,rsna_03,False,30.24884605407715
trimmed,none,4,22,kerm_03,False,22.51631736755371
trimmed,none,4,22,rsna_07,False,24.74000358581543
trimmed,none,4,22,kerm_07,False,24.923961639404297
trimmed,none,4,22,kerm_04,False,23.515058517456055
trimmed,none,4,22,kerm_01,False,28.940025329589844
trimmed,none,4,22,rsna_02,False,40.993167877197266
trimmed,none,4,22,kerm_06,False,25.512624740600586
trimmed,none,4,22,rsna_05,False,20.919910430908203
trimmed,none,4,22,kerm_08,False,29.535573959350586
trimmed,none,4,22,kerm_05,False,23.010696411132812
trimmed,none,4,23,rsna_08,False,24.787578582763672
trimmed,none,4,23,rsna_11,False,20.442089080810547
trimmed,none,4,23,rsna_05,False,31.65670394897461
trimmed,none,4,23,kerm_07,False,26.491588592529297
trimmed,none,4,23,kerm_03,False,25.102405548095703
trimmed,none,4,23,rsna_09,False,18.4342098236084
trimmed,none,4,23,kerm_06,False,21.39335823059082
trimmed,none,4,23,rsna_07,False,27.830533981323242
trimmed,none,4,23,rsna_10,False,28.173141479492188
trimmed,none,4,23,rsna_12,False,27.03127098083496
trimmed,none,4,23,rsna_04,False,27.829057693481445
trimmed,none,4,23,rsna_01,False,34.49061965942383
trimmed,none,4,23,rsna_02,False,28.998212814331055
trimmed,none,4,23,rsna_03,False,31.044143676757812
trimmed,none,4,23,kerm_08,False,25.517391204833984
trimmed,none,4,24,kerm_08,False,30.750930786132812
trimmed,none,4,24,rsna_02,False,41.37117004394531
trimmed,none,4,24,kerm_05,False,22.97462272644043
trimmed,none,4,24,rsna_08,False,23.236772537231445
trimmed,none,4,24,rsna_07,False,32.20076370239258
trimmed,none,4,24,rsna_09,False,22.463775634765625
trimmed,none,4,24,kerm_01,False,41.17121505737305
trimmed,none,4,24,kerm_02,False,33.85951614379883
trimmed,none,4,24,rsna_12,False,28.91266632080078
trimmed,none,4,24,rsna_01,False,44.73874282836914
trimmed,none,4,24,rsna_03,False,38.685638427734375
trimmed,none,4,24,rsna_05,False,24.013193130493164
trimmed,none,4,24,rsna_06,False,23.266338348388672
trimmed,none,4,24,rsna_04,False,28.524673461914062
trimmed,none,4,24,kerm_03,False,20.811147689819336
trimmed,none,4,25,rsna_09,False,22.842750549316406
trimmed,none,4,25,rsna_10,False,40.33013153076172
trimmed,none,4,25,rsna_06,False,26.956266403198242
trimmed,none,4,25,rsna_03,False,39.3749885559082
trimmed,none,4,25,rsna_07,False,19.804672241210938
trimmed,none,4,25,kerm_01,False,23.454370498657227
trimmed,none,4,25,rsna_12,False,26.53697395324707
trimmed,none,4,25,kerm_02,False,37.477149963378906
trimmed,none,4,25,rsna_04,False,22.822893142700195
trimmed,none,4,25,rsna_01,False,34.31338119506836
trimmed,none,4,25,rsna_08,False,24.324134826660156
trimmed,none,4,25,kerm_05,False,26.81191635131836
trimmed,none,4,25,kerm_07,False,30.24201202392578
trimmed,none,4,25,kerm_06,False,34.39616775512695
trimmed,none,4,25,rsna_02,False,25.8173828125
trimmed,none,4,26,kerm_02,False,22.115144729614258
trimmed,none,4,26,rsna_10,False,21.595346450805664
trimmed,none,4,26,rsna_06,False,23.250944137573242
trimmed,none,4,26,rsna_12,False,23.476768493652344
trimmed,none,4,26,kerm_05,False,32.022254943847656
trimmed,none,4,26,rsna_08,False,36.179931640625
trimmed,none,4,26,rsna_07,False,33.391822814941406
trimmed,none,4,26,rsna_03,False,27.630403518676758
trimmed,none,4,26,rsna_04,False,30.099239349365234
trimmed,none,4,26,kerm_08,False,30.450693130493164
trimmed,none,4,26,kerm_01,False,24.775373458862305
trimmed,none,4,26,kerm_07,False,29.051494598388672
trimmed,none,4,26,rsna_05,False,26.607662200927734
trimmed,none,4,26,rsna_11,False,21.38344383239746
trimmed,none,4,26,rsna_09,False,20.988149642944336
trimmed,none,4,27,rsna_06,False,19.87556266784668
trimmed,none,4,27,rsna_01,False,37.87546157836914
trimmed,none,4,27,rsna_04,False,32.08744430541992
trimmed,none,4,27,kerm_08,False,31.861555099487305
trimmed,none,4,27,rsna_11,False,51.05059814453125
trimmed,none,4,27,rsna_08,False,28.385160446166992
trimmed,none,4,27,rsna_10,False,30.319202423095703
trimmed,none,4,27,rsna_02,False,40.91221618652344
trimmed,none,4,27,kerm_02,False,22.652437210083008
trimmed,none,4,27,kerm_01,False,25.370643615722656
trimmed,none,4,27,rsna_03,False,28.444353103637695
trimmed,none,4,27,kerm_06,False,39.031917572021484
trimmed,none,4,27,kerm_03,False,24.666332244873047
trimmed,none,4,27,rsna_12,False,24.764083862304688
trimmed,none,4,27,rsna_05,False,28.130325317382812
trimmed,none,4,28,kerm_06,False,30.72878074645996
trimmed,none,4,28,rsna_02,False,26.252765655517578
trimmed,none,4,28,rsna_12,False,37.22502517700195
trimmed,none,4,28,rsna_06,False,22.652427673339844
trimmed,none,4,28,rsna_03,False,32.86359405517578
trimmed,none,4,28,rsna_01,False,28.18825340270996
trimmed,none,4,28,kerm_01,False,23.761856079101562
trimmed,none,4,28,rsna_04,False,24.414901733398438
trimmed,none,4,28,rsna_10,False,21.564895629882812
trimmed,none,4,28,rsna_05,False,28.245555877685547
trimmed,none,4,28,kerm_07,False,30.215007781982422
trimmed,none,4,28,kerm_08,False,35.99677658081055
trimmed,none,4,28,kerm_02,False,23.421510696411133
trimmed,none,4,28,rsna_08,False,40.029762268066406
trimmed,none,4,28,rsna_11,False,24.743131637573242
trimmed,none,4,29,kerm_01,False,29.901784896850586
trimmed,none,4,29,kerm_06,False,25.23209571838379
trimmed,none,4,29,kerm_02,False,23.587772369384766
trimmed,none,4,29,rsna_11,False,28.75880241394043
trimmed,none,4,29,rsna_10,False,27.453414916992188
trimmed,none,4,29,rsna_04,False,31.494626998901367
trimmed,none,4,29,rsna_05,False,28.796649932861328
trimmed,none,4,29,rsna_12,False,24.575273513793945
trimmed,none,4,29,kerm_03,False,31.102828979492188
trimmed,none,4,29,rsna_07,False,28.093137741088867
trimmed,none,4,29,rsna_08,False,30.634218215942383
trimmed,none,4,29,rsna_01,False,32.73392105102539
trimmed,none,4,29,rsna_06,False,35.4200553894043
trimmed,none,4,29,kerm_04,False,25.16843605041504
trimmed,none,4,29,kerm_08,False,35.983402252197266
trimmed,none,4,30,rsna_08,False,19.770614624023438
trimmed,none,4,30,rsna_10,False,23.937610626220703
trimmed,none,4,30,rsna_05,False,30.567012786865234
trimmed,none,4,30,rsna_02,False,29.832378387451172
trimmed,none,4,30,kerm_03,False,36.07617950439453
trimmed,none,4,30,rsna_04,False,67.14225006103516
trimmed,none,4,30,rsna_12,False,19.096004486083984
trimmed,none,4,30,rsna_09,False,22.446941375732422
trimmed,none,4,30,kerm_02,False,43.34823226928711
trimmed,none,4,30,kerm_01,False,31.760141372680664
trimmed,none,4,30,kerm_05,False,24.54501724243164
trimmed,none,4,30,rsna_07,False,31.166736602783203
trimmed,none,4,30,rsna_06,False,24.79159927368164
trimmed,none,4,30,rsna_03,False,36.84699249267578
trimmed,none,4,30,rsna_11,False,21.613933563232422
trimmed,stealthy,0,1,kerm_03,False,22.675161361694336
trimmed,stealthy,0,1,kerm_05,False,22.583099365234375
trimmed,stealthy,0,1,rsna_08,False,22.604764938354492
trimmed,stealthy,0,1,rsna_11,False,22.102195739746094
trimmed,stealthy,0,1,kerm_04,False,22.470598220825195
trimmed,stealthy,0,1,rsna_07,False,23.213516235351562
trimmed,stealthy,0,1,kerm_06,False,22.593978881835938
trimmed,stealthy,0,1,kerm_01,False,23.626413345336914
trimmed,stealthy,0,1,rsna_02,False,22.82900619506836
trimmed,stealthy,0,1,kerm_08,False,22.98975372314453
trimmed,stealthy,0,1,rsna_12,False,22.653400421142578
trimmed,stealthy,0,1,rsna_04,False,22.91468620300293
trimmed,stealthy,0,1,rsna_05,False,22.801197052001953
trimmed,stealthy,0,1,rsna_06,False,23.003643035888672
trimmed,stealthy,0,1,rsna_03,False,23.262489318847656
trimmed,stealthy,0,2,kerm_03,False,16.795942306518555
trimmed,stealthy,0,2,rsna_08,False,18.360328674316406
trimmed,stealthy,0,2,kerm_06,False,16.722753524780273
trimmed,stealthy,0,2,rsna_06,False,18.223773956298828
trimmed,stealthy,0,2,rsna_01,False,20.25381088256836
trimmed,stealthy,0,2,rsna_03,False,18.925270080566406
trimmed,stealthy,0,2,rsna_09,False,18.703710556030273
trimmed,stealthy,0,2,kerm_01,False,18.08430290222168
trimmed,stealthy,0,2,rsna_11,False,18.349666595458984
trimmed,stealthy,0,2,rsna_10,False,17.925493240356445
trimmed,stealthy,0,2,kerm_02,False,17.092178344726562
trimmed,stealthy,0,2,rsna_05,False,18.56316566467285
trimmed,stealthy,0,2,kerm_07,False,17.92420768737793
trimmed,stealthy,0,2,kerm_08,False,17.441598892211914
trimmed,stealthy,0,2,kerm_05,False,17.53874969482422
trimmed,stealthy,0,3,rsna_10,False,18.296958923339844
trimmed,stealthy,0,3,rsna_06,False,18.816638946533203
trimmed,stealthy,0,3,rsna_04,False,19.572101593017578
trimmed,stealthy,0,3,kerm_07,False,18.43232536315918
trimmed,stealthy,0,3,rsna_12,False,18.998191833496094
trimmed,stealthy,0,3,kerm_05,False,17.830671310424805
trimmed,stealthy,0,3,kerm_08,False,18.583303451538086
trimmed,stealthy,0,3,rsna_07,False,17.774789810180664
trimmed,stealthy,0,3,rsna_01,False,24.9854679107666
trimmed,stealthy,0,3,rsna_03,False,19.511211395263672
trimmed,stealthy,0,3,rsna_11,False,18.959640502929688
trimmed,stealthy,0,3,kerm_06,False,18.383174896240234
trimmed,stealthy,0,3,rsna_09,False,17.675315856933594
trimmed,stealthy,0,3,rsna_08,False,17.829360961914062
trimmed,stealthy,0,3,kerm_02,False,16.70210838317871
trimmed,stealthy,0,4,rsna_03,False,20.632051467895508
trimmed,stealthy,0,4,kerm_08,False,19.367944717407227
trimmed,stealthy,0,4,rsna_05,False,20.618087768554688
trimmed,stealthy,0,4,kerm_06,False,18.260498046875
trimmed,stealthy,0,4,rsna_06,False,19.695438385009766
trimmed,stealthy,0,4,kerm_01,False,19.100961685180664
trimmed,stealthy,0,4,rsna_08,False,18.839488983154297
trimmed,stealthy,0,4,kerm_04,False,18.885433197021484
trimmed,stealthy,0,4,rsna_04,False,20.03762435913086
trimmed,stealthy,0,4,kerm_07,False,20.38737678527832
trimmed,stealthy,0,4,kerm_03,False,17.271697998046875
trimmed,stealthy,0,4,rsna_07,False,18.805801391601562
trimmed,stealthy,0,4,kerm_02,False,17.703807830810547
trimmed,stealthy,0,4,rsna_01,False,22.736675262451172
trimmed,stealthy,0,4,rsna_02,False,24.267061233520508
trimmed,stealthy,0,5,kerm_02,False,16.722002029418945
trimmed,stealthy,0,5,rsna_04,False,20.465917587280273
trimmed,stealthy,0,5,rsna_11,False,20.241453170776367
trimmed,stealthy,0,5,kerm_06,False,22.955005645751953
trimmed,stealthy,0,5,kerm_03,False,18.632410049438477
trimmed,stealthy,0,5,rsna_06,False,19.63370704650879
trimmed,stealthy,0,5,rsna_09,False,18.631864547729492
trimmed,stealthy,0,5,rsna_03,False,20.896883010864258
trimmed,stealthy,0,5,kerm_01,False,17.096359252929688
trimmed,stealthy,0,5,kerm_05,False,18.971765518188477
trimmed,stealthy,0,5,rsna_12,False,19.954784393310547
trimmed,stealthy,0,5,rsna_07,False,19.370561599731445
trimmed,stealthy,0,5,kerm_07,False,21.626808166503906
trimmed,stealthy,0,5,rsna_10,False,18.66891098022461
trimmed,stealthy,0,5,rsna_02,False,19.700319290161133
trimmed,stealthy,0,6,rsna_05,False,20.62799072265625
trimmed,stealthy,0,6,rsna_11,False,19.297611236572266
trimmed,stealthy,0,6,kerm_02,False,16.989469528198242
trimmed,stealthy,0,6,rsna_07,False,19.114072799682617
trimmed,stealthy,0,6,kerm_04,False,19.00602912902832
trimmed,stealthy,0,6,rsna_01,False,22.43613624572754
trimmed,stealthy,0,6,kerm_03,False,18.86696434020996
trimmed,stealthy,0,6,kerm_06,False,21.412858963012695
trimmed,stealthy,0,6,kerm_08,False,20.586915969848633
trimmed,stealthy,0,6,rsna_03,False,21.325054168701172
trimmed,stealthy,0,6,kerm_05,False,22.582592010498047
trimmed,stealthy,0,6,rsna_02,False,24.208660125732422
trimmed,stealthy,0,6,kerm_01,False,18.248659133911133
trimmed,stealthy,0,6,rsna_08,False,18.924541473388672
trimmed,stealthy,0,6,rsna_10,False,18.971160888671875
trimmed,stealthy,0,7,rsna_07,False,18.889972686767578
trimmed,stealthy,0,7,rsna_01,False,27.036191940307617
trimmed,stealthy,0,7,rsna_08,False,18.27391242980957
trimmed,stealthy,0,7,kerm_06,False,19.183414459228516
trimmed,stealthy,0,7,rsna_09,False,18.23581886291504
trimmed,stealthy,0,7,rsna_05,False,20.276317596435547
trimmed,stealthy,0,7,rsna_04,False,19.776304244995117
trimmed,stealthy,0,7,kerm_02,False,17.109010696411133
trimmed,stealthy,0,7,rsna_06,False,19.112045288085938
trimmed,stealthy,0,7,rsna_03,False,20.46461296081543
trimmed,stealthy,0,7,kerm_07,False,20.417484283447266
trimmed,stealthy,0,7,rsna_02,False,22.720998764038086
trimmed,stealthy,0,7,kerm_03,False,18.037912368774414
trimmed,stealthy,0,7,kerm_01,False,17.549179077148438
trimmed,stealthy,0,7,rsna_12,False,19.933795928955078
trimmed,stealthy,0,8,kerm_04,False,22.69634246826172
trimmed,stealthy,0,8,kerm_07,False,25.218965530395508
trimmed,stealthy,0,8,rsna_02,False,20.317697525024414
trimmed,stealthy,0,8,rsna_01,False,24.412841796875
trimmed,stealthy,0,8,kerm_03,False,19.279695510864258
trimmed,stealthy,0,8,rsna_07,False,18.521799087524414
trimmed,stealthy,0,8,kerm_01,False,17.660123825073242
trimmed,stealthy,0,8,rsna_11,False,19.538782119750977
trimmed,stealthy,0,8,rsna_06,False,20.894289016723633
trimmed,stealthy,0,8,kerm_02,False,18.878734588623047
trimmed,stealthy,0,8,rsna_03,False,19.529821395874023
trimmed,stealthy,0,8,kerm_06,False,21.794696807861328
trimmed,stealthy,0,8,kerm_08,False,26.887779235839844
trimmed,stealthy,0,8,rsna_08,False,19.084997177124023
trimmed,stealthy,0,8,rsna_09,False,18.872501373291016
trimmed,stealthy,0,9,rsna_07,False,19.20267677307129
trimmed,stealthy,0,9,kerm_08,False,21.272663116455078
trimmed,stealthy,0,9,kerm_05,False,18.00054168701172
trimmed,stealthy,0,9,rsna_09,False,18.088747024536133
trimmed,stealthy,0,9,rsna_02,False,24.047351837158203
trimmed,stealthy,0,9,kerm_06,False,23.126644134521484
trimmed,stealthy,0,9,rsna_12,False,19.203432083129883
trimmed,stealthy,0,9,kerm_07,False,22.20170021057129
trimmed,stealthy,0,9,rsna_05,False,23.384723663330078
trimmed,stealthy,0,9,rsna_11,False,19.75200843811035
trimmed,stealthy,0,9,kerm_03,False,18.64163589477539
trimmed,stealthy,0,9,rsna_08,False,18.612611770629883
trimmed,stealthy,0,9,kerm_01,False,18.995943069458008
trimmed,stealthy,0,9,kerm_04,False,18.179567337036133
trimmed,stealthy,0,9,rsna_06,False,21.67775535583496
trimmed,stealthy,0,10,kerm_07,False,20.884437561035156
trimmed,stealthy,0,10,rsna_01,False,25.84309196472168
trimmed,stealthy,0,10,rsna_10,False,18.345699310302734
trimmed,stealthy,0,10,rsna_04,False,20.65652847290039
trimmed,stealthy,0,10,kerm_06,False,18.841773986816406
trimmed,stealthy,0,10,rsna_07,False,19.759517669677734
trimmed,stealthy,0,10,rsna_05,False,23.99422836303711
trimmed,stealthy,0,10,rsna_09,False,18.55030059814453
trimmed,stealthy,0,10,kerm_05,False,18.4155216217041
trimmed,stealthy,0,10,kerm_01,False,20.139928817749023
trimmed,stealthy,0,10,kerm_04,False,19.28485107421875
trimmed,stealthy,0,10,rsna_02,False,27.086803436279297
trimmed,stealthy,0,10,rsna_06,False,21.009889602661133
trimmed,stealthy,0,10,rsna_11,False,18.343690872192383
trimmed,stealthy,0,10,rsna_08,False,18.865520477294922
trimmed,stealthy,0,11,kerm_03,False,18.335477828979492
trimmed,stealthy,0,11,kerm_02,False,18.971111297607422
trimmed,stealthy,0,11,kerm_08,False,21.990690231323242
trimmed,stealthy,0,11,rsna_05,False,18.53690528869629
trimmed,stealthy,0,11,kerm_01,False,19.359094619750977
trimmed,stealthy,0,11,kerm_06,False,19.391311645507812
trimmed,stealthy,0,11,rsna_10,False,19.160612106323242
trimmed,stealthy,0,11,rsna_02,False,26.115880966186523
trimmed,stealthy,0,11,rsna_09,False,18.49856948852539
trimmed,stealthy,0,11,rsna_07,False,17.95223617553711
trimmed,stealthy,0,11,rsna_11,False,18.883142471313477
trimmed,stealthy,0,11,rsna_04,False,19.490434646606445
trimmed,stealthy,0,11,rsna_06,False,18.022985458374023
trimmed,stealthy,0,11,rsna_01,False,24.762903213500977
trimmed,stealthy,0,11,kerm_07,False,21.69679832458496
trimmed,stealthy,0,12,kerm_06,False,19.798124313354492
trimmed,stealthy,0,12,rsna_12,False,18.123184204101562
trimmed,stealthy,0,12,kerm_01,False,23.67007827758789
trimmed,stealthy,0,12,rsna_09,False,18.550682067871094
trimmed,stealthy,0,12,rsna_01,False,29.320337295532227
trimmed,stealthy,0,12,rsna_11,False,18.813920974731445
trimmed,stealthy,0,12,kerm_05,False,22.19415855407715
trimmed,stealthy,0,12,kerm_08,False,21.30040168762207
trimmed,stealthy,0,12,rsna_07,False,17.917682647705078
trimmed,stealthy,0,12,rsna_03,False,19.685510635375977
trimmed,stealthy,0,12,kerm_04,False,20.09048843383789
trimmed,stealthy,0,12,rsna_05,False,20.023496627807617
trimmed,stealthy,0,12,rsna_06,False,18.4180908203125
trimmed,stealthy,0,12,rsna_10,False,18.4728946685791
trimmed,stealthy,0,12,kerm_07,False,20.9205379486084
trimmed,stealthy,0,13,rsna_07,False,20.665115356445312
trimmed,stealthy,0,13,rsna_03,False,22.44108772277832
trimmed,stealthy,0,13,kerm_03,False,19.534090042114258
trimmed,stealthy,0,13,rsna_12,False,21.6013240814209
trimmed,stealthy,0,13,rsna_08,False,20.195194244384766
trimmed,stealthy,0,13,rsna_02,False,22.417238235473633
trimmed,stealthy,0,13,rsna_09,False,17.905315399169922
trimmed,stealthy,0,13,rsna_06,False,18.294296264648438
trimmed,stealthy,0,13,rsna_04,False,20.09328269958496
trimmed,stealthy,0,13,kerm_02,False,21.163284301757812
trimmed,stealthy,0,13,rsna_11,False,20.497236251831055
trimmed,stealthy,0,13,rsna_10,False,19.267587661743164
trimmed,stealthy,0,13,kerm_07,False,20.95197868347168
trimmed,stealthy,0,13,rsna_05,False,19.859363555908203
trimmed,stealthy,0,13,kerm_08,False,21.927082061767578
trimmed,stealthy,0,14,rsna_10,False,19.546010971069336
trimmed,stealthy,0,14,kerm_08,False,26.88348960876465
trimmed,stealthy,0,14,rsna_01,False,23.747535705566406
trimmed,stealthy,0,14,kerm_01,False,19.030006408691406
trimmed,stealthy,0,14,kerm_07,False,28.839780807495117
trimmed,stealthy,0,14,kerm_05,False,20.71318817138672
trimmed,stealthy,0,14,rsna_12,False,20.06319808959961
trimmed,stealthy,0,14,rsna_08,False,17.64999771118164
trimmed,stealthy,0,14,kerm_02,False,21.51555633544922
trimmed,stealthy,0,14,rsna_09,False,21.222848892211914
trimmed,stealthy,0,14,rsna_06,False,18.551332473754883
trimmed,stealthy,0,14,rsna_07,False,16.997512817382812
trimmed,stealthy,0,14,rsna_02,False,24.674863815307617
trimmed,stealthy,0,14,kerm_04,False,22.480634689331055
trimmed,stealthy,0,14,rsna_04,False,21.141422271728516
trimmed,stealthy,0,15,rsna_12,True,24.595874786376953
trimmed,stealthy,0,15,rsna_08,False,18.566301345825195
trimmed,stealthy,0,15,rsna_10,False,19.323564529418945
trimmed,stealthy,0,15,rsna_01,False,25.111812591552734
trimmed,stealthy,0,15,rsna_03,False,23.779647827148438
trimmed,stealthy,0,15,rsna_09,False,19.04194450378418
trimmed,stealthy,0,15,kerm_02,False,20.400310516357422
trimmed,stealthy,0,15,rsna_05,False,20.772375106811523
trimmed,stealthy,0,15,kerm_07,False,23.03297996520996
trimmed,stealthy,0,15,kerm_04,False,19.399084091186523
trimmed,stealthy,0,15,rsna_07,False,20.561094284057617
trimmed,stealthy,0,15,rsna_11,False,22.407264709472656
trimmed,stealthy,0,15,rsna_06,False,19.127328872680664
trimmed,stealthy,0,15,kerm_06,False,23.15282440185547
trimmed,stealthy,0,15,rsna_02,False,25.227415084838867
trimmed,stealthy,0,16,rsna_12,True,25.336650848388672
trimmed,stealthy,0,16,rsna_09,False,17.389324188232422
trimmed,stealthy,0,16,rsna_03,False,19.937461853027344
trimmed,stealthy,0,16,rsna_02,False,23.337507247924805
trimmed,stealthy,0,16,rsna_10,False,20.812891006469727
trimmed,stealthy,0,16,kerm_02,False,24.00564956665039
trimmed,stealthy,0,16,kerm_05,False,22.099008560180664
trimmed,stealthy,0,16,rsna_11,False,20.163251876831055
trimmed,stealthy,0,16,rsna_01,False,22.58558464050293
trimmed,stealthy,0,16,rsna_06,False,18.983945846557617
trimmed,stealthy,0,16,rsna_04,False,20.993736267089844
trimmed,stealthy,0,16,rsna_05,False,24.884260177612305
trimmed,stealthy,0,16,kerm_03,False,21.17915153503418
trimmed,stealthy,0,16,kerm_04,False,21.0859432220459
trimmed,stealthy,0,16,kerm_06,False,20.588592529296875
trimmed,stealthy,0,17,rsna_12,True,28.60863494873047
trimmed,stealthy,0,17,rsna_01,False,23.264253616333008
trimmed,stealthy,0,17,kerm_02,False,24.47625732421875
trimmed,stealthy,0,17,kerm_08,False,25.554235458374023
trimmed,stealthy,0,17,kerm_01,False,27.39512825012207
trimmed,stealthy,0,17,rsna_03,False,20.43523597717285
trimmed,stealthy,0,17,rsna_04,False,20.139537811279297
trimmed,stealthy,0,17,kerm_05,False,22.598186492919922
trimmed,stealthy,0,17,rsna_02,False,26.087095260620117
trimmed,stealthy,0,17,kerm_04,False,19.290151596069336
trimmed,stealthy,0,17,rsna_10,False,22.070329666137695
trimmed,stealthy,0,17,kerm_06,False,21.44620704650879
trimmed,stealthy,0,17,rsna_09,False,21.497333526611328
trimmed,stealthy,0,17,rsna_11,False,26.50094223022461
trimmed,stealthy,0,17,rsna_08,False,19.295434951782227
trimmed,stealthy,0,18,rsna_12,True,23.283296585083008
trimmed,stealthy,0,18,rsna_11,False,20.88724708557129
trimmed,stealthy,0,18,rsna_06,False,20.846399307250977
trimmed,stealthy,0,18,rsna_02,False,24.995576858520508
trimmed,stealthy,0,18,kerm_06,False,31.670347213745117
trimmed,stealthy,0,18,kerm_02,False,26.046926498413086
trimmed,stealthy,0,18,kerm_07,False,25.52525520324707
trimmed,stealthy,0,18,kerm_03,False,23.8787841796875
trimmed,stealthy,0,18,rsna_08,False,17.601470947265625
trimmed,stealthy,0,18,rsna_09,False,19.306373596191406
trimmed,stealthy,0,18,rsna_07,False,20.78468132019043
trimmed,stealthy,0,18,rsna_05,False,24.02082633972168
trimmed,stealthy,0,18,kerm_04,False,18.91409683227539
trimmed,stealthy,0,18,kerm_08,False,24.722318649291992
trimmed,stealthy,0,18,rsna_01,False,25.690330505371094
trimmed,stealthy,0,19,rsna_12,True,25.91305923461914
trimmed,stealthy,0,19,kerm_01,False,22.19447898864746
trimmed,stealthy,0,19,rsna_05,False,18.83773422241211
trimmed,stealthy,0,19,rsna_01,False,29.435619354248047
trimmed,stealthy,0,19,rsna_04,False,20.053979873657227
trimmed,stealthy,0,19,kerm_07,False,23.110130310058594
trimmed,stealthy,0,19,rsna_11,False,20.49310874938965
trimmed,stealthy,0,19,kerm_06,False,22.94014549255371
trimmed,stealthy,0,19,rsna_06,False,24.397279739379883
trimmed,stealthy,0,19,kerm_05,False,18.56251335144043
trimmed,stealthy,0,19,rsna_08,False,19.896923065185547
trimmed,stealthy,0,19,rsna_10,False,18.196393966674805
trimmed,stealthy,0,19,rsna_02,False,25.978479385375977
trimmed,stealthy,0,19,kerm_04,False,18.155595779418945
trimmed,stealthy,0,19,rsna_03,False,21.632844924926758
trimmed,stealthy,0,20,rsna_12,True,30.09882926940918
trimmed,stealthy,0,20,kerm_03,False,23.938425064086914
trimmed,stealthy,0,20,rsna_11,False,20.663549423217773
trimmed,stealthy,0,20,kerm_05,False,21.000320434570312
trimmed,stealthy,0,20,rsna_01,False,23.484912872314453
trimmed,stealthy,0,20,kerm_07,False,22.87818717956543
trimmed,stealthy,0,20,rsna_08,False,18.096187591552734
trimmed,stealthy,0,20,rsna_04,False,20.63709831237793
trimmed,stealthy,0,20,rsna_10,False,20.84400749206543
trimmed,stealthy,0,20,kerm_02,False,26.636775970458984
trimmed,stealthy,0,20,kerm_01,False,26.356992721557617
trimmed,stealthy,0,20,kerm_04,False,24.58186149597168
trimmed,stealthy,0,20,rsna_09,False,20.733713150024414
trimmed,stealthy,0,20,rsna_02,False,23.73296356201172
trimmed,stealthy,0,20,rsna_03,False,25.41071891784668
trimmed,stealthy,0,21,rsna_12,True,29.868244171142578
trimmed,stealthy,0,21,rsna_05,False,24.911027908325195
trimmed,stealthy,0,21,rsna_02,False,23.434080123901367
trimmed,stealthy,0,21,rsna_07,False,18.403100967407227
trimmed,stealthy,0,21,rsna_06,False,20.75981330871582
trimmed,stealthy,0,21,rsna_04,False,27.499557495117188
trimmed,stealthy,0,21,kerm_07,False,28.00481605529785
trimmed,stealthy,0,21,kerm_08,False,26.36185073852539
trimmed,stealthy,0,21,rsna_08,False,22.365169525146484
trimmed,stealthy,0,21,rsna_01,False,24.739871978759766
trimmed,stealthy,0,21,rsna_11,False,22.71976661682129
trimmed,stealthy,0,21,rsna_09,False,24.094087600708008
trimmed,stealthy,0,21,kerm_04,False,19.891311645507812
trimmed,stealthy,0,21,kerm_02,False,22.284841537475586
trimmed,stealthy,0,21,kerm_05,False,18.840538024902344
trimmed,stealthy,0,22,rsna_12,True,22.273836135864258
trimmed,stealthy,0,22,rsna_11,False,20.979108810424805
trimmed,stealthy,0,22,kerm_06,False,21.236997604370117
trimmed,stealthy,0,22,kerm_01,False,22.675729751586914
trimmed,stealthy,0,22,rsna_01,False,25.978464126586914
trimmed,stealthy,0,22,rsna_10,False,24.328733444213867
trimmed,stealthy,0,22,rsna_09,False,22.29764175415039
trimmed,stealthy,0,22,kerm_04,False,21.773178100585938
trimmed,stealthy,0,22,rsna_03,False,23.783300399780273
trimmed,stealthy,0,22,kerm_08,False,29.2833309173584
trimmed,stealthy,0,22,kerm_07,False,25.245092391967773
trimmed,stealthy,0,22,rsna_06,False,20.68400764465332
trimmed,stealthy,0,22,rsna_07,False,25.159133911132812
trimmed,stealthy,0,22,kerm_03,False,21.138416290283203
trimmed,stealthy,0,22,rsna_05,False,19.321746826171875
trimmed,stealthy,0,23,rsna_12,True,22.71050262451172
trimmed,stealthy,0,23,rsna_08,False,20.217105865478516
trimmed,stealthy,0,23,rsna_05,False,19.389787673950195
trimmed,stealthy,0,23,kerm_02,False,28.37965202331543
trimmed,stealthy,0,23,rsna_03,False,28.866294860839844
trimmed,stealthy,0,23,kerm_08,False,23.537322998046875
trimmed,stealthy,0,23,rsna_04,False,25.866731643676758
trimmed,stealthy,0,23,kerm_07,False,23.20572853088379
trimmed,stealthy,0,23,kerm_04,False,20.423564910888672
trimmed,stealthy,0,23,kerm_05,False,18.298702239990234
trimmed,stealthy,0,23,kerm_03,False,23.543548583984375
trimmed,stealthy,0,23,rsna_07,False,19.118711471557617
trimmed,stealthy,0,23,rsna_09,False,18.475553512573242
trimmed,stealthy,0,23,kerm_06,False,21.761253356933594
trimmed,stealthy,0,23,rsna_11,False,20.451820373535156
trimmed,stealthy,0,24,rsna_12,True,23.05549430847168
trimmed,stealthy,0,24,kerm_07,False,28.873268127441406
trimmed,stealthy,0,24,rsna_05,False,23.615678787231445
trimmed,stealthy,0,24,rsna_08,False,19.513221740722656
trimmed,stealthy,0,24,rsna_10,False,27.37577247619629
trimmed,stealthy,0,24,rsna_07,False,19.391891479492188
trimmed,stealthy,0,24,rsna_06,False,21.610815048217773
trimmed,stealthy,0,24,rsna_02,False,25.522663116455078
trimmed,stealthy,0,24,kerm_02,False,27.067102432250977
trimmed,stealthy,0,24,rsna_03,False,31.773696899414062
trimmed,stealthy,0,24,kerm_05,False,24.21231460571289
trimmed,stealthy,0,24,rsna_09,False,18.811960220336914
trimmed,stealthy,0,24,rsna_01,False,36.261173248291016
trimmed,stealthy,0,24,kerm_06,False,24.02924156188965
trimmed,stealthy,0,24,kerm_03,False,22.928987503051758
trimmed,stealthy,0,25,rsna_12,True,22.435829162597656
trimmed,stealthy,0,25,rsna_03,False,24.041223526000977
trimmed,stealthy,0,25,rsna_10,False,20.423419952392578
trimmed,stealthy,0,25,rsna_04,False,19.24266815185547
trimmed,stealthy,0,25,rsna_06,False,19.3018741607666
trimmed,stealthy,0,25,rsna_09,False,20.374313354492188
trimmed,stealthy,0,25,kerm_06,False,26.062030792236328
trimmed,stealthy,0,25,rsna_08,False,19.253765106201172
trimmed,stealthy,0,25,rsna_11,False,23.355690002441406
trimmed,stealthy,0,25,kerm_01,False,31.047353744506836
trimmed,stealthy,0,25,kerm_02,False,23.757972717285156
trimmed,stealthy,0,25,kerm_07,False,26.95306396484375
trimmed,stealthy,0,25,rsna_05,False,22.014156341552734
trimmed,stealthy,0,25,kerm_05,False,20.472349166870117
trimmed,stealthy,0,25,rsna_02,False,22.801424026489258
trimmed,stealthy,0,26,rsna_12,True,20.554609298706055
trimmed,stealthy,0,26,rsna_09,False,18.15833282470703
trimmed,stealthy,0,26,rsna_03,False,23.734941482543945
trimmed,stealthy,0,26,kerm_01,False,25.92416763305664
trimmed,stealthy,0,26,kerm_03,False,25.584331512451172
trimmed,stealthy,0,26,rsna_05,False,21.156694412231445
trimmed,stealthy,0,26,rsna_04,False,32.774818420410156
trimmed,stealthy,0,26,kerm_02,False,26.238365173339844
trimmed,stealthy,0,26,kerm_06,False,25.679908752441406
trimmed,stealthy,0,26,kerm_08,False,29.031436920166016
trimmed,stealthy,0,26,rsna_06,False,20.670774459838867
trimmed,stealthy,0,26,rsna_07,False,20.84518814086914
trimmed,stealthy,0,26,kerm_05,False,23.55316734313965
trimmed,stealthy,0,26,kerm_07,False,25.14876365661621
trimmed,stealthy,0,26,rsna_02,False,26.018829345703125
trimmed,stealthy,0,27,rsna_12,True,25.606687545776367
trimmed,stealthy,0,27,rsna_07,False,20.94772720336914
trimmed,stealthy,0,27,kerm_02,False,26.930601119995117
trimmed,stealthy,0,27,rsna_01,False,26.896623611450195
trimmed,stealthy,0,27,kerm_07,False,27.982730865478516
trimmed,stealthy,0,27,rsna_11,False,23.9699649810791
trimmed,stealthy,0,27,kerm_01,False,19.9921817779541
trimmed,stealthy,0,27,rsna_08,False,21.79441261291504
trimmed,stealthy,0,27,kerm_04,False,19.132465362548828
trimmed,stealthy,0,27,kerm_03,False,21.52767562866211
trimmed,stealthy,0,27,kerm_05,False,24.1310977935791
trimmed,stealthy,0,27,rsna_06,False,20.163320541381836
trimmed,stealthy,0,27,rsna_05,False,25.563899993896484
trimmed,stealthy,0,27,kerm_06,False,24.271848678588867
trimmed,stealthy,0,27,kerm_08,False,31.385812759399414
trimmed,stealthy,0,28,rsna_12,True,24.535310745239258
trimmed,stealthy,0,28,rsna_10,False,21.048423767089844
trimmed,stealthy,0,28,kerm_05,False,25.677658081054688
trimmed,stealthy,0,28,rsna_03,False,30.8330135345459
trimmed,stealthy,0,28,rsna_01,False,34.75531005859375
trimmed,stealthy,0,28,kerm_08,False,26.25385093688965
trimmed,stealthy,0,28,rsna_07,False,20.009891510009766
trimmed,stealthy,0,28,kerm_06,False,32.708984375
trimmed,stealthy,0,28,rsna_06,False,22.07535743713379
trimmed,stealthy,0,28,kerm_03,False,25.27745246887207
trimmed,stealthy,0,28,rsna_11,False,22.888687133789062
trimmed,stealthy,0,28,kerm_04,False,21.798154830932617
trimmed,stealthy,0,28,kerm_01,False,24.811809539794922
trimmed,stealthy,0,28,rsna_08,False,20.541275024414062
trimmed,stealthy,0,28,kerm_07,False,32.0473747253418
trimmed,stealthy,0,29,rsna_12,True,24.016878128051758
trimmed,stealthy,0,29,rsna_08,False,19.834156036376953
trimmed,stealthy,0,29,kerm_05,False,19.704757690429688
trimmed,stealthy,0,29,rsna_02,False,25.035531997680664
trimmed,stealthy,0,29,rsna_04,False,40.984275817871094
trimmed,stealthy,0,29,rsna_10,False,30.145734786987305
trimmed,stealthy,0,29,kerm_02,False,28.90079689025879
trimmed,stealthy,0,29,kerm_06,False,25.585124969482422
trimmed,stealthy,0,29,kerm_03,False,24.038780212402344
trimmed,stealthy,0,29,kerm_08,False,31.921274185180664
trimmed,stealthy,0,29,rsna_01,False,31.50177001953125
trimmed,stealthy,0,29,kerm_04,False,17.4687557220459
trimmed,stealthy,0,29,rsna_09,False,29.56650733947754
trimmed,stealthy,0,29,rsna_03,False,27.82805633544922
trimmed,stealthy,0,29,rsna_11,False,23.872236251831055
trimmed,stealthy,0,30,rsna_12,True,27.315996170043945
trimmed,stealthy,0,30,rsna_03,False,23.01012420654297
trimmed,stealthy,0,30,kerm_03,False,33.32392883300781
trimmed,stealthy,0,30,rsna_08,False,19.278301239013672
trimmed,stealthy,0,30,kerm_04,False,24.155927658081055
trimmed,stealthy,0,30,kerm_06,False,21.136991500854492
trimmed,stealthy,0,30,rsna_06,False,21.859458923339844
trimmed,stealthy,0,30,kerm_07,False,30.75104331970215
trimmed,stealthy,0,30,rsna_09,False,17.78044319152832
trimmed,stealthy,0,30,rsna_01,False,30.01767349243164
trimmed,stealthy,0,30,rsna_07,False,21.008878707885742
trimmed,stealthy,0,30,rsna_05,False,24.160415649414062
trimmed,stealthy,0,30,rsna_10,False,20.488489151000977
trimmed,stealthy,0,30,rsna_04,False,23.183578491210938
trimmed,stealthy,0,30,rsna_11,False,20.1147403717041
trimmed,stealthy,1,1,rsna_10,False,22.286136627197266
trimmed,stealthy,1,1,rsna_08,False,22.417795181274414
trimmed,stealthy,1,1,kerm_07,False,22.129972457885742
trimmed,stealthy,1,1,kerm_02,False,22.782339096069336
trimmed,stealthy,1,1,kerm_08,False,22.259235382080078
trimmed,stealthy,1,1,kerm_01,False,22.904762268066406
trimmed,stealthy,1,1,rsna_01,False,23.949066162109375
trimmed,stealthy,1,1,rsna_11,False,22.641027450561523
trimmed,stealthy,1,1,kerm_06,False,22.065250396728516
trimmed,stealthy,1,1,rsna_06,False,22.79006576538086
trimmed,stealthy,1,1,kerm_03,False,22.4008731842041
trimmed,stealthy,1,1,kerm_04,False,22.683717727661133
trimmed,stealthy,1,1,rsna_05,False,22.888927459716797
trimmed,stealthy,1,1,kerm_05,False,22.472726821899414
trimmed,stealthy,1,1,rsna_02,False,22.948469161987305
trimmed,stealthy,1,2,kerm_06,False,17.062471389770508
trimmed,stealthy,1,2,rsna_08,False,18.54500961303711
trimmed,stealthy,1,2,rsna_11,False,17.899991989135742
trimmed,stealthy,1,2,rsna_06,False,19.13588523864746
trimmed,stealthy,1,2,rsna_02,False,20.95359992980957
trimmed,stealthy,1,2,rsna_01,False,21.199405670166016
trimmed,stealthy,1,2,kerm_04,False,16.025911331176758
trimmed,stealthy,1,2,kerm_05,False,16.628034591674805
trimmed,stealthy,1,2,kerm_02,False,16.84092903137207
trimmed,stealthy,1,2,kerm_08,False,16.70990753173828
trimmed,stealthy,1,2,kerm_03,False,16.86237907409668
trimmed,stealthy,1,2,rsna_09,False,18.76547622680664
trimmed,stealthy,1,2,kerm_01,False,17.010807037353516
trimmed,stealthy,1,2,rsna_04,False,19.511552810668945
trimmed,stealthy,1,2,rsna_05,False,19.00040626525879
trimmed,stealthy,1,3,rsna_01,False,20.986743927001953
trimmed,stealthy,1,3,kerm_04,False,21.210466384887695
trimmed,stealthy,1,3,kerm_07,False,19.327598571777344
trimmed,stealthy,1,3,rsna_06,False,18.787525177001953
trimmed,stealthy,1,3,rsna_09,False,18.86212921142578
trimmed,stealthy,1,3,rsna_10,False,18.352426528930664
trimmed,stealthy,1,3,kerm_03,False,17.98454475402832
trimmed,stealthy,1,3,rsna_04,False,19.707674026489258
trimmed,stealthy,1,3,rsna_12,False,18.498748779296875
trimmed,stealthy,1,3,kerm_05,False,19.609296798706055
trimmed,stealthy,1,3,rsna_03,False,21.629837036132812
trimmed,stealthy,1,3,rsna_11,False,19.215227127075195
trimmed,stealthy,1,3,kerm_06,False,18.124820709228516
trimmed,stealthy,1,3,rsna_08,False,18.792024612426758
trimmed,stealthy,1,3,kerm_02,False,16.921968460083008
trimmed,stealthy,1,4,kerm_08,False,20.11595344543457
trimmed,stealthy,1,4,rsna_02,False,23.099170684814453
trimmed,stealthy,1,4,rsna_07,False,20.220361709594727
trimmed,stealthy,1,4,rsna_08,False,19.135269165039062
trimmed,stealthy,1,4,rsna_05,False,21.19013023376465
trimmed,stealthy,1,4,kerm_02,False,18.162546157836914
trimmed,stealthy,1,4,kerm_01,False,18.977115631103516
trimmed,stealthy,1,4,kerm_03,False,17.857723236083984
trimmed,stealthy,1,4,kerm_06,False,19.14698028564453
trimmed,stealthy,1,4,rsna_03,False,22.49095344543457
trimmed,stealthy,1,4,rsna_04,False,20.028715133666992
trimmed,stealthy,1,4,kerm_07,False,19.38901138305664
trimmed,stealthy,1,4,rsna_11,False,18.14797592163086
trimmed,stealthy,1,4,rsna_06,False,19.77199363708496
trimmed,stealthy,1,4,rsna_09,False,18.683992385864258
trimmed,stealthy,1,5,kerm_08,False,20.04095458984375
trimmed,stealthy,1,5,kerm_05,False,19.76782989501953
trimmed,stealthy,1,5,kerm_07,False,23.10170555114746
trimmed,stealthy,1,5,rsna_12,False,19.510345458984375
trimmed,stealthy,1,5,kerm_06,False,19.990856170654297
trimmed,stealthy,1,5,kerm_04,False,21.344833374023438
trimmed,stealthy,1,5,rsna_11,False,18.91933822631836
trimmed,stealthy,1,5,rsna_07,False,18.987228393554688
trimmed,stealthy,1,5,rsna_08,False,19.163175582885742
trimmed,stealthy,1,5,rsna_05,False,18.23004150390625
trimmed,stealthy,1,5,kerm_01,False,17.288694381713867
trimmed,stealthy,1,5,rsna_06,False,18.766395568847656
trimmed,stealthy,1,5,kerm_03,False,17.765865325927734
trimmed,stealthy,1,5,rsna_04,False,21.08492660522461
trimmed,stealthy,1,5,rsna_02,False,21.687904357910156
trimmed,stealthy,1,6,rsna_10,False,18.597442626953125
trimmed,stealthy,1,6,rsna_03,False,26.167882919311523
trimmed,stealthy,1,6,rsna_09,False,21.02779769897461
trimmed,stealthy,1,6,kerm_06,False,19.25740623474121
trimmed,stealthy,1,6,rsna_06,False,20.836530685424805
trimmed,stealthy,1,6,rsna_02,False,25.582809448242188
trimmed,stealthy,1,6,kerm_01,False,21.151657104492188
trimmed,stealthy,1,6,rsna_12,False,20.157033920288086
trimmed,stealthy,1,6,rsna_11,False,19.02474021911621
trimmed,stealthy,1,6,rsna_08,False,19.60710906982422
trimmed,stealthy,1,6,rsna_05,False,21.193294525146484
trimmed,stealthy,1,6,kerm_04,False,16.403766632080078
trimmed,stealthy,1,6,rsna_01,False,22.45163917541504
trimmed,stealthy,1,6,rsna_07,False,20.998323440551758
trimmed,stealthy,1,6,kerm_07,False,17.980270385742188
trimmed,stealthy,1,7,rsna_02,False,20.11862564086914
trimmed,stealthy,1,7,rsna_06,False,18.2176570892334
trimmed,stealthy,1,7,rsna_08,False,18.949743270874023
trimmed,stealthy,1,7,kerm_07,False,22.25560760498047
trimmed,stealthy,1,7,rsna_07,False,19.26021385192871
trimmed,stealthy,1,7,kerm_03,False,20.39133071899414
trimmed,stealthy,1,7,kerm_08,False,23.598316192626953
trimmed,stealthy,1,7,kerm_01,False,19.636205673217773
trimmed,stealthy,1,7,rsna_10,False,19.17572593688965
trimmed,stealthy,1,7,rsna_05,False,18.703121185302734
trimmed,stealthy,1,7,kerm_02,False,19.916318893432617
trimmed,stealthy,1,7,rsna_11,False,20.18413543701172
trimmed,stealthy,1,7,rsna_03,False,21.447246551513672
trimmed,stealthy,1,7,rsna_01,False,20.770280838012695
trimmed,stealthy,1,7,kerm_04,False,20.99182891845703
trimmed,stealthy,1,8,rsna_10,False,19.600948333740234
trimmed,stealthy,1,8,kerm_01,False,20.891210556030273
trimmed,stealthy,1,8,rsna_08,False,20.09324836730957
trimmed,stealthy,1,8,kerm_04,False,18.787275314331055
trimmed,stealthy,1,8,rsna_07,False,19.696508407592773
trimmed,stealthy,1,8,rsna_02,False,26.364112854003906
trimmed,stealthy,1,8,rsna_04,False,23.574087142944336
trimmed,stealthy,1,8,kerm_08,False,21.428485870361328
trimmed,stealthy,1,8,kerm_05,False,21.287307739257812
trimmed,stealthy,1,8,kerm_03,False,16.85567283630371
trimmed,stealthy,1,8,rsna_09,False,21.9788761138916
trimmed,stealthy,1,8,rsna_11,False,18.98591423034668
trimmed,stealthy,1,8,rsna_12,False,23.066377639770508
trimmed,stealthy,1,8,rsna_01,False,22.838722229003906
trimmed,stealthy,1,8,kerm_07,False,20.59388542175293
trimmed,stealthy,1,9,rsna_05,False,21.759687423706055
trimmed,stealthy,1,9,rsna_08,False,22.355955123901367
trimmed,stealthy,1,9,rsna_11,False,18.8049373626709
trimmed,stealthy,1,9,kerm_06,False,19.45302963256836
trimmed,stealthy,1,9,rsna_07,False,21.191062927246094
trimmed,stealthy,1,9,kerm_08,False,21.03536605834961
trimmed,stealthy,1,9,rsna_01,False,24.584854125976562
trimmed,stealthy,1,9,rsna_06,False,22.49824333190918
trimmed,stealthy,1,9,kerm_01,False,24.038681030273438
trimmed,stealthy,1,9,kerm_03,False,17.399934768676758
trimmed,stealthy,1,9,kerm_05,False,17.83310890197754
trimmed,stealthy,1,9,kerm_07,False,22.998737335205078
trimmed,stealthy,1,9,rsna_04,False,24.5384578704834
trimmed,stealthy,1,9,kerm_04,False,17.4249267578125
trimmed,stealthy,1,9,rsna_03,False,28.065692901611328
trimmed,stealthy,1,10,rsna_05,False,22.667905807495117
trimmed,stealthy,1,10,rsna_10,False,22.99506187438965
trimmed,stealthy,1,10,kerm_05,False,19.5081787109375
trimmed,stealthy,1,10,rsna_06,False,20.66158103942871
trimmed,stealthy,1,10,rsna_03,False,22.184894561767578
trimmed,stealthy,1,10,kerm_07,False,24.031906127929688
trimmed,stealthy,1,10,kerm_03,False,18.46310806274414
trimmed,stealthy,1,10,rsna_01,False,23.624174118041992
trimmed,stealthy,1,10,rsna_11,False,19.131433486938477
trimmed,stealthy,1,10,kerm_02,False,19.13860511779785
trimmed,stealthy,1,10,rsna_09,False,20.33738899230957
trimmed,stealthy,1,10,rsna_04,False,22.202444076538086
trimmed,stealthy,1,10,rsna_02,False,23.035526275634766
trimmed,stealthy,1,10,rsna_07,False,19.298192977905273
trimmed,stealthy,1,10,rsna_12,False,22.004680633544922
trimmed,stealthy,1,11,rsna_12,False,21.67335319519043
trimmed,stealthy,1,11,kerm_08,False,23.986743927001953
trimmed,stealthy,1,11,kerm_02,False,19.758453369140625
trimmed,stealthy,1,11,kerm_03,False,18.02565574645996
trimmed,stealthy,1,11,rsna_11,False,18.148880004882812
trimmed,stealthy,1,11,kerm_07,False,24.024402618408203
trimmed,stealthy,1,11,rsna_08,False,19.132659912109375
trimmed,stealthy,1,11,rsna_03,False,25.46552848815918
trimmed,stealthy,1,11,rsna_02,False,23.567419052124023
trimmed,stealthy,1,11,rsna_10,False,23.108627319335938
trimmed,stealthy,1,11,kerm_06,False,22.983020782470703
trimmed,stealthy,1,11,rsna_07,False,22.811525344848633
trimmed,stealthy,1,11,rsna_09,False,21.407875061035156
trimmed,stealthy,1,11,rsna_05,False,20.90399169921875
trimmed,stealthy,1,11,rsna_01,False,21.58968734741211
trimmed,stealthy,1,12,rsna_01,False,26.62478256225586
trimmed,stealthy,1,12,rsna_12,False,20.967304229736328
trimmed,stealthy,1,12,kerm_05,False,23.300485610961914
trimmed,stealthy,1,12,rsna_03,False,23.876562118530273
trimmed,stealthy,1,12,rsna_02,False,23.71367835998535
trimmed,stealthy,1,12,rsna_09,False,25.93317413330078
trimmed,stealthy,1,12,kerm_01,False,21.789085388183594
trimmed,stealthy,1,12,rsna_06,False,19.39459228515625
trimmed,stealthy,1,12,kerm_08,False,21.753578186035156
trimmed,stealthy,1,12,rsna_07,False,17.509370803833008
trimmed,stealthy,1,12,kerm_06,False,21.16594123840332
trimmed,stealthy,1,12,kerm_04,False,17.6698055267334
trimmed,stealthy,1,12,rsna_10,False,18.420146942138672
trimmed,stealthy,1,12,kerm_03,False,20.11441993713379
trimmed,stealthy,1,12,rsna_08,False,20.163076400756836
trimmed,stealthy,1,13,rsna_11,False,19.200822830200195
trimmed,stealthy,1,13,rsna_09,False,25.126001358032227
trimmed,stealthy,1,13,rsna_01,False,27.28201675415039
trimmed,stealthy,1,13,kerm_07,False,23.63063621520996
trimmed,stealthy,1,13,kerm_01,False,29.773252487182617
trimmed,stealthy,1,13,rsna_05,False,34.08210754394531
trimmed,stealthy,1,13,rsna_02,False,23.58795928955078
trimmed,stealthy,1,13,rsna_10,False,20.075490951538086
trimmed,stealthy,1,13,kerm_03,False,18.778413772583008
trimmed,stealthy,1,13,kerm_05,False,18.571849822998047
trimmed,stealthy,1,13,rsna_07,False,20.940242767333984
trimmed,stealthy,1,13,rsna_03,False,26.198781967163086
trimmed,stealthy,1,13,kerm_06,False,20.567060470581055
trimmed,stealthy,1,13,rsna_08,False,19.764507293701172
trimmed,stealthy,1,13,rsna_04,False,25.843856811523438
trimmed,stealthy,1,14,rsna_01,False,28.673612594604492
trimmed,stealthy,1,14,kerm_07,False,25.09874153137207
trimmed,stealthy,1,14,kerm_05,False,24.26237678527832
trimmed,stealthy,1,14,rsna_12,False,21.163373947143555
trimmed,stealthy,1,14,kerm_06,False,22.323883056640625
trimmed,stealthy,1,14,rsna_08,False,21.33670997619629
trimmed,stealthy,1,14,rsna_05,False,21.55943489074707
trimmed,stealthy,1,14,rsna_07,False,17.394269943237305
trimmed,stealthy,1,14,kerm_03,False,17.56283187866211
trimmed,stealthy,1,14,kerm_02,False,20.014205932617188
trimmed,stealthy,1,14,rsna_06,False,23.173904418945312
trimmed,stealthy,1,14,rsna_11,False,20.514801025390625
trimmed,stealthy,1,14,kerm_01,False,22.689559936523438
trimmed,stealthy,1,14,kerm_08,False,23.74825668334961
trimmed,stealthy,1,14,rsna_04,False,21.835893630981445
trimmed,stealthy,1,15,rsna_12,True,28.476226806640625
trimmed,stealthy,1,15,rsna_04,False,22.023435592651367
trimmed,stealthy,1,15,rsna_11,False,19.983957290649414
trimmed,stealthy,1,15,kerm_05,False,19.947303771972656
trimmed,stealthy,1,15,rsna_07,False,32.798431396484375
trimmed,stealthy,1,15,kerm_03,False,24.413097381591797
trimmed,stealthy,1,15,rsna_10,False,24.513874053955078
trimmed,stealthy,1,15,rsna_01,False,27.26272201538086
trimmed,stealthy,1,15,rsna_06,False,23.888296127319336
trimmed,stealthy,1,15,kerm_02,False,19.16839599609375
trimmed,stealthy,1,15,kerm_08,False,24.067333221435547
trimmed,stealthy,1,15,rsna_09,False,23.660593032836914
trimmed,stealthy,1,15,kerm_06,False,21.333627700805664
trimmed,stealthy,1,15,kerm_04,False,19.495929718017578
trimmed,stealthy,1,15,rsna_05,False,27.39552116394043
trimmed,stealthy,1,16,rsna_12,True,26.64292335510254
trimmed,stealthy,1,16,rsna_10,False,21.178037643432617
trimmed,stealthy,1,16,rsna_04,False,31.345643997192383
trimmed,stealthy,1,16,rsna_06,False,21.257238388061523
trimmed,stealthy,1,16,rsna_02,False,29.8582706451416
trimmed,stealthy,1,16,kerm_06,False,23.49485969543457
trimmed,stealthy,1,16,kerm_01,False,36.267757415771484
trimmed,stealthy,1,16,kerm_04,False,21.396339416503906
trimmed,stealthy,1,16,kerm_02,False,28.76597023010254
trimmed,stealthy,1,16,kerm_03,False,17.94114875793457
trimmed,stealthy,1,16,rsna_08,False,19.652572631835938
trimmed,stealthy,1,16,rsna_05,False,34.48734664916992
trimmed,stealthy,1,16,kerm_07,False,27.31093406677246
trimmed,stealthy,1,16,rsna_07,False,26.108137130737305
trimmed,stealthy,1,16,kerm_08,False,26.133703231811523
trimmed,stealthy,1,17,rsna_12,True,23.946632385253906
trimmed,stealthy,1,17,kerm_06,False,22.105012893676758
trimmed,stealthy,1,17,rsna_09,False,22.065189361572266
trimmed,stealthy,1,17,rsna_03,False,26.19552993774414
trimmed,stealthy,1,17,rsna_04,False,27.099143981933594
trimmed,stealthy,1,17,kerm_02,False,20.33865737915039
trimmed,stealthy,1,17,rsna_01,False,25.43680763244629
trimmed,stealthy,1,17,rsna_05,False,33.089813232421875
trimmed,stealthy,1,17,rsna_11,False,19.40784454345703
trimmed,stealthy,1,17,kerm_05,False,20.295507431030273
trimmed,stealthy,1,17,rsna_06,False,23.023284912109375
trimmed,stealthy,1,17,kerm_07,False,28.20338249206543
trimmed,stealthy,1,17,kerm_04,False,22.337879180908203
trimmed,stealthy,1,17,rsna_08,False,20.312028884887695
trimmed,stealthy,1,17,rsna_07,False,19.477638244628906
trimmed,stealthy,1,18,rsna_12,True,28.753372192382812
trimmed,stealthy,1,18,kerm_06,False,23.820148468017578
trimmed,stealthy,1,18,kerm_03,False,24.153295516967773
trimmed,stealthy,1,18,rsna_05,False,23.253742218017578
trimmed,stealthy,1,18,rsna_07,False,24.748638153076172
trimmed,stealthy,1,18,rsna_11,False,19.393699645996094
trimmed,stealthy,1,18,rsna_08,False,19.356464385986328
trimmed,stealthy,1,18,kerm_01,False,30.037765502929688
trimmed,stealthy,1,18,rsna_10,False,22.04388999938965
trimmed,stealthy,1,18,rsna_04,False,24.995054244995117
trimmed,stealthy,1,18,rsna_02,False,38.473175048828125
trimmed,stealthy,1,18,rsna_09,False,25.278453826904297
trimmed,stealthy,1,18,kerm_04,False,21.80476188659668
trimmed,stealthy,1,18,rsna_01,False,30.186655044555664
trimmed,stealthy,1,18,kerm_02,False,28.92713165283203
trimmed,stealthy,1,19,rsna_12,True,24.308605194091797
trimmed,stealthy,1,19,rsna_11,False,20.81899070739746
trimmed,stealthy,1,19,kerm_06,False,26.778913497924805
trimmed,stealthy,1,19,kerm_01,False,31.19884490966797
trimmed,stealthy,1,19,kerm_05,False,24.179075241088867
trimmed,stealthy,1,19,rsna_01,False,31.730188369750977
trimmed,stealthy,1,19,kerm_07,False,28.853673934936523
trimmed,stealthy,1,19,rsna_04,False,24.419292449951172
trimmed,stealthy,1,19,kerm_04,False,21.49098014831543
trimmed,stealthy,1,19,rsna_10,False,20.439348220825195
trimmed,stealthy,1,19,kerm_02,False,27.220521926879883
trimmed,stealthy,1,19,kerm_03,False,21.084043502807617
trimmed,stealthy,1,19,rsna_06,False,20.545352935791016
trimmed,stealthy,1,19,rsna_08,False,19.896724700927734
trimmed,stealthy,1,19,rsna_05,False,23.715011596679688
trimmed,stealthy,1,20,rsna_12,True,23.271312713623047
trimmed,stealthy,1,20,kerm_06,False,24.036561965942383
trimmed,stealthy,1,20,rsna_02,False,27.177356719970703
trimmed,stealthy,1,20,rsna_07,False,41.34756088256836
trimmed,stealthy,1,20,kerm_04,False,23.78374481201172
trimmed,stealthy,1,20,rsna_05,False,26.76993751525879
trimmed,stealthy,1,20,kerm_01,False,41.430179595947266
trimmed,stealthy,1,20,rsna_03,False,32.85694122314453
trimmed,stealthy,1,20,kerm_05,False,22.011741638183594
trimmed,stealthy,1,20,rsna_11,False,20.91382598876953
trimmed,stealthy,1,20,kerm_02,False,25.557971954345703
trimmed,stealthy,1,20,rsna_08,False,20.11956214904785
trimmed,stealthy,1,20,kerm_07,False,23.493003845214844
trimmed,stealthy,1,20,rsna_09,False,24.65532112121582
trimmed,stealthy,1,20,rsna_06,False,23.676982879638672
trimmed,stealthy,1,21,rsna_12,True,22.75129508972168
trimmed,stealthy,1,21,rsna_04,False,30.252525329589844
trimmed,stealthy,1,21,rsna_07,False,23.906387329101562
trimmed,stealthy,1,21,kerm_07,False,28.679874420166016
trimmed,stealthy,1,21,kerm_04,False,25.900331497192383
trimmed,stealthy,1,21,kerm_06,False,25.569189071655273
trimmed,stealthy,1,21,rsna_09,False,19.98884391784668
trimmed,stealthy,1,21,rsna_01,False,32.50041580200195
trimmed,stealthy,1,21,kerm_08,False,28.501991271972656
trimmed,stealthy,1,21,rsna_06,False,20.78578758239746
trimmed,stealthy,1,21,kerm_05,False,22.14023780822754
trimmed,stealthy,1,21,rsna_10,False,23.465511322021484
trimmed,stealthy,1,21,rsna_03,False,26.789878845214844
trimmed,stealthy,1,21,kerm_01,False,26.89084815979004
trimmed,stealthy,1,21,rsna_08,False,19.875749588012695
trimmed,stealthy,1,22,rsna_12,True,22.60466766357422
trimmed,stealthy,1,22,kerm_02,False,38.26309585571289
trimmed,stealthy,1,22,rsna_05,False,23.401065826416016
trimmed,stealthy,1,22,kerm_03,False,24.741018295288086
trimmed,stealthy,1,22,kerm_05,False,23.72984504699707
trimmed,stealthy,1,22,kerm_08,False,25.39755630493164
trimmed,stealthy,1,22,rsna_10,False,21.095081329345703
trimmed,stealthy,1,22,rsna_06,False,24.241260528564453
trimmed,stealthy,1,22,kerm_06,False,25.220674514770508
trimmed,stealthy,1,22,kerm_01,False,22.61317253112793
trimmed,stealthy,1,22,rsna_07,False,19.69476890563965
trimmed,stealthy,1,22,kerm_07,False,29.07707405090332
trimmed,stealthy,1,22,kerm_04,False,22.865522384643555
trimmed,stealthy,1,22,rsna_01,False,56.57112503051758
trimmed,stealthy,1,22,rsna_02,False,29.849489212036133
trimmed,stealthy,1,23,rsna_12,True,22.546335220336914
trimmed,stealthy,1,23,rsna_07,False,24.74520492553711
trimmed,stealthy,1,23,rsna_09,False,19.828344345092773
trimmed,stealthy,1,23,rsna_01,False,41.96660614013672
trimmed,stealthy,1,23,kerm_07,False,26.553691864013672
trimmed,stealthy,1,23,kerm_03,False,19.000885009765625
trimmed,stealthy,1,23,rsna_02,False,30.018169403076172
trimmed,stealthy,1,23,kerm_08,False,28.530136108398438
trimmed,stealthy,1,23,rsna_05,False,23.992464065551758
trimmed,stealthy,1,23,kerm_04,False,19.182950973510742
trimmed,stealthy,1,23,rsna_04,False,25.064802169799805
trimmed,stealthy,1,23,rsna_10,False,21.716541290283203
trimmed,stealthy,1,23,rsna_11,False,21.52182960510254
trimmed,stealthy,1,23,kerm_06,False,21.52204704284668
trimmed,stealthy,1,23,kerm_05,False,20.627702713012695
trimmed,stealthy,1,24,rsna_12,True,28.499536514282227
trimmed,stealthy,1,24,rsna_03,False,30.062997817993164
trimmed,stealthy,1,24,kerm_03,False,26.834121704101562
trimmed,stealthy,1,24,rsna_01,False,37.386173248291016
trimmed,stealthy,1,24,rsna_04,False,26.90934181213379
trimmed,stealthy,1,24,rsna_08,False,20.171356201171875
trimmed,stealthy,1,24,rsna_10,False,21.824792861938477
trimmed,stealthy,1,24,kerm_05,False,24.779747009277344
trimmed,stealthy,1,24,rsna_09,False,23.53107452392578
trimmed,stealthy,1,24,kerm_04,False,22.390169143676758
trimmed,stealthy,1,24,kerm_02,False,37.40256881713867
trimmed,stealthy,1,24,kerm_01,False,38.87763595581055
trimmed,stealthy,1,24,rsna_07,False,36.17161560058594
trimmed,stealthy,1,24,kerm_07,False,25.533100128173828
trimmed,stealthy,1,24,rsna_06,False,23.759090423583984
trimmed,stealthy,1,25,rsna_12,True,21.847898483276367
trimmed,stealthy,1,25,rsna_08,False,23.640871047973633
trimmed,stealthy,1,25,kerm_04,False,25.8433780670166
trimmed,stealthy,1,25,kerm_05,False,22.68889617919922
trimmed,stealthy,1,25,rsna_06,False,23.658153533935547
trimmed,stealthy,1,25,rsna_09,False,31.2338924407959
trimmed,stealthy,1,25,kerm_03,False,19.999696731567383
trimmed,stealthy,1,25,kerm_06,False,25.17622184753418
trimmed,stealthy,1,25,rsna_05,False,36.34734344482422
trimmed,stealthy,1,25,rsna_07,False,24.523738861083984
trimmed,stealthy,1,25,rsna_01,False,43.64278793334961
trimmed,stealthy,1,25,rsna_02,False,30.447467803955078
trimmed,stealthy,1,25,kerm_08,False,28.257713317871094
trimmed,stealthy,1,25,rsna_04,False,30.30402946472168
trimmed,stealthy,1,25,kerm_02,False,23.001537322998047
trimmed,stealthy,1,26,rsna_12,True,24.20412254333496
trimmed,stealthy,1,26,rsna_10,False,22.734350204467773
trimmed,stealthy,1,26,rsna_03,False,46.38124465942383
trimmed,stealthy,1,26,rsna_07,False,20.781478881835938
trimmed,stealthy,1,26,kerm_07,False,32.682491302490234
trimmed,stealthy,1,26,kerm_02,False,28.52987289428711
trimmed,stealthy,1,26,kerm_04,False,22.9561824798584
trimmed,stealthy,1,26,rsna_05,False,42.112693786621094
trimmed,stealthy,1,26,rsna_01,False,39.59441375732422
trimmed,stealthy,1,26,rsna_08,False,19.7769775390625
trimmed,stealthy,1,26,rsna_06,False,21.544038772583008
trimmed,stealthy,1,26,kerm_03,False,19.23984146118164
trimmed,stealthy,1,26,kerm_06,False,26.520837783813477
trimmed,stealthy,1,26,kerm_05,False,25.3530330657959
trimmed,stealthy,1,26,rsna_04,False,54.87432861328125
trimmed,stealthy,1,27,rsna_12,True,22.416912078857422
trimmed,stealthy,1,27,kerm_07,False,28.079130172729492
trimmed,stealthy,1,27,rsna_08,False,24.690290451049805
trimmed,stealthy,1,27,kerm_03,False,35.82759475708008
trimmed,stealthy,1,27,rsna_06,False,22.5509033203125
trimmed,stealthy,1,27,kerm_06,False,31.228511810302734
trimmed,stealthy,1,27,rsna_03,False,51.00895690917969
trimmed,stealthy,1,27,rsna_10,False,29.77413558959961
trimmed,stealthy,1,27,kerm_02,False,30.094810485839844
trimmed,stealthy,1,27,rsna_02,False,40.1649169921875
trimmed,stealthy,1,27,rsna_07,False,24.594942092895508
trimmed,stealthy,1,27,rsna_01,False,29.908227920532227
trimmed,stealthy,1,27,kerm_05,False,25.417200088500977
trimmed,stealthy,1,27,kerm_04,False,26.911001205444336
trimmed,stealthy,1,27,rsna_05,False,26.71463966369629
trimmed,stealthy,1,28,rsna_12,True,25.765560150146484
trimmed,stealthy,1,28,kerm_08,False,30.811710357666016
trimmed,stealthy,1,28,rsna_08,False,20.77872085571289
trimmed,stealthy,1,28,rsna_10,False,21.335729598999023
trimmed,stealthy,1,28,kerm_04,False,24.545557022094727
trimmed,stealthy,1,28,rsna_03,False,41.39590072631836
trimmed,stealthy,1,28,kerm_05,False,24.71402931213379
trimmed,stealthy,1,28,rsna_09,False,22.74677085876465
trimmed,stealthy,1,28,kerm_07,False,30.905977249145508
trimmed,stealthy,1,28,rsna_06,False,24.668367385864258
trimmed,stealthy,1,28,rsna_05,False,28.693132400512695
trimmed,stealthy,1,28,rsna_01,False,30.264970779418945
trimmed,stealthy,1,28,rsna_02,False,28.467130661010742
trimmed,stealthy,1,28,kerm_01,False,32.173091888427734
trimmed,stealthy,1,28,rsna_04,False,25.873754501342773
trimmed,stealthy,1,29,rsna_12,True,21.823383331298828
trimmed,stealthy,1,29,rsna_10,False,21.96609878540039
trimmed,stealthy,1,29,kerm_06,False,26.09086036682129
trimmed,stealthy,1,29,kerm_07,False,27.8160343170166
trimmed,stealthy,1,29,rsna_09,False,29.93050765991211
trimmed,stealthy,1,29,kerm_03,False,23.32561492919922
trimmed,stealthy,1,29,kerm_05,False,23.065418243408203
trimmed,stealthy,1,29,rsna_02,False,29.65636444091797
trimmed,stealthy,1,29,kerm_08,False,33.59180450439453
trimmed,stealthy,1,29,kerm_02,False,35.578453063964844
trimmed,stealthy,1,29,rsna_05,False,28.767414093017578
trimmed,stealthy,1,29,rsna_08,False,24.461332321166992
trimmed,stealthy,1,29,kerm_04,False,25.474157333374023
trimmed,stealthy,1,29,rsna_01,False,52.047027587890625
trimmed,stealthy,1,29,rsna_07,False,20.189132690429688
trimmed,stealthy,1,30,rsna_12,True,23.83934783935547
trimmed,stealthy,1,30,rsna_07,False,25.09093475341797
trimmed,stealthy,1,30,rsna_01,False,39.88739013671875
trimmed,stealthy,1,30,rsna_11,False,22.926496505737305
trimmed,stealthy,1,30,kerm_04,False,25.230878829956055
trimmed,stealthy,1,30,kerm_03,False,19.574426651000977
trimmed,stealthy,1,30,rsna_08,False,22.608678817749023
trimmed,stealthy,1,30,rsna_03,False,46.005619049072266
trimmed,stealthy,1,30,kerm_07,False,30.14470672607422
trimmed,stealthy,1,30,rsna_05,False,32.903968811035156
trimmed,stealthy,1,30,rsna_09,False,19.300413131713867
trimmed,stealthy,1,30,kerm_05,False,22.649822235107422
trimmed,stealthy,1,30,kerm_02,False,35.411991119384766
trimmed,stealthy,1,30,kerm_06,False,29.871339797973633
trimmed,stealthy,1,30,rsna_06,False,33.839881896972656
trimmed,stealthy,2,1,rsna_12,False,22.139219284057617
trimmed,stealthy,2,1,rsna_04,False,23.874591827392578
trimmed,stealthy,2,1,rsna_02,False,23.051597595214844
trimmed,stealthy,2,1,rsna_06,False,22.736602783203125
trimmed,stealthy,2,1,rsna_08,False,22.454423904418945
trimmed,stealthy,2,1,kerm_05,False,22.386234283447266
trimmed,stealthy,2,1,kerm_02,False,22.47532081604004
trimmed,stealthy,2,1,rsna_09,False,22.46739387512207
trimmed,stealthy,2,1,rsna_01,False,23.073225021362305
trimmed,stealthy,2,1,rsna_10,False,22.07552719116211
trimmed,stealthy,2,1,kerm_04,False,22.725933074951172
trimmed,stealthy,2,1,kerm_01,False,22.449079513549805
trimmed,stealthy,2,1,kerm_03,False,23.120460510253906
trimmed,stealthy,2,1,rsna_05,False,22.695642471313477
trimmed,stealthy,2,1,kerm_06,False,22.241167068481445
trimmed,stealthy,2,2,rsna_04,False,19.510238647460938
trimmed,stealthy,2,2,kerm_03,False,18.175004959106445
trimmed,stealthy,2,2,rsna_11,False,22.129926681518555
trimmed,stealthy,2,2,rsna_02,False,20.039867401123047
trimmed,stealthy,2,2,rsna_03,False,18.96983528137207
trimmed,stealthy,2,2,kerm_06,False,17.88719367980957
trimmed,stealthy,2,2,kerm_02,False,16.935544967651367
trimmed,stealthy,2,2,kerm_05,False,17.119245529174805
trimmed,stealthy,2,2,rsna_06,False,18.22185516357422
trimmed,stealthy,2,2,rsna_01,False,21.455890655517578
trimmed,stealthy,2,2,rsna_12,False,17.2393798828125
trimmed,stealthy,2,2,kerm_01,False,17.104215621948242
trimmed,stealthy,2,2,rsna_09,False,18.078622817993164
trimmed,stealthy,2,2,kerm_07,False,17.542905807495117
trimmed,stealthy,2,2,rsna_08,False,18.080795288085938
trimmed,stealthy,2,3,kerm_01,False,17.031612396240234
trimmed,stealthy,2,3,kerm_05,False,19.152196884155273
trimmed,stealthy,2,3,rsna_03,False,21.4232177734375
trimmed,stealthy,2,3,kerm_03,False,18.454938888549805
trimmed,stealthy,2,3,rsna_10,False,18.42473602294922
trimmed,stealthy,2,3,rsna_11,False,19.9163761138916
trimmed,stealthy,2,3,kerm_07,False,19.305896759033203
trimmed,stealthy,2,3,rsna_06,False,18.062755584716797
trimmed,stealthy,2,3,kerm_02,False,17.655654907226562
trimmed,stealthy,2,3,kerm_08,False,19.557254791259766
trimmed,stealthy,2,3,rsna_05,False,19.094329833984375
trimmed,stealthy,2,3,rsna_02,False,19.10771369934082
trimmed,stealthy,2,3,rsna_04,False,19.13969612121582
trimmed,stealthy,2,3,rsna_08,False,18.382476806640625
trimmed,stealthy,2,3,rsna_01,False,18.997419357299805
trimmed,stealthy,2,4,rsna_02,False,21.53249740600586
trimmed,stealthy,2,4,kerm_01,False,16.815427780151367
trimmed,stealthy,2,4,kerm_03,False,19.097244262695312
trimmed,stealthy,2,4,kerm_06,False,18.44162368774414
trimmed,stealthy,2,4,rsna_05,False,21.429590225219727
trimmed,stealthy,2,4,rsna_03,False,22.363685607910156
trimmed,stealthy,2,4,kerm_04,False,22.84107208251953
trimmed,stealthy,2,4,rsna_07,False,19.201080322265625
trimmed,stealthy,2,4,rsna_09,False,19.14288330078125
trimmed,stealthy,2,4,rsna_12,False,19.532033920288086
trimmed,stealthy,2,4,rsna_10,False,18.257225036621094
trimmed,stealthy,2,4,kerm_02,False,17.96406364440918
trimmed,stealthy,2,4,rsna_01,False,22.937379837036133
trimmed,stealthy,2,4,kerm_07,False,20.499425888061523
trimmed,stealthy,2,4,rsna_06,False,18.253263473510742
trimmed,stealthy,2,5,kerm_05,False,20.768760681152344
trimmed,stealthy,2,5,rsna_07,False,18.525915145874023
trimmed,stealthy,2,5,kerm_06,False,19.549776077270508
trimmed,stealthy,2,5,rsna_12,False,20.821943283081055
trimmed,stealthy,2,5,kerm_08,False,19.870681762695312
trimmed,stealthy,2,5,rsna_09,False,17.243606567382812
trimmed,stealthy,2,5,rsna_05,False,18.728824615478516
trimmed,stealthy,2,5,rsna_04,False,19.921504974365234
trimmed,stealthy,2,5,rsna_08,False,19.403841018676758
trimmed,stealthy,2,5,kerm_01,False,17.23508644104004
trimmed,stealthy,2,5,rsna_02,False,21.57756233215332
trimmed,stealthy,2,5,kerm_02,False,17.514766693115234
trimmed,stealthy,2,5,kerm_03,False,17.822803497314453
trimmed,stealthy,2,5,rsna_03,False,21.746389389038086
trimmed,stealthy,2,5,rsna_10,False,19.32262420654297
trimmed,stealthy,2,6,rsna_06,False,19.362552642822266
trimmed,stealthy,2,6,kerm_07,False,19.681991577148438
trimmed,stealthy,2,6,kerm_02,False,16.72813606262207
trimmed,stealthy,2,6,rsna_12,False,18.491531372070312
trimmed,stealthy,2,6,rsna_10,False,18.91341209411621
trimmed,stealthy,2,6,rsna_05,False,19.819156646728516
trimmed,stealthy,2,6,rsna_11,False,20.108009338378906
trimmed,stealthy,2,6,rsna_04,False,21.425235748291016
trimmed,stealthy,2,6,kerm_08,False,23.281192779541016
trimmed,stealthy,2,6,rsna_07,False,18.38123893737793
trimmed,stealthy,2,6,kerm_03,False,18.039094924926758
trimmed,stealthy,2,6,rsna_01,False,23.87639617919922
trimmed,stealthy,2,6,kerm_04,False,24.20526695251465
trimmed,stealthy,2,6,kerm_05,False,21.007919311523438
trimmed,stealthy,2,6,kerm_01,False,19.423616409301758
trimmed,stealthy,2,7,rsna_06,False,20.918710708618164
trimmed,stealthy,2,7,kerm_05,False,20.567943572998047
trimmed,stealthy,2,7,rsna_10,False,19.72705841064453
trimmed,stealthy,2,7,kerm_01,False,17.26905632019043
trimmed,stealthy,2,7,rsna_05,False,19.541231155395508
trimmed,stealthy,2,7,rsna_08,False,18.4735050201416
trimmed,stealthy,2,7,kerm_06,False,18.537649154663086
trimmed,stealthy,2,7,rsna_09,False,20.315290451049805
trimmed,stealthy,2,7,kerm_04,False,20.35700035095215
trimmed,stealthy,2,7,kerm_07,False,19.264314651489258
trimmed,stealthy,2,7,rsna_12,False,19.05745506286621
trimmed,stealthy,2,7,rsna_07,False,18.837888717651367
trimmed,stealthy,2,7,rsna_01,False,23.630918502807617
trimmed,stealthy,2,7,rsna_11,False,18.89269256591797
trimmed,stealthy,2,7,rsna_03,False,22.9515323638916
trimmed,stealthy,2,8,rsna_03,False,24.883926391601562
trimmed,stealthy,2,8,rsna_11,False,17.60062599182129
trimmed,stealthy,2,8,kerm_05,False,21.684263229370117
trimmed,stealthy,2,8,rsna_05,False,20.254772186279297
trimmed,stealthy,2,8,kerm_08,False,22.802936553955078
trimmed,stealthy,2,8,kerm_03,False,19.31768035888672
trimmed,stealthy,2,8,kerm_04,False,18.818363189697266
trimmed,stealthy,2,8,kerm_01,False,19.311172485351562
trimmed,stealthy,2,8,rsna_04,False,22.03141975402832
trimmed,stealthy,2,8,kerm_07,False,28.35973358154297
trimmed,stealthy,2,8,rsna_07,False,17.455930709838867
trimmed,stealthy,2,8,kerm_02,False,18.77552032470703
trimmed,stealthy,2,8,rsna_06,False,20.791736602783203
trimmed,stealthy,2,8,rsna_08,False,18.406339645385742
trimmed,stealthy,2,8,rsna_12,False,18.083280563354492
trimmed,stealthy,2,9,kerm_02,False,16.757944107055664
trimmed,stealthy,2,9,kerm_03,False,18.692813873291016
trimmed,stealthy,2,9,kerm_08,False,19.948400497436523
trimmed,stealthy,2,9,kerm_06,False,22.928470611572266
trimmed,stealthy,2,9,rsna_10,False,18.35748291015625
trimmed,stealthy,2,9,rsna_07,False,21.400941848754883
trimmed,stealthy,2,9,kerm_01,False,19.003131866455078
trimmed,stealthy,2,9,rsna_02,False,24.392982482910156
trimmed,stealthy,2,9,kerm_05,False,19.162796020507812
trimmed,stealthy,2,9,rsna_08,False,19.224456787109375
trimmed,stealthy,2,9,rsna_06,False,20.473255157470703
trimmed,stealthy,2,9,rsna_04,False,23.215843200683594
trimmed,stealthy,2,9,rsna_12,False,17.702451705932617
trimmed,stealthy,2,9,rsna_05,False,19.07975959777832
trimmed,stealthy,2,9,rsna_03,False,22.75515365600586
trimmed,stealthy,2,10,kerm_02,False,15.78453540802002
trimmed,stealthy,2,10,rsna_04,False,20.385028839111328
trimmed,stealthy,2,10,rsna_07,False,17.368431091308594
trimmed,stealthy,2,10,kerm_05,False,21.76385498046875
trimmed,stealthy,2,10,rsna_02,False,23.454469680786133
trimmed,stealthy,2,10,rsna_06,False,18.781877517700195
trimmed,stealthy,2,10,rsna_10,False,18.871612548828125
trimmed,stealthy,2,10,kerm_06,False,19.272775650024414
trimmed,stealthy,2,10,rsna_08,False,18.39595603942871
trimmed,stealthy,2,10,kerm_03,False,19.118444442749023
trimmed,stealthy,2,10,rsna_01,False,24.800010681152344
trimmed,stealthy,2,10,kerm_01,False,18.682861328125
trimmed,stealthy,2,10,rsna_11,False,18.97564125061035
trimmed,stealthy,2,10,kerm_04,False,19.014354705810547
trimmed,stealthy,2,10,rsna_05,False,19.483154296875
trimmed,stealthy,2,11,rsna_01,False,25.076852798461914
trimmed,stealthy,2,11,rsna_11,False,18.891977310180664
trimmed,stealthy,2,11,kerm_02,False,18.68027114868164
trimmed,stealthy,2,11,rsna_09,False,18.879594802856445
trimmed,stealthy,2,11,kerm_08,False,31.691442489624023
trimmed,stealthy,2,11,rsna_08,False,19.103830337524414
trimmed,stealthy,2,11,kerm_05,False,29.1197566986084
trimmed,stealthy,2,11,rsna_02,False,23.081235885620117
trimmed,stealthy,2,11,kerm_03,False,19.71013069152832
trimmed,stealthy,2,11,kerm_07,False,21.02964210510254
trimmed,stealthy,2,11,rsna_05,False,19.02831268310547
trimmed,stealthy,2,11,rsna_04,False,21.32195281982422
trimmed,stealthy,2,11,kerm_06,False,21.19822883605957
trimmed,stealthy,2,11,rsna_06,False,18.7447452545166
trimmed,stealthy,2,11,rsna_07,False,20.40237045288086
trimmed,stealthy,2,12,kerm_05,False,19.31181526184082
trimmed,stealthy,2,12,kerm_07,False,20.163982391357422
trimmed,stealthy,2,12,kerm_02,False,17.52261734008789
trimmed,stealthy,2,12,rsna_09,False,17.75043296813965
trimmed,stealthy,2,12,rsna_03,False,27.0357666015625
trimmed,stealthy,2,12,rsna_04,False,23.94580841064453
trimmed,stealthy,2,12,rsna_10,False,20.95018768310547
trimmed,stealthy,2,12,rsna_07,False,18.347633361816406
trimmed,stealthy,2,12,rsna_12,False,18.50042724609375
trimmed,stealthy,2,12,kerm_08,False,22.387481689453125
trimmed,stealthy,2,12,kerm_06,False,28.245267868041992
trimmed,stealthy,2,12,kerm_01,False,26.57786750793457
trimmed,stealthy,2,12,rsna_02,False,29.996763229370117
trimmed,stealthy,2,12,rsna_08,False,18.37563705444336
trimmed,stealthy,2,12,kerm_03,False,17.9185733795166
trimmed,stealthy,2,13,rsna_01,False,32.3284797668457
trimmed,stealthy,2,13,rsna_07,False,19.647871017456055
trimmed,stealthy,2,13,rsna_06,False,21.077455520629883
trimmed,stealthy,2,13,rsna_12,False,19.187854766845703
trimmed,stealthy,2,13,rsna_02,False,24.368846893310547
trimmed,stealthy,2,13,rsna_08,False,18.81356430053711
trimmed,stealthy,2,13,kerm_06,False,21.622407913208008
trimmed,stealthy,2,13,rsna_04,False,21.670976638793945
trimmed,stealthy,2,13,kerm_01,False,21.830320358276367
trimmed,stealthy,2,13,kerm_05,False,18.924827575683594
trimmed,stealthy,2,13,kerm_08,False,21.497957229614258
trimmed,stealthy,2,13,kerm_02,False,20.570865631103516
trimmed,stealthy,2,13,kerm_07,False,20.045656204223633
trimmed,stealthy,2,13,rsna_09,False,18.951101303100586
trimmed,stealthy,2,13,rsna_11,False,18.765474319458008
trimmed,stealthy,2,14,kerm_04,False,19.689350128173828
trimmed,stealthy,2,14,rsna_05,False,21.33477783203125
trimmed,stealthy,2,14,kerm_02,False,17.942907333374023
trimmed,stealthy,2,14,kerm_03,False,17.462894439697266
trimmed,stealthy,2,14,rsna_02,False,29.124799728393555
trimmed,stealthy,2,14,rsna_08,False,19.774690628051758
trimmed,stealthy,2,14,rsna_09,False,18.689533233642578
trimmed,stealthy,2,14,rsna_01,False,30.380762100219727
trimmed,stealthy,2,14,kerm_07,False,20.775318145751953
trimmed,stealthy,2,14,kerm_06,False,19.650339126586914
trimmed,stealthy,2,14,rsna_03,False,21.631023406982422
trimmed,stealthy,2,14,rsna_06,False,18.91209602355957
trimmed,stealthy,2,14,rsna_12,False,20.048250198364258
trimmed,stealthy,2,14,kerm_05,False,21.71487045288086
trimmed,stealthy,2,14,rsna_07,False,17.83417510986328
trimmed,stealthy,2,15,rsna_12,True,23.063594818115234
trimmed,stealthy,2,15,rsna_02,False,23.173185348510742
trimmed,stealthy,2,15,kerm_08,False,23.63032341003418
trimmed,stealthy,2,15,rsna_03,False,20.933382034301758
trimmed,stealthy,2,15,rsna_07,False,18.668027877807617
trimmed,stealthy,2,15,kerm_03,False,24.624502182006836
trimmed,stealthy,2,15,rsna_06,False,22.252965927124023
trimmed,stealthy,2,15,kerm_06,False,21.400772094726562
trimmed,stealthy,2,15,rsna_05,False,21.797754287719727
trimmed,stealthy,2,15,rsna_04,False,24.447282791137695
trimmed,stealthy,2,15,rsna_09,False,17.408706665039062
trimmed,stealthy,2,15,rsna_11,False,21.359865188598633
trimmed,stealthy,2,15,kerm_04,False,20.91414451599121
trimmed,stealthy,2,15,rsna_10,False,18.17140769958496
trimmed,stealthy,2,15,kerm_02,False,18.625423431396484
trimmed,stealthy,2,16,rsna_12,True,21.634855270385742
trimmed,stealthy,2,16,kerm_02,False,20.89103126525879
trimmed,stealthy,2,16,rsna_04,False,23.121862411499023
trimmed,stealthy,2,16,rsna_10,False,18.987064361572266
trimmed,stealthy,2,16,kerm_06,False,22.1517276763916
trimmed,stealthy,2,16,kerm_03,False,21.418167114257812
trimmed,stealthy,2,16,kerm_05,False,21.115947723388672
trimmed,stealthy,2,16,kerm_07,False,22.464012145996094
trimmed,stealthy,2,16,rsna_02,False,27.842777252197266
trimmed,stealthy,2,16,rsna_05,False,22.78438949584961
trimmed,stealthy,2,16,kerm_08,False,24.408174514770508
trimmed,stealthy,2,16,rsna_01,False,23.790618896484375
trimmed,stealthy,2,16,rsna_06,False,20.691585540771484
trimmed,stealthy,2,16,rsna_08,False,18.326616287231445
trimmed,stealthy,2,16,rsna_09,False,19.76683235168457
trimmed,stealthy,2,17,rsna_12,True,21.317075729370117
trimmed,stealthy,2,17,rsna_06,False,24.163694381713867
trimmed,stealthy,2,17,rsna_02,False,29.563566207885742
trimmed,stealthy,2,17,kerm_07,False,24.13875961303711
trimmed,stealthy,2,17,kerm_02,False,19.8542423248291
trimmed,stealthy,2,17,rsna_05,False,21.33318519592285
trimmed,stealthy,2,17,rsna_08,False,18.406757354736328
trimmed,stealthy,2,17,kerm_08,False,22.17007827758789
trimmed,stealthy,2,17,rsna_03,False,26.290306091308594
trimmed,stealthy,2,17,kerm_05,False,19.52354621887207
trimmed,stealthy,2,17,rsna_07,False,19.639328002929688
trimmed,stealthy,2,17,kerm_01,False,23.806848526000977
trimmed,stealthy,2,17,rsna_04,False,22.18364143371582
trimmed,stealthy,2,17,kerm_04,False,25.57662582397461
trimmed,stealthy,2,17,kerm_03,False,22.692407608032227
trimmed,stealthy,2,18,rsna_12,True,35.474063873291016
trimmed,stealthy,2,18,rsna_10,False,26.157533645629883
trimmed,stealthy,2,18,rsna_04,False,20.22391128540039
trimmed,stealthy,2,18,kerm_04,False,20.455116271972656
trimmed,stealthy,2,18,rsna_03,False,22.313011169433594
trimmed,stealthy,2,18,rsna_11,False,20.30833625793457
trimmed,stealthy,2,18,kerm_02,False,18.673004150390625
trimmed,stealthy,2,18,rsna_02,False,24.26913833618164
trimmed,stealthy,2,18,rsna_07,False,20.543249130249023
trimmed,stealthy,2,18,rsna_09,False,23.23630142211914
trimmed,stealthy,2,18,rsna_06,False,22.689159393310547
trimmed,stealthy,2,18,rsna_05,False,17.93149757385254
trimmed,stealthy,2,18,kerm_03,False,19.926189422607422
trimmed,stealthy,2,18,kerm_05,False,17.677467346191406
trimmed,stealthy,2,18,kerm_08,False,24.56602668762207
trimmed,stealthy,2,19,rsna_12,True,22.184814453125
trimmed,stealthy,2,19,rsna_05,False,19.678993225097656
trimmed,stealthy,2,19,kerm_04,False,27.97750473022461
trimmed,stealthy,2,19,rsna_08,False,16.924739837646484
trimmed,stealthy,2,19,kerm_06,False,22.53355598449707
trimmed,stealthy,2,19,rsna_09,False,19.082603454589844
trimmed,stealthy,2,19,rsna_11,False,25.57264518737793
trimmed,stealthy,2,19,kerm_05,False,18.571807861328125
trimmed,stealthy,2,19,rsna_02,False,21.025339126586914
trimmed,stealthy,2,19,kerm_03,False,23.289920806884766
trimmed,stealthy,2,19,rsna_07,False,17.511568069458008
trimmed,stealthy,2,19,kerm_01,False,27.236696243286133
trimmed,stealthy,2,19,rsna_03,False,22.319677352905273
trimmed,stealthy,2,19,rsna_01,False,23.43329429626465
trimmed,stealthy,2,19,rsna_06,False,22.379201889038086
trimmed,stealthy,2,20,rsna_12,True,21.09476089477539
trimmed,stealthy,2,20,rsna_07,False,19.555278778076172
trimmed,stealthy,2,20,rsna_09,False,19.12224006652832
trimmed,stealthy,2,20,rsna_04,False,20.150394439697266
trimmed,stealthy,2,20,rsna_11,False,22.70562171936035
trimmed,stealthy,2,20,kerm_01,False,23.464452743530273
trimmed,stealthy,2,20,rsna_10,False,21.620149612426758
trimmed,stealthy,2,20,kerm_05,False,20.470426559448242
trimmed,stealthy,2,20,kerm_04,False,21.723403930664062
trimmed,stealthy,2,20,kerm_03,False,20.898101806640625
trimmed,stealthy,2,20,rsna_06,False,19.330068588256836
trimmed,stealthy,2,20,kerm_08,False,26.18412208557129
trimmed,stealthy,2,20,rsna_01,False,24.680919647216797
trimmed,stealthy,2,20,rsna_03,False,23.324987411499023
trimmed,stealthy,2,20,rsna_05,False,17.367523193359375
trimmed,stealthy,2,21,rsna_12,True,21.107254028320312
trimmed,stealthy,2,21,rsna_09,False,19.035058975219727
trimmed,stealthy,2,21,kerm_02,False,24.171409606933594
trimmed,stealthy,2,21,rsna_01,False,25.58315658569336
trimmed,stealthy,2,21,kerm_03,False,21.67803955078125
trimmed,stealthy,2,21,kerm_01,False,34.287750244140625
trimmed,stealthy,2,21,kerm_06,False,31.653635025024414
trimmed,stealthy,2,21,rsna_08,False,17.68503189086914
trimmed,stealthy,2,21,kerm_04,False,22.413616180419922
trimmed,stealthy,2,21,kerm_05,False,18.078248977661133
trimmed,stealthy,2,21,rsna_03,False,23.098772048950195
trimmed,stealthy,2,21,rsna_05,False,21.60089874267578
trimmed,stealthy,2,21,rsna_10,False,19.255098342895508
trimmed,stealthy,2,21,rsna_02,False,23.024999618530273
trimmed,stealthy,2,21,rsna_11,False,19.518827438354492
trimmed,stealthy,2,22,rsna_12,True,22.56318473815918
trimmed,stealthy,2,22,kerm_03,False,21.99452781677246
trimmed,stealthy,2,22,rsna_07,False,19.613292694091797
trimmed,stealthy,2,22,kerm_06,False,33.58098220825195
trimmed,stealthy,2,22,kerm_04,False,19.17389488220215
trimmed,stealthy,2,22,kerm_01,False,24.738725662231445
trimmed,stealthy,2,22,rsna_08,False,21.265323638916016
trimmed,stealthy,2,22,kerm_05,False,18.485675811767578
trimmed,stealthy,2,22,rsna_03,False,21.819190979003906
trimmed,stealthy,2,22,kerm_07,False,24.493167877197266
trimmed,stealthy,2,22,rsna_02,False,22.969038009643555
trimmed,stealthy,2,22,rsna_04,False,21.982276916503906
trimmed,stealthy,2,22,rsna_11,False,18.285486221313477
trimmed,stealthy,2,22,rsna_09,False,19.38739585876465
trimmed,stealthy,2,22,rsna_10,False,22.185596466064453
trimmed,stealthy,2,23,rsna_12,True,21.24933624267578
trimmed,stealthy,2,23,rsna_01,False,28.796911239624023
trimmed,stealthy,2,23,kerm_05,False,22.181283950805664
trimmed,stealthy,2,23,rsna_11,False,24.624841690063477
trimmed,stealthy,2,23,rsna_02,False,35.468692779541016
trimmed,stealthy,2,23,kerm_04,False,18.299318313598633
trimmed,stealthy,2,23,kerm_03,False,22.323556900024414
trimmed,stealthy,2,23,rsna_06,False,25.04785919189453
trimmed,stealthy,2,23,kerm_06,False,21.192401885986328
trimmed,stealthy,2,23,rsna_05,False,28.464435577392578
trimmed,stealthy,2,23,rsna_07,False,17.73599624633789
trimmed,stealthy,2,23,rsna_04,False,29.21541976928711
trimmed,stealthy,2,23,kerm_07,False,22.676820755004883
trimmed,stealthy,2,23,rsna_08,False,18.822053909301758
trimmed,stealthy,2,23,rsna_03,False,24.069198608398438
trimmed,stealthy,2,24,rsna_12,True,21.784324645996094
trimmed,stealthy,2,24,kerm_04,False,21.12978172302246
trimmed,stealthy,2,24,rsna_08,False,19.710073471069336
trimmed,stealthy,2,24,rsna_09,False,25.112438201904297
trimmed,stealthy,2,24,rsna_01,False,26.001188278198242
trimmed,stealthy,2,24,kerm_01,False,19.68775177001953
trimmed,stealthy,2,24,kerm_07,False,25.220720291137695
trimmed,stealthy,2,24,rsna_03,False,23.43494415283203
trimmed,stealthy,2,24,rsna_04,False,23.86309242248535
trimmed,stealthy,2,24,rsna_02,False,24.022785186767578
trimmed,stealthy,2,24,rsna_11,False,20.027143478393555
trimmed,stealthy,2,24,rsna_06,False,19.71118927001953
trimmed,stealthy,2,24,rsna_07,False,17.591135025024414
trimmed,stealthy,2,24,rsna_05,False,24.38763999938965
trimmed,stealthy,2,24,kerm_06,False,22.3442325592041
trimmed,stealthy,2,25,rsna_12,True,22.446796417236328
trimmed,stealthy,2,25,kerm_06,False,24.82013511657715
trimmed,stealthy,2,25,kerm_05,False,22.61449432373047
trimmed,stealthy,2,25,rsna_07,False,20.394033432006836
trimmed,stealthy,2,25,kerm_08,False,26.72760772705078
trimmed,stealthy,2,25,rsna_03,False,26.783063888549805
trimmed,stealthy,2,25,rsna_09,False,18.33356475830078
trimmed,stealthy,2,25,kerm_04,False,26.815610885620117
trimmed,stealthy,2,25,kerm_03,False,24.86976432800293
trimmed,stealthy,2,25,rsna_10,False,22.737598419189453
trimmed,stealthy,2,25,rsna_02,False,20.484317779541016
trimmed,stealthy,2,25,rsna_04,False,24.911327362060547
trimmed,stealthy,2,25,rsna_05,False,19.0639591217041
trimmed,stealthy,2,25,kerm_01,False,22.32253646850586
trimmed,stealthy,2,25,rsna_06,False,18.94926643371582
trimmed,stealthy,2,26,rsna_12,True,25.40734100341797
trimmed,stealthy,2,26,kerm_05,False,44.78126525878906
trimmed,stealthy,2,26,rsna_05,False,22.5407772064209
trimmed,stealthy,2,26,kerm_01,False,18.84304428100586
trimmed,stealthy,2,26,kerm_08,False,26.85661506652832
trimmed,stealthy,2,26,rsna_08,False,23.632726669311523
trimmed,stealthy,2,26,rsna_02,False,26.342620849609375
trimmed,stealthy,2,26,rsna_09,False,18.099136352539062
trimmed,stealthy,2,26,kerm_02,False,19.380584716796875
trimmed,stealthy,2,26,rsna_11,False,26.83647346496582
trimmed,stealthy,2,26,kerm_07,False,25.158077239990234
trimmed,stealthy,2,26,rsna_03,False,22.5173397064209
trimmed,stealthy,2,26,rsna_01,False,26.77188491821289
trimmed,stealthy,2,26,rsna_10,False,20.534664154052734
trimmed,stealthy,2,26,rsna_04,False,24.12590217590332
trimmed,stealthy,2,27,rsna_12,True,20.464895248413086
trimmed,stealthy,2,27,kerm_01,False,21.062950134277344
trimmed,stealthy,2,27,rsna_01,False,24.272367477416992
trimmed,stealthy,2,27,kerm_05,False,21.265419006347656
trimmed,stealthy,2,27,rsna_03,False,20.204570770263672
trimmed,stealthy,2,27,rsna_02,False,25.752832412719727
trimmed,stealthy,2,27,kerm_04,False,34.461669921875
trimmed,stealthy,2,27,rsna_06,False,22.701923370361328
trimmed,stealthy,2,27,kerm_06,False,23.36267852783203
trimmed,stealthy,2,27,rsna_04,False,19.779245376586914
trimmed,stealthy,2,27,rsna_08,False,18.640642166137695
trimmed,stealthy,2,27,rsna_11,False,20.32701301574707
trimmed,stealthy,2,27,rsna_10,False,21.664321899414062
trimmed,stealthy,2,27,kerm_07,False,27.221511840820312
trimmed,stealthy,2,27,kerm_03,False,21.043502807617188
trimmed,stealthy,2,28,rsna_12,True,19.777130126953125
trimmed,stealthy,2,28,kerm_01,False,23.498027801513672
trimmed,stealthy,2,28,kerm_04,False,19.632083892822266
trimmed,stealthy,2,28,rsna_04,False,22.595382690429688
trimmed,stealthy,2,28,rsna_09,False,19.565826416015625
trimmed,stealthy,2,28,kerm_03,False,22.027244567871094
trimmed,stealthy,2,28,rsna_07,False,21.917593002319336
trimmed,stealthy,2,28,rsna_01,False,22.978729248046875
trimmed,stealthy,2,28,rsna_02,False,19.85796356201172
trimmed,stealthy,2,28,rsna_05,False,18.782554626464844
trimmed,stealthy,2,28,kerm_02,False,23.446884155273438
trimmed,stealthy,2,28,rsna_03,False,21.23301124572754
trimmed,stealthy,2,28,kerm_05,False,26.32685089111328
trimmed,stealthy,2,28,kerm_08,False,27.691877365112305
trimmed,stealthy,2,28,rsna_10,False,19.598657608032227
trimmed,stealthy,2,29,rsna_12,True,23.608983993530273
trimmed,stealthy,2,29,rsna_10,False,21.57096290588379
trimmed,stealthy,2,29,rsna_04,False,20.650102615356445
trimmed,stealthy,2,29,kerm_07,False,27.75139617919922
trimmed,stealthy,2,29,rsna_08,False,17.635679244995117
trimmed,stealthy,2,29,kerm_04,False,23.955333709716797
trimmed,stealthy,2,29,kerm_08,False,27.56623077392578
trimmed,stealthy,2,29,rsna_09,False,19.864986419677734
trimmed,stealthy,2,29,rsna_07,False,20.643882751464844
trimmed,stealthy,2,29,rsna_03,False,33.34487533569336
trimmed,stealthy,2,29,rsna_05,False,19.41020393371582
trimmed,stealthy,2,29,rsna_11,False,21.405221939086914
trimmed,stealthy,2,29,kerm_06,False,25.533445358276367
trimmed,stealthy,2,29,kerm_03,False,23.568368911743164
trimmed,stealthy,2,29,rsna_06,False,19.85445785522461
trimmed,stealthy,2,30,rsna_12,True,21.594093322753906
trimmed,stealthy,2,30,rsna_07,False,25.269855499267578
trimmed,stealthy,2,30,kerm_01,False,39.429176330566406
trimmed,stealthy,2,30,kerm_07,False,24.87019157409668
trimmed,stealthy,2,30,kerm_02,False,22.838560104370117
trimmed,stealthy,2,30,kerm_05,False,21.737014770507812
trimmed,stealthy,2,30,rsna_09,False,19.015501022338867
trimmed,stealthy,2,30,rsna_11,False,18.817455291748047
trimmed,stealthy,2,30,rsna_01,False,30.04523277282715
trimmed,stealthy,2,30,rsna_04,False,22.03238868713379
trimmed,stealthy,2,30,rsna_06,False,31.63515281677246
trimmed,stealthy,2,30,rsna_02,False,31.075057983398438
trimmed,stealthy,2,30,kerm_08,False,24.43050193786621
trimmed,stealthy,2,30,rsna_10,False,18.56743049621582
trimmed,stealthy,2,30,kerm_06,False,23.290143966674805
trimmed,stealthy,3,1,rsna_03,False,22.90631103515625
trimmed,stealthy,3,1,rsna_09,False,23.292129516601562
trimmed,stealthy,3,1,kerm_06,False,22.58348846435547
trimmed,stealthy,3,1,rsna_04,False,22.928394317626953
trimmed,stealthy,3,1,rsna_01,False,23.008028030395508
trimmed,stealthy,3,1,rsna_12,False,22.735469818115234
trimmed,stealthy,3,1,rsna_06,False,22.75885009765625
trimmed,stealthy,3,1,kerm_08,False,22.345643997192383
trimmed,stealthy,3,1,kerm_03,False,22.56019401550293
trimmed,stealthy,3,1,rsna_02,False,23.262733459472656
trimmed,stealthy,3,1,kerm_01,False,22.84163475036621
trimmed,stealthy,3,1,kerm_05,False,22.20652198791504
trimmed,stealthy,3,1,rsna_11,False,22.831157684326172
trimmed,stealthy,3,1,rsna_07,False,22.6834716796875
trimmed,stealthy,3,1,kerm_02,False,22.64385223388672
trimmed,stealthy,3,2,rsna_06,False,18.220596313476562
trimmed,stealthy,3,2,rsna_05,False,18.65673065185547
trimmed,stealthy,3,2,rsna_04,False,18.578054428100586
trimmed,stealthy,3,2,rsna_09,False,18.35582733154297
trimmed,stealthy,3,2,rsna_08,False,19.16791343688965
trimmed,stealthy,3,2,kerm_08,False,17.465002059936523
trimmed,stealthy,3,2,kerm_01,False,17.06875991821289
trimmed,stealthy,3,2,kerm_02,False,17.21634864807129
trimmed,stealthy,3,2,kerm_04,False,17.49332618713379
trimmed,stealthy,3,2,rsna_02,False,18.658203125
trimmed,stealthy,3,2,kerm_05,False,17.44371223449707
trimmed,stealthy,3,2,rsna_01,False,19.5382022857666
trimmed,stealthy,3,2,kerm_06,False,17.1372013092041
trimmed,stealthy,3,2,kerm_03,False,17.091808319091797
trimmed,stealthy,3,2,rsna_12,False,17.399410247802734
trimmed,stealthy,3,3,rsna_06,False,19.21200942993164
trimmed,stealthy,3,3,rsna_12,False,18.737831115722656
trimmed,stealthy,3,3,kerm_08,False,19.1546630859375
trimmed,stealthy,3,3,kerm_02,False,17.479745864868164
trimmed,stealthy,3,3,rsna_08,False,18.64345359802246
trimmed,stealthy,3,3,rsna_03,False,19.523113250732422
trimmed,stealthy,3,3,kerm_01,False,17.42976188659668
trimmed,stealthy,3,3,rsna_09,False,19.577802658081055
trimmed,stealthy,3,3,kerm_05,False,19.60470962524414
trimmed,stealthy,3,3,rsna_11,False,19.93044090270996
trimmed,stealthy,3,3,rsna_01,False,19.960615158081055
trimmed,stealthy,3,3,kerm_04,False,18.35525894165039
trimmed,stealthy,3,3,rsna_07,False,19.023666381835938
trimmed,stealthy,3,3,rsna_04,False,19.605070114135742
trimmed,stealthy,3,3,kerm_03,False,18.225364685058594
trimmed,stealthy,3,4,rsna_01,False,22.03437614440918
trimmed,stealthy,3,4,kerm_05,False,20.339750289916992
trimmed,stealthy,3,4,rsna_06,False,20.191436767578125
trimmed,stealthy,3,4,kerm_08,False,20.13450813293457
trimmed,stealthy,3,4,rsna_07,False,20.152484893798828
trimmed,stealthy,3,4,rsna_05,False,20.138080596923828
trimmed,stealthy,3,4,kerm_07,False,22.42630958557129
trimmed,stealthy,3,4,rsna_04,False,21.10017204284668
trimmed,stealthy,3,4,rsna_02,False,20.44115447998047
trimmed,stealthy,3,4,rsna_10,False,19.580551147460938
trimmed,stealthy,3,4,rsna_09,False,19.553293228149414
trimmed,stealthy,3,4,kerm_02,False,18.50394058227539
trimmed,stealthy,3,4,rsna_11,False,20.399730682373047
trimmed,stealthy,3,4,kerm_04,False,21.14088249206543
trimmed,stealthy,3,4,rsna_03,False,21.678909301757812
trimmed,stealthy,3,5,kerm_01,False,17.903804779052734
trimmed,stealthy,3,5,kerm_06,False,25.659137725830078
trimmed,stealthy,3,5,rsna_04,False,18.476667404174805
trimmed,stealthy,3,5,kerm_08,False,24.00251007080078
trimmed,stealthy,3,5,rsna_11,False,20.614788055419922
trimmed,stealthy,3,5,rsna_03,False,19.535064697265625
trimmed,stealthy,3,5,rsna_02,False,20.024131774902344
trimmed,stealthy,3,5,rsna_10,False,20.132701873779297
trimmed,stealthy,3,5,rsna_07,False,18.70355987548828
trimmed,stealthy,3,5,kerm_03,False,18.429719924926758
trimmed,stealthy,3,5,kerm_05,False,25.80027198791504
trimmed,stealthy,3,5,rsna_05,False,18.35893440246582
trimmed,stealthy,3,5,rsna_09,False,18.70902442932129
trimmed,stealthy,3,5,rsna_12,False,22.741168975830078
trimmed,stealthy,3,5,kerm_02,False,17.638940811157227
trimmed,stealthy,3,6,rsna_11,False,19.277620315551758
trimmed,stealthy,3,6,rsna_12,False,19.677431106567383
trimmed,stealthy,3,6,rsna_10,False,18.72518539428711
trimmed,stealthy,3,6,kerm_02,False,17.173250198364258
trimmed,stealthy,3,6,rsna_07,False,18.857418060302734
trimmed,stealthy,3,6,kerm_06,False,21.00135040283203
trimmed,stealthy,3,6,rsna_09,False,18.649715423583984
trimmed,stealthy,3,6,rsna_04,False,21.383005142211914
trimmed,stealthy,3,6,kerm_07,False,20.069202423095703
trimmed,stealthy,3,6,kerm_04,False,20.16058921813965
trimmed,stealthy,3,6,kerm_01,False,18.77030372619629
trimmed,stealthy,3,6,rsna_01,False,22.16982078552246
trimmed,stealthy,3,6,kerm_05,False,22.58883285522461
trimmed,stealthy,3,6,kerm_03,False,17.763853073120117
trimmed,stealthy,3,6,rsna_05,False,19.924964904785156
trimmed,stealthy,3,7,rsna_01,False,24.49768829345703
trimmed,stealthy,3,7,kerm_08,False,20.43363380432129
trimmed,stealthy,3,7,rsna_06,False,21.4617862701416
trimmed,stealthy,3,7,kerm_01,False,20.963102340698242
trimmed,stealthy,3,7,rsna_05,False,20.240398406982422
trimmed,stealthy,3,7,kerm_06,False,24.43730926513672
trimmed,stealthy,3,7,rsna_03,False,22.863649368286133
trimmed,stealthy,3,7,rsna_11,False,18.48681640625
trimmed,stealthy,3,7,kerm_04,False,16.24942398071289
trimmed,stealthy,3,7,rsna_09,False,18.52472496032715
trimmed,stealthy,3,7,kerm_02,False,17.958984375
trimmed,stealthy,3,7,kerm_07,False,23.771181106567383
trimmed,stealthy,3,7,rsna_04,False,22.320310592651367
trimmed,stealthy,3,7,kerm_05,False,21.853961944580078
trimmed,stealthy,3,7,kerm_03,False,18.646718978881836
trimmed,stealthy,3,8,kerm_03,False,17.064647674560547
trimmed,stealthy,3,8,rsna_02,False,22.814552307128906
trimmed,stealthy,3,8,rsna_06,False,18.40522003173828
trimmed,stealthy,3,8,kerm_06,False,18.420637130737305
trimmed,stealthy,3,8,kerm_01,False,18.509017944335938
trimmed,stealthy,3,8,rsna_01,False,23.473411560058594
trimmed,stealthy,3,8,rsna_11,False,18.18050193786621
trimmed,stealthy,3,8,kerm_07,False,32.602298736572266
trimmed,stealthy,3,8,rsna_09,False,18.785722732543945
trimmed,stealthy,3,8,rsna_10,False,19.753786087036133
trimmed,stealthy,3,8,kerm_04,False,22.653404235839844
trimmed,stealthy,3,8,rsna_08,False,19.41851234436035
trimmed,stealthy,3,8,kerm_05,False,24.555734634399414
trimmed,stealthy,3,8,kerm_08,False,21.23386573791504
trimmed,stealthy,3,8,rsna_12,False,19.712976455688477
trimmed,stealthy,3,9,rsna_07,False,20.158384323120117
trimmed,stealthy,3,9,kerm_02,False,19.734577178955078
trimmed,stealthy,3,9,rsna_01,False,31.267526626586914
trimmed,stealthy,3,9,rsna_09,False,19.605682373046875
trimmed,stealthy,3,9,kerm_04,False,18.75204849243164
trimmed,stealthy,3,9,rsna_05,False,22.618423461914062
trimmed,stealthy,3,9,kerm_03,False,18.332054138183594
trimmed,stealthy,3,9,rsna_04,False,22.830707550048828
trimmed,stealthy,3,9,rsna_02,False,28.547718048095703
trimmed,stealthy,3,9,kerm_07,False,19.09278106689453
trimmed,stealthy,3,9,kerm_01,False,21.342445373535156
trimmed,stealthy,3,9,rsna_06,False,21.890783309936523
trimmed,stealthy,3,9,rsna_08,False,20.4096622467041
trimmed,stealthy,3,9,rsna_11,False,17.940404891967773
trimmed,stealthy,3,9,rsna_10,False,19.241273880004883
trimmed,stealthy,3,10,rsna_01,False,23.494205474853516
trimmed,stealthy,3,10,kerm_07,False,21.94943618774414
trimmed,stealthy,3,10,rsna_11,False,19.217044830322266
trimmed,stealthy,3,10,rsna_06,False,18.573551177978516
trimmed,stealthy,3,10,kerm_02,False,18.742523193359375
trimmed,stealthy,3,10,rsna_08,False,20.959224700927734
trimmed,stealthy,3,10,rsna_12,False,22.696678161621094
trimmed,stealthy,3,10,kerm_08,False,21.35130500793457
trimmed,stealthy,3,10,rsna_05,False,19.75230598449707
trimmed,stealthy,3,10,rsna_10,False,19.41575813293457
trimmed,stealthy,3,10,rsna_09,False,18.648591995239258
trimmed,stealthy,3,10,rsna_04,False,21.884592056274414
trimmed,stealthy,3,10,kerm_06,False,30.314624786376953
trimmed,stealthy,3,10,kerm_05,False,28.199907302856445
trimmed,stealthy,3,10,kerm_04,False,18.78609848022461
trimmed,stealthy,3,11,rsna_01,False,29.664234161376953
trimmed,stealthy,3,11,rsna_02,False,29.260210037231445
trimmed,stealthy,3,11,rsna_11,False,19.281511306762695
trimmed,stealthy,3,11,kerm_07,False,22.400890350341797
trimmed,stealthy,3,11,rsna_04,False,23.56977081298828
trimmed,stealthy,3,11,rsna_10,False,22.319765090942383
trimmed,stealthy,3,11,kerm_05,False,21.482540130615234
trimmed,stealthy,3,11,rsna_06,False,21.696592330932617
trimmed,stealthy,3,11,rsna_03,False,27.789365768432617
trimmed,stealthy,3,11,kerm_03,False,17.02445411682129
trimmed,stealthy,3,11,rsna_05,False,23.81039047241211
trimmed,stealthy,3,11,rsna_07,False,19.687488555908203
trimmed,stealthy,3,11,kerm_04,False,18.010108947753906
trimmed,stealthy,3,11,rsna_09,False,20.140087127685547
trimmed,stealthy,3,11,kerm_02,False,20.229806900024414
trimmed,stealthy,3,12,rsna_07,False,21.757007598876953
trimmed,stealthy,3,12,kerm_01,False,20.122406005859375
trimmed,stealthy,3,12,kerm_03,False,19.578168869018555
trimmed,stealthy,3,12,rsna_04,False,20.492382049560547
trimmed,stealthy,3,12,rsna_12,False,20.15252113342285
trimmed,stealthy,3,12,rsna_09,False,18.64539909362793
trimmed,stealthy,3,12,rsna_11,False,20.261581420898438
trimmed,stealthy,3,12,rsna_10,False,20.524377822875977
trimmed,stealthy,3,12,rsna_03,False,20.43592071533203
trimmed,stealthy,3,12,rsna_06,False,19.213375091552734
trimmed,stealthy,3,12,rsna_08,False,17.84455108642578
trimmed,stealthy,3,12,rsna_02,False,26.562042236328125
trimmed,stealthy,3,12,kerm_02,False,17.934480667114258
trimmed,stealthy,3,12,kerm_06,False,28.241390228271484
trimmed,stealthy,3,12,kerm_08,False,23.162981033325195
trimmed,stealthy,3,13,rsna_06,False,17.826629638671875
trimmed,stealthy,3,13,rsna_01,False,22.5922794342041
trimmed,stealthy,3,13,kerm_01,False,21.240421295166016
trimmed,stealthy,3,13,rsna_02,False,22.343914031982422
trimmed,stealthy,3,13,kerm_06,False,22.421627044677734
trimmed,stealthy,3,13,rsna_12,False,19.19505500793457
trimmed,stealthy,3,13,rsna_04,False,21.860580444335938
trimmed,stealthy,3,13,rsna_09,False,19.397377014160156
trimmed,stealthy,3,13,rsna_10,False,18.720678329467773
trimmed,stealthy,3,13,rsna_11,False,17.89739990234375
trimmed,stealthy,3,13,rsna_07,False,19.314701080322266
trimmed,stealthy,3,13,kerm_05,False,23.598905563354492
trimmed,stealthy,3,13,rsna_03,False,25.871105194091797
trimmed,stealthy,3,13,kerm_03,False,19.806331634521484
trimmed,stealthy,3,13,kerm_08,False,21.04576301574707
trimmed,stealthy,3,14,rsna_09,False,19.25332260131836
trimmed,stealthy,3,14,rsna_08,False,17.816434860229492
trimmed,stealthy,3,14,kerm_05,False,32.05200958251953
trimmed,stealthy,3,14,rsna_06,False,20.294879913330078
trimmed,stealthy,3,14,kerm_04,False,27.12822914123535
trimmed,stealthy,3,14,rsna_04,False,20.876680374145508
trimmed,stealthy,3,14,kerm_06,False,26.162235260009766
trimmed,stealthy,3,14,rsna_02,False,30.71696662902832
trimmed,stealthy,3,14,kerm_07,False,21.100303649902344
trimmed,stealthy,3,14,rsna_10,False,19.841079711914062
trimmed,stealthy,3,14,rsna_03,False,26.280670166015625
trimmed,stealthy,3,14,kerm_02,False,19.178190231323242
trimmed,stealthy,3,14,kerm_08,False,21.477676391601562
trimmed,stealthy,3,14,rsna_07,False,21.23725128173828
trimmed,stealthy,3,14,rsna_05,False,19.384403228759766
trimmed,stealthy,3,15,rsna_12,True,29.56129264831543
trimmed,stealthy,3,15,rsna_10,False,19.094257354736328
trimmed,stealthy,3,15,kerm_07,False,21.804691314697266
trimmed,stealthy,3,15,rsna_02,False,29.47813606262207
trimmed,stealthy,3,15,rsna_03,False,21.884260177612305
trimmed,stealthy,3,15,rsna_06,False,18.869699478149414
trimmed,stealthy,3,15,kerm_08,False,21.830280303955078
trimmed,stealthy,3,15,kerm_05,False,17.239585876464844
trimmed,stealthy,3,15,kerm_02,False,19.822229385375977
trimmed,stealthy,3,15,rsna_05,False,21.24046516418457
trimmed,stealthy,3,15,kerm_03,False,19.132431030273438
trimmed,stealthy,3,15,rsna_11,False,17.911325454711914
trimmed,stealthy,3,15,rsna_01,False,25.073833465576172
trimmed,stealthy,3,15,kerm_04,False,20.6934757232666
trimmed,stealthy,3,15,kerm_06,False,21.852352142333984
trimmed,stealthy,3,16,rsna_12,True,33.6746826171875
trimmed,stealthy,3,16,rsna_11,False,17.772388458251953
trimmed,stealthy,3,16,kerm_03,False,18.223798751831055
trimmed,stealthy,3,16,kerm_08,False,22.48093605041504
trimmed,stealthy,3,16,rsna_01,False,26.831880569458008
trimmed,stealthy,3,16,rsna_08,False,18.280725479125977
trimmed,stealthy,3,16,rsna_02,False,27.875761032104492
trimmed,stealthy,3,16,kerm_04,False,18.42394256591797
trimmed,stealthy,3,16,rsna_09,False,19.982545852661133
trimmed,stealthy,3,16,kerm_05,False,27.028202056884766
trimmed,stealthy,3,16,kerm_06,False,23.76204490661621
trimmed,stealthy,3,16,rsna_03,False,21.543691635131836
trimmed,stealthy,3,16,rsna_06,False,25.902921676635742
trimmed,stealthy,3,16,kerm_01,False,22.02354621887207
trimmed,stealthy,3,16,rsna_07,False,23.7905216217041
trimmed,stealthy,3,17,rsna_12,True,22.444761276245117
trimmed,stealthy,3,17,rsna_10,False,22.906986236572266
trimmed,stealthy,3,17,kerm_08,False,22.736356735229492
trimmed,stealthy,3,17,kerm_05,False,21.91105842590332
trimmed,stealthy,3,17,kerm_01,False,19.60995101928711
trimmed,stealthy,3,17,rsna_05,False,20.663854598999023
trimmed,stealthy,3,17,rsna_06,False,28.009428024291992
trimmed,stealthy,3,17,rsna_04,False,25.282238006591797
trimmed,stealthy,3,17,rsna_08,False,22.924551010131836
trimmed,stealthy,3,17,rsna_07,False,19.095905303955078
trimmed,stealthy,3,17,kerm_03,False,18.465490341186523
trimmed,stealthy,3,17,kerm_02,False,18.766504287719727
trimmed,stealthy,3,17,kerm_04,False,19.498958587646484
trimmed,stealthy,3,17,rsna_03,False,25.336153030395508
trimmed,stealthy,3,17,rsna_11,False,20.17752456665039
trimmed,stealthy,3,18,rsna_12,True,26.6260929107666
trimmed,stealthy,3,18,rsna_09,False,17.831127166748047
trimmed,stealthy,3,18,kerm_05,False,25.14964485168457
trimmed,stealthy,3,18,rsna_07,False,21.096174240112305
trimmed,stealthy,3,18,kerm_08,False,23.87005043029785
trimmed,stealthy,3,18,kerm_04,False,23.35844612121582
trimmed,stealthy,3,18,rsna_05,False,21.515554428100586
trimmed,stealthy,3,18,rsna_08,False,21.27988624572754
trimmed,stealthy,3,18,kerm_06,False,24.074514389038086
trimmed,stealthy,3,18,rsna_02,False,22.57674217224121
trimmed,stealthy,3,18,kerm_02,False,18.560348510742188
trimmed,stealthy,3,18,rsna_04,False,21.428525924682617
trimmed,stealthy,3,18,rsna_11,False,19.383710861206055
trimmed,stealthy,3,18,kerm_03,False,17.76988410949707
trimmed,stealthy,3,18,rsna_06,False,20.382619857788086
trimmed,stealthy,3,19,rsna_12,True,24.21552848815918
trimmed,stealthy,3,19,kerm_03,False,19.83660316467285
trimmed,stealthy,3,19,kerm_01,False,26.72534942626953
trimmed,stealthy,3,19,rsna_04,False,25.343271255493164
trimmed,stealthy,3,19,kerm_08,False,24.706758499145508
trimmed,stealthy,3,19,kerm_05,False,21.91069221496582
trimmed,stealthy,3,19,rsna_11,False,19.883325576782227
trimmed,stealthy,3,19,kerm_02,False,24.299522399902344
trimmed,stealthy,3,19,kerm_04,False,17.068195343017578
trimmed,stealthy,3,19,rsna_10,False,22.03129768371582
trimmed,stealthy,3,19,rsna_08,False,19.309743881225586
trimmed,stealthy,3,19,rsna_02,False,26.618528366088867
trimmed,stealthy,3,19,rsna_06,False,17.99921226501465
trimmed,stealthy,3,19,rsna_05,False,30.371253967285156
trimmed,stealthy,3,19,rsna_07,False,21.053768157958984
trimmed,stealthy,3,20,rsna_12,True,21.546415328979492
trimmed,stealthy,3,20,rsna_01,False,26.82061767578125
trimmed,stealthy,3,20,rsna_02,False,25.299745559692383
trimmed,stealthy,3,20,rsna_04,False,19.427881240844727
trimmed,stealthy,3,20,rsna_08,False,24.31369400024414
trimmed,stealthy,3,20,rsna_11,False,21.81569480895996
trimmed,stealthy,3,20,kerm_03,False,22.40715217590332
trimmed,stealthy,3,20,kerm_04,False,18.081804275512695
trimmed,stealthy,3,20,kerm_05,False,25.558914184570312
trimmed,stealthy,3,20,kerm_01,False,27.489782333374023
trimmed,stealthy,3,20,rsna_07,False,26.472042083740234
trimmed,stealthy,3,20,kerm_06,False,24.80433464050293
trimmed,stealthy,3,20,kerm_02,False,18.975528717041016
trimmed,stealthy,3,20,kerm_07,False,24.10020637512207
trimmed,stealthy,3,20,rsna_05,False,32.354583740234375
trimmed,stealthy,3,21,rsna_12,True,22.865232467651367
trimmed,stealthy,3,21,rsna_03,False,22.311182022094727
trimmed,stealthy,3,21,rsna_02,False,28.257137298583984
trimmed,stealthy,3,21,rsna_08,False,22.537900924682617
trimmed,stealthy,3,21,kerm_08,False,24.569120407104492
trimmed,stealthy,3,21,kerm_07,False,25.547805786132812
trimmed,stealthy,3,21,kerm_02,False,22.786222457885742
trimmed,stealthy,3,21,rsna_04,False,27.4940242767334
trimmed,stealthy,3,21,kerm_04,False,18.033557891845703
trimmed,stealthy,3,21,kerm_01,False,23.285564422607422
trimmed,stealthy,3,21,rsna_05,False,20.409542083740234
trimmed,stealthy,3,21,kerm_06,False,21.198564529418945
trimmed,stealthy,3,21,rsna_06,False,20.130882263183594
trimmed,stealthy,3,21,rsna_07,False,19.910314559936523
trimmed,stealthy,3,21,rsna_01,False,26.92009735107422
trimmed,stealthy,3,22,rsna_12,True,21.04698371887207
trimmed,stealthy,3,22,kerm_08,False,26.26603126525879
trimmed,stealthy,3,22,kerm_06,False,36.02442169189453
trimmed,stealthy,3,22,kerm_07,False,25.967605590820312
trimmed,stealthy,3,22,rsna_02,False,22.1103515625
trimmed,stealthy,3,22,kerm_02,False,19.675092697143555
trimmed,stealthy,3,22,rsna_06,False,20.04949188232422
trimmed,stealthy,3,22,rsna_03,False,20.277748107910156
trimmed,stealthy,3,22,rsna_08,False,26.008668899536133
trimmed,stealthy,3,22,rsna_05,False,21.603317260742188
trimmed,stealthy,3,22,rsna_04,False,20.991104125976562
trimmed,stealthy,3,22,kerm_03,False,22.644697189331055
trimmed,stealthy,3,22,rsna_10,False,28.012826919555664
trimmed,stealthy,3,22,kerm_04,False,21.152772903442383
trimmed,stealthy,3,22,kerm_05,False,40.1503791809082
trimmed,stealthy,3,23,rsna_12,True,23.193233489990234
trimmed,stealthy,3,23,rsna_03,False,22.425031661987305
trimmed,stealthy,3,23,rsna_09,False,28.08469581604004
trimmed,stealthy,3,23,kerm_04,False,19.374834060668945
trimmed,stealthy,3,23,rsna_06,False,25.228994369506836
trimmed,stealthy,3,23,rsna_04,False,23.456302642822266
trimmed,stealthy,3,23,kerm_01,False,30.40804672241211
trimmed,stealthy,3,23,rsna_01,False,29.42833137512207
trimmed,stealthy,3,23,rsna_08,False,19.34387969970703
trimmed,stealthy,3,23,rsna_07,False,29.698152542114258
trimmed,stealthy,3,23,kerm_06,False,21.07160186767578
trimmed,stealthy,3,23,rsna_10,False,27.711139678955078
trimmed,stealthy,3,23,kerm_08,False,22.583158493041992
trimmed,stealthy,3,23,kerm_02,False,23.162595748901367
trimmed,stealthy,3,23,rsna_05,False,24.29176902770996
trimmed,stealthy,3,24,rsna_12,True,25.28420639038086
trimmed,stealthy,3,24,rsna_08,False,18.200197219848633
trimmed,stealthy,3,24,rsna_04,False,20.45344352722168
trimmed,stealthy,3,24,kerm_01,False,20.13287353515625
trimmed,stealthy,3,24,rsna_07,False,27.913129806518555
trimmed,stealthy,3,24,kerm_07,False,27.72199058532715
trimmed,stealthy,3,24,rsna_06,False,20.27263832092285
trimmed,stealthy,3,24,rsna_10,False,19.225360870361328
trimmed,stealthy,3,24,kerm_05,False,30.285106658935547
trimmed,stealthy,3,24,kerm_03,False,17.87394142150879
trimmed,stealthy,3,24,kerm_08,False,32.71728515625
trimmed,stealthy,3,24,rsna_11,False,21.30672264099121
trimmed,stealthy,3,24,kerm_02,False,20.57139015197754
trimmed,stealthy,3,24,rsna_02,False,21.968765258789062
trimmed,stealthy,3,24,rsna_01,False,25.710329055786133
trimmed,stealthy,3,25,rsna_12,True,21.434574127197266
trimmed,stealthy,3,25,kerm_05,False,18.760251998901367
trimmed,stealthy,3,25,rsna_07,False,19.486513137817383
trimmed,stealthy,3,25,rsna_06,False,42.51415252685547
trimmed,stealthy,3,25,rsna_09,False,22.53815269470215
trimmed,stealthy,3,25,kerm_06,False,22.511470794677734
trimmed,stealthy,3,25,rsna_10,False,29.21953582763672
trimmed,stealthy,3,25,rsna_05,False,20.948179244995117
trimmed,stealthy,3,25,kerm_04,False,17.81964874267578
trimmed,stealthy,3,25,rsna_08,False,20.439022064208984
trimmed,stealthy,3,25,rsna_02,False,21.65966033935547
trimmed,stealthy,3,25,kerm_03,False,21.54283905029297
trimmed,stealthy,3,25,kerm_02,False,19.934621810913086
trimmed,stealthy,3,25,rsna_01,False,24.490116119384766
trimmed,stealthy,3,25,kerm_08,False,24.78959846496582
trimmed,stealthy,3,26,rsna_12,True,19.2951717376709
trimmed,stealthy,3,26,rsna_02,False,22.783527374267578
trimmed,stealthy,3,26,rsna_09,False,20.044275283813477
trimmed,stealthy,3,26,rsna_06,False,20.616182327270508
trimmed,stealthy,3,26,kerm_07,False,29.953990936279297
trimmed,stealthy,3,26,rsna_01,False,26.597049713134766
trimmed,stealthy,3,26,kerm_01,False,25.610876083374023
trimmed,stealthy,3,26,kerm_05,False,25.3579044342041
trimmed,stealthy,3,26,rsna_05,False,23.693069458007812
trimmed,stealthy,3,26,rsna_10,False,22.5248966217041
trimmed,stealthy,3,26,rsna_11,False,20.75351905822754
trimmed,stealthy,3,26,kerm_02,False,18.773237228393555
trimmed,stealthy,3,26,kerm_06,False,21.984708786010742
trimmed,stealthy,3,26,rsna_04,False,21.56403160095215
trimmed,stealthy,3,26,rsna_08,False,17.892887115478516
trimmed,stealthy,3,27,rsna_12,True,27.293262481689453
trimmed,stealthy,3,27,kerm_06,False,23.774343490600586
trimmed,stealthy,3,27,kerm_02,False,23.24982261657715
trimmed,stealthy,3,27,kerm_03,False,18.624555587768555
trimmed,stealthy,3,27,rsna_04,False,25.620054244995117
trimmed,stealthy,3,27,kerm_04,False,22.722707748413086
trimmed,stealthy,3,27,rsna_02,False,27.98868751525879
trimmed,stealthy,3,27,rsna_10,False,19.99498748779297
trimmed,stealthy,3,27,rsna_03,False,25.34166145324707
trimmed,stealthy,3,27,rsna_08,False,19.49129295349121
trimmed,stealthy,3,27,kerm_07,False,25.928504943847656
trimmed,stealthy,3,27,kerm_05,False,34.074974060058594
trimmed,stealthy,3,27,rsna_05,False,36.80405044555664
trimmed,stealthy,3,27,rsna_07,False,24.525306701660156
trimmed,stealthy,3,27,kerm_08,False,24.863996505737305
trimmed,stealthy,3,28,rsna_12,True,19.70545768737793
trimmed,stealthy,3,28,rsna_02,False,28.26319694519043
trimmed,stealthy,3,28,rsna_06,False,18.45290756225586
trimmed,stealthy,3,28,rsna_07,False,20.04330062866211
trimmed,stealthy,3,28,rsna_11,False,21.70526885986328
trimmed,stealthy,3,28,rsna_10,False,26.5435791015625
trimmed,stealthy,3,28,kerm_02,False,18.653823852539062
trimmed,stealthy,3,28,rsna_04,False,23.381284713745117
trimmed,stealthy,3,28,kerm_04,False,17.2436580657959
trimmed,stealthy,3,28,kerm_07,False,24.7687931060791
trimmed,stealthy,3,28,rsna_05,False,23.870548248291016
trimmed,stealthy,3,28,rsna_03,False,30.61909294128418
trimmed,stealthy,3,28,rsna_08,False,19.532745361328125
trimmed,stealthy,3,28,kerm_01,False,31.955524444580078
trimmed,stealthy,3,28,kerm_08,False,22.721721649169922
trimmed,stealthy,3,29,rsna_12,True,22.297765731811523
trimmed,stealthy,3,29,rsna_09,False,19.129928588867188
trimmed,stealthy,3,29,rsna_10,False,32.33366394042969
trimmed,stealthy,3,29,rsna_04,False,19.24064826965332
trimmed,stealthy,3,29,kerm_05,False,29.649036407470703
trimmed,stealthy,3,29,rsna_11,False,19.272897720336914
trimmed,stealthy,3,29,kerm_04,False,20.663610458374023
trimmed,stealthy,3,29,rsna_06,False,25.28226089477539
trimmed,stealthy,3,29,rsna_07,False,19.62692642211914
trimmed,stealthy,3,29,kerm_02,False,19.2120361328125
trimmed,stealthy,3,29,rsna_08,False,24.016271591186523
trimmed,stealthy,3,29,rsna_02,False,24.93221664428711
trimmed,stealthy,3,29,kerm_08,False,27.73614501953125
trimmed,stealthy,3,29,kerm_01,False,21.8883113861084
trimmed,stealthy,3,29,rsna_03,False,20.44856834411621
trimmed,stealthy,3,30,rsna_12,True,19.942869186401367
trimmed,stealthy,3,30,kerm_01,False,22.321937561035156
trimmed,stealthy,3,30,rsna_10,False,23.966848373413086
trimmed,stealthy,3,30,rsna_09,False,21.11461639404297
trimmed,stealthy,3,30,kerm_05,False,21.314987182617188
trimmed,stealthy,3,30,rsna_06,False,23.270200729370117
trimmed,stealthy,3,30,rsna_04,False,20.62655258178711
trimmed,stealthy,3,30,rsna_08,False,18.31264305114746
trimmed,stealthy,3,30,rsna_07,False,23.324878692626953
trimmed,stealthy,3,30,rsna_05,False,19.80851173400879
trimmed,stealthy,3,30,kerm_08,False,34.35710906982422
trimmed,stealthy,3,30,kerm_02,False,16.72509002685547
trimmed,stealthy,3,30,kerm_03,False,21.816312789916992
trimmed,stealthy,3,30,rsna_11,False,22.756378173828125
trimmed,stealthy,3,30,kerm_07,False,26.580307006835938
trimmed,stealthy,4,1,rsna_04,False,22.957250595092773
trimmed,stealthy,4,1,kerm_07,False,22.17970848083496
trimmed,stealthy,4,1,rsna_02,False,23.488027572631836
trimmed,stealthy,4,1,kerm_02,False,22.726097106933594
trimmed,stealthy,4,1,rsna_10,False,22.28693389892578
trimmed,stealthy,4,1,rsna_08,False,22.544921875
trimmed,stealthy,4,1,rsna_11,False,22.41551399230957
trimmed,stealthy,4,1,kerm_05,False,22.19849967956543
trimmed,stealthy,4,1,rsna_06,False,22.75534439086914
trimmed,stealthy,4,1,rsna_01,False,23.095054626464844
trimmed,stealthy,4,1,rsna_03,False,23.699974060058594
trimmed,stealthy,4,1,rsna_12,False,22.275686264038086
trimmed,stealthy,4,1,rsna_09,False,22.859193801879883
trimmed,stealthy,4,1,rsna_07,False,23.15788459777832
trimmed,stealthy,4,1,kerm_08,False,22.37786865234375
trimmed,stealthy,4,2,rsna_06,False,18.846843719482422
trimmed,stealthy,4,2,kerm_06,False,18.0239200592041
trimmed,stealthy,4,2,kerm_03,False,17.42930793762207
trimmed,stealthy,4,2,rsna_04,False,18.976316452026367
trimmed,stealthy,4,2,rsna_09,False,18.010467529296875
trimmed,stealthy,4,2,kerm_08,False,17.38527488708496
trimmed,stealthy,4,2,rsna_08,False,18.070655822753906
trimmed,stealthy,4,2,rsna_12,False,17.97809410095215
trimmed,stealthy,4,2,rsna_11,False,18.238859176635742
trimmed,stealthy,4,2,rsna_02,False,19.3848934173584
trimmed,stealthy,4,2,rsna_03,False,18.88713836669922
trimmed,stealthy,4,2,rsna_05,False,19.568687438964844
trimmed,stealthy,4,2,kerm_07,False,18.50629234313965
trimmed,stealthy,4,2,rsna_07,False,18.226606369018555
trimmed,stealthy,4,2,rsna_01,False,19.634775161743164
trimmed,stealthy,4,3,kerm_01,False,18.127761840820312
trimmed,stealthy,4,3,rsna_08,False,18.489259719848633
trimmed,stealthy,4,3,kerm_02,False,18.895814895629883
trimmed,stealthy,4,3,kerm_08,False,21.27946662902832
trimmed,stealthy,4,3,rsna_01,False,22.394044876098633
trimmed,stealthy,4,3,rsna_10,False,20.655044555664062
trimmed,stealthy,4,3,kerm_06,False,21.001428604125977
trimmed,stealthy,4,3,rsna_11,False,19.134065628051758
trimmed,stealthy,4,3,rsna_09,False,19.253162384033203
trimmed,stealthy,4,3,kerm_05,False,19.03338623046875
trimmed,stealthy,4,3,rsna_03,False,21.15399169921875
trimmed,stealthy,4,3,kerm_07,False,20.020288467407227
trimmed,stealthy,4,3,rsna_06,False,18.322641372680664
trimmed,stealthy,4,3,rsna_04,False,19.091184616088867
trimmed,stealthy,4,3,rsna_05,False,18.849454879760742
trimmed,stealthy,4,4,kerm_01,False,17.640392303466797
trimmed,stealthy,4,4,rsna_12,False,19.436172485351562
trimmed,stealthy,4,4,rsna_06,False,21.0914249420166
trimmed,stealthy,4,4,rsna_07,False,19.995332717895508
trimmed,stealthy,4,4,kerm_02,False,17.957077026367188
trimmed,stealthy,4,4,kerm_04,False,18.05437660217285
trimmed,stealthy,4,4,rsna_05,False,19.686689376831055
trimmed,stealthy,4,4,rsna_04,False,19.271644592285156
trimmed,stealthy,4,4,rsna_11,False,18.385446548461914
trimmed,stealthy,4,4,rsna_03,False,22.214689254760742
trimmed,stealthy,4,4,kerm_07,False,19.12981605529785
trimmed,stealthy,4,4,rsna_08,False,18.72250747680664
trimmed,stealthy,4,4,rsna_01,False,24.734725952148438
trimmed,stealthy,4,4,kerm_03,False,18.17552375793457
trimmed,stealthy,4,4,kerm_08,False,20.598405838012695
trimmed,stealthy,4,5,rsna_11,False,18.94769287109375
trimmed,stealthy,4,5,rsna_09,False,19.54300880432129
trimmed,stealthy,4,5,kerm_01,False,17.979713439941406
trimmed,stealthy,4,5,kerm_04,False,18.921083450317383
trimmed,stealthy,4,5,kerm_06,False,20.555625915527344
trimmed,stealthy,4,5,rsna_06,False,19.907564163208008
trimmed,stealthy,4,5,kerm_02,False,18.881223678588867
trimmed,stealthy,4,5,rsna_12,False,19.395538330078125
trimmed,stealthy,4,5,rsna_05,False,19.92607307434082
trimmed,stealthy,4,5,rsna_07,False,18.871957778930664
trimmed,stealthy,4,5,rsna_02,False,23.20623016357422
trimmed,stealthy,4,5,kerm_08,False,22.40311050415039
trimmed,stealthy,4,5,kerm_07,False,20.37580108642578
trimmed,stealthy,4,5,kerm_03,False,17.259836196899414
trimmed,stealthy,4,5,rsna_10,False,18.819923400878906
trimmed,stealthy,4,6,rsna_02,False,23.773618698120117
trimmed,stealthy,4,6,rsna_11,False,19.003599166870117
trimmed,stealthy,4,6,rsna_04,False,23.30193519592285
trimmed,stealthy,4,6,rsna_12,False,18.404550552368164
trimmed,stealthy,4,6,kerm_07,False,19.514659881591797
trimmed,stealthy,4,6,kerm_08,False,20.087732315063477
trimmed,stealthy,4,6,rsna_03,False,25.020980834960938
trimmed,stealthy,4,6,rsna_07,False,19.248031616210938
trimmed,stealthy,4,6,kerm_03,False,19.11803436279297
trimmed,stealthy,4,6,kerm_04,False,17.860164642333984
trimmed,stealthy,4,6,kerm_06,False,17.82037925720215
trimmed,stealthy,4,6,rsna_05,False,22.618316650390625
trimmed,stealthy,4,6,kerm_05,False,16.584857940673828
trimmed,stealthy,4,6,kerm_02,False,18.61336326599121
trimmed,stealthy,4,6,kerm_01,False,20.10072898864746
trimmed,stealthy,4,7,rsna_02,False,24.320178985595703
trimmed,stealthy,4,7,kerm_05,False,19.71700096130371
trimmed,stealthy,4,7,rsna_05,False,21.101192474365234
trimmed,stealthy,4,7,rsna_06,False,20.787919998168945
trimmed,stealthy,4,7,kerm_01,False,19.62649917602539
trimmed,stealthy,4,7,rsna_01,False,28.583744049072266
trimmed,stealthy,4,7,rsna_09,False,20.147001266479492
trimmed,stealthy,4,7,kerm_04,False,18.664955139160156
trimmed,stealthy,4,7,kerm_06,False,19.36549186706543
trimmed,stealthy,4,7,rsna_11,False,18.916881561279297
trimmed,stealthy,4,7,kerm_03,False,19.328771591186523
trimmed,stealthy,4,7,rsna_10,False,20.386341094970703
trimmed,stealthy,4,7,rsna_04,False,21.83609962463379
trimmed,stealthy,4,7,rsna_12,False,20.047119140625
trimmed,stealthy,4,7,rsna_08,False,19.722536087036133
trimmed,stealthy,4,8,kerm_01,False,19.69926643371582
trimmed,stealthy,4,8,kerm_04,False,19.217832565307617
trimmed,stealthy,4,8,kerm_07,False,21.08509635925293
trimmed,stealthy,4,8,rsna_04,False,20.646512985229492
trimmed,stealthy,4,8,rsna_08,False,19.345468521118164
trimmed,stealthy,4,8,kerm_08,False,22.52649688720703
trimmed,stealthy,4,8,rsna_09,False,22.61579704284668
trimmed,stealthy,4,8,rsna_05,False,19.613815307617188
trimmed,stealthy,4,8,rsna_07,False,20.279321670532227
trimmed,stealthy,4,8,rsna_12,False,23.25058364868164
trimmed,stealthy,4,8,kerm_06,False,22.309192657470703
trimmed,stealthy,4,8,rsna_11,False,20.14171600341797
trimmed,stealthy,4,8,rsna_02,False,23.080556869506836
trimmed,stealthy,4,8,kerm_02,False,19.537065505981445
trimmed,stealthy,4,8,rsna_06,False,20.437198638916016
trimmed,stealthy,4,9,kerm_07,False,20.402286529541016
trimmed,stealthy,4,9,rsna_05,False,23.966562271118164
trimmed,stealthy,4,9,kerm_05,False,18.014808654785156
trimmed,stealthy,4,9,kerm_01,False,25.86953353881836
trimmed,stealthy,4,9,rsna_09,False,18.540145874023438
trimmed,stealthy,4,9,kerm_03,False,23.01923179626465
trimmed,stealthy,4,9,rsna_02,False,22.282941818237305
trimmed,stealthy,4,9,kerm_02,False,23.048686981201172
trimmed,stealthy,4,9,kerm_08,False,20.769926071166992
trimmed,stealthy,4,9,rsna_06,False,20.37269401550293
trimmed,stealthy,4,9,rsna_04,False,23.372982025146484
trimmed,stealthy,4,9,rsna_10,False,21.122116088867188
trimmed,stealthy,4,9,rsna_07,False,25.747974395751953
trimmed,stealthy,4,9,kerm_06,False,20.55929183959961
trimmed,stealthy,4,9,rsna_03,False,24.506637573242188
trimmed,stealthy,4,10,kerm_06,False,22.562541961669922
trimmed,stealthy,4,10,rsna_02,False,23.042112350463867
trimmed,stealthy,4,10,rsna_01,False,23.640356063842773
trimmed,stealthy,4,10,rsna_07,False,23.457508087158203
trimmed,stealthy,4,10,kerm_05,False,19.303852081298828
trimmed,stealthy,4,10,kerm_04,False,19.826757431030273
trimmed,stealthy,4,10,rsna_08,False,21.546422958374023
trimmed,stealthy,4,10,kerm_01,False,20.858062744140625
trimmed,stealthy,4,10,kerm_02,False,19.49477195739746
trimmed,stealthy,4,10,kerm_08,False,23.625532150268555
trimmed,stealthy,4,10,rsna_05,False,19.205156326293945
trimmed,stealthy,4,10,rsna_04,False,20.82958221435547
trimmed,stealthy,4,10,rsna_06,False,19.724807739257812
trimmed,stealthy,4,10,kerm_03,False,19.24380874633789
trimmed,stealthy,4,10,rsna_03,False,27.606843948364258
trimmed,stealthy,4,11,kerm_06,False,20.639598846435547
trimmed,stealthy,4,11,kerm_07,False,22.760356903076172
trimmed,stealthy,4,11,rsna_12,False,20.728086471557617
trimmed,stealthy,4,11,kerm_05,False,20.4637451171875
trimmed,stealthy,4,11,rsna_10,False,22.769874572753906
trimmed,stealthy,4,11,rsna_08,False,24.60946273803711
trimmed,stealthy,4,11,rsna_04,False,23.32465171813965
trimmed,stealthy,4,11,kerm_08,False,23.707883834838867
trimmed,stealthy,4,11,rsna_07,False,21.735754013061523
trimmed,stealthy,4,11,kerm_01,False,21.6826171875
trimmed,stealthy,4,11,rsna_06,False,21.67057228088379
trimmed,stealthy,4,11,rsna_02,False,25.75139808654785
trimmed,stealthy,4,11,kerm_04,False,20.488767623901367
trimmed,stealthy,4,11,rsna_01,False,26.040197372436523
trimmed,stealthy,4,11,rsna_09,False,20.01034164428711
trimmed,stealthy,4,12,rsna_05,False,26.829891204833984
trimmed,stealthy,4,12,rsna_09,False,17.58722686767578
trimmed,stealthy,4,12,rsna_10,False,23.244016647338867
trimmed,stealthy,4,12,rsna_08,False,28.132951736450195
trimmed,stealthy,4,12,kerm_08,False,21.479476928710938
trimmed,stealthy,4,12,rsna_02,False,24.122817993164062
trimmed,stealthy,4,12,kerm_07,False,20.27660369873047
trimmed,stealthy,4,12,rsna_01,False,26.002790451049805
trimmed,stealthy,4,12,rsna_11,False,21.362960815429688
trimmed,stealthy,4,12,kerm_06,False,20.617706298828125
trimmed,stealthy,4,12,kerm_03,False,20.045679092407227
trimmed,stealthy,4,12,rsna_12,False,19.440242767333984
trimmed,stealthy,4,12,kerm_04,False,20.129709243774414
trimmed,stealthy,4,12,rsna_03,False,25.83403205871582
trimmed,stealthy,4,12,rsna_07,False,20.424150466918945
trimmed,stealthy,4,13,rsna_01,False,25.94338035583496
trimmed,stealthy,4,13,rsna_04,False,24.01131248474121
trimmed,stealthy,4,13,rsna_03,False,26.279624938964844
trimmed,stealthy,4,13,kerm_03,False,28.046913146972656
trimmed,stealthy,4,13,rsna_08,False,21.088136672973633
trimmed,stealthy,4,13,rsna_09,False,19.286075592041016
trimmed,stealthy,4,13,kerm_07,False,20.157337188720703
trimmed,stealthy,4,13,rsna_10,False,20.14443588256836
trimmed,stealthy,4,13,rsna_05,False,20.626903533935547
trimmed,stealthy,4,13,kerm_06,False,20.449602127075195
trimmed,stealthy,4,13,kerm_01,False,24.85738182067871
trimmed,stealthy,4,13,rsna_12,False,20.22252655029297
trimmed,stealthy,4,13,rsna_06,False,20.758020401000977
trimmed,stealthy,4,13,rsna_07,False,19.00422477722168
trimmed,stealthy,4,13,kerm_02,False,23.72646141052246
trimmed,stealthy,4,14,kerm_01,False,23.48090362548828
trimmed,stealthy,4,14,rsna_09,False,23.201745986938477
trimmed,stealthy,4,14,rsna_05,False,33.68305587768555
trimmed,stealthy,4,14,kerm_02,False,23.459932327270508
trimmed,stealthy,4,14,rsna_01,False,24.691017150878906
trimmed,stealthy,4,14,rsna_10,False,22.461936950683594
trimmed,stealthy,4,14,kerm_08,False,25.292144775390625
trimmed,stealthy,4,14,rsna_04,False,20.749862670898438
trimmed,stealthy,4,14,rsna_11,False,20.927186965942383
trimmed,stealthy,4,14,rsna_03,False,30.284151077270508
trimmed,stealthy,4,14,kerm_03,False,23.613449096679688
trimmed,stealthy,4,14,kerm_05,False,20.540889739990234
trimmed,stealthy,4,14,rsna_02,False,30.97347640991211
trimmed,stealthy,4,14,rsna_06,False,19.356603622436523
trimmed,stealthy,4,14,kerm_07,False,25.39982795715332
trimmed,stealthy,4,15,rsna_12,True,34.989891052246094
trimmed,stealthy,4,15,rsna_06,False,19.455320358276367
trimmed,stealthy,4,15,rsna_01,False,24.761558532714844
trimmed,stealthy,4,15,rsna_02,False,24.034196853637695
trimmed,stealthy,4,15,rsna_04,False,24.802589416503906
trimmed,stealthy,4,15,rsna_05,False,30.370506286621094
trimmed,stealthy,4,15,kerm_02,False,26.421096801757812
trimmed,stealthy,4,15,kerm_06,False,22.964967727661133
trimmed,stealthy,4,15,rsna_09,False,19.38934326171875
trimmed,stealthy,4,15,kerm_03,False,19.52543067932129
trimmed,stealthy,4,15,rsna_10,False,22.75734519958496
trimmed,stealthy,4,15,rsna_03,False,23.681116104125977
trimmed,stealthy,4,15,rsna_11,False,18.85073471069336
trimmed,stealthy,4,15,kerm_07,False,23.716358184814453
trimmed,stealthy,4,15,kerm_04,False,21.660053253173828
trimmed,stealthy,4,16,rsna_12,True,30.458356857299805
trimmed,stealthy,4,16,kerm_07,False,23.376802444458008
trimmed,stealthy,4,16,kerm_06,False,23.515321731567383
trimmed,stealthy,4,16,rsna_08,False,36.583892822265625
trimmed,stealthy,4,16,kerm_03,False,21.90875816345215
trimmed,stealthy,4,16,kerm_01,False,27.15934181213379
trimmed,stealthy,4,16,rsna_04,False,22.36517906188965
trimmed,stealthy,4,16,rsna_01,False,33.76439666748047
trimmed,stealthy,4,16,rsna_07,False,27.451061248779297
trimmed,stealthy,4,16,rsna_02,False,27.52310562133789
trimmed,stealthy,4,16,rsna_11,False,19.155149459838867
trimmed,stealthy,4,16,rsna_03,False,28.756750106811523
trimmed,stealthy,4,16,kerm_08,False,26.756214141845703
trimmed,stealthy,4,16,rsna_10,False,19.807462692260742
trimmed,stealthy,4,16,kerm_05,False,22.65517807006836
trimmed,stealthy,4,17,rsna_12,True,31.445438385009766
trimmed,stealthy,4,17,kerm_02,False,20.092103958129883
trimmed,stealthy,4,17,rsna_10,False,19.233232498168945
trimmed,stealthy,4,17,kerm_01,False,31.114601135253906
trimmed,stealthy,4,17,rsna_04,False,25.291168212890625
trimmed,stealthy,4,17,rsna_11,False,19.945430755615234
trimmed,stealthy,4,17,rsna_06,False,28.931812286376953
trimmed,stealthy,4,17,kerm_07,False,22.971805572509766
trimmed,stealthy,4,17,kerm_05,False,22.018779754638672
trimmed,stealthy,4,17,kerm_04,False,22.77349090576172
trimmed,stealthy,4,17,rsna_03,False,25.18942642211914
trimmed,stealthy,4,17,rsna_01,False,28.61914825439453
trimmed,stealthy,4,17,kerm_06,False,25.497285842895508
trimmed,stealthy,4,17,rsna_07,False,30.472814559936523
trimmed,stealthy,4,17,kerm_03,False,25.266836166381836
trimmed,stealthy,4,18,rsna_12,True,36.281070709228516
trimmed,stealthy,4,18,rsna_07,False,34.30986022949219
trimmed,stealthy,4,18,kerm_03,False,21.9733943939209
trimmed,stealthy,4,18,kerm_08,False,29.14655876159668
trimmed,stealthy,4,18,kerm_02,False,24.000974655151367
trimmed,stealthy,4,18,rsna_08,False,41.834617614746094
trimmed,stealthy,4,18,kerm_01,False,30.590166091918945
trimmed,stealthy,4,18,rsna_09,False,22.012142181396484
trimmed,stealthy,4,18,kerm_04,False,20.654813766479492
trimmed,stealthy,4,18,rsna_01,False,27.45655632019043
trimmed,stealthy,4,18,rsna_10,False,19.20205307006836
trimmed,stealthy,4,18,rsna_11,False,20.579055786132812
trimmed,stealthy,4,18,rsna_04,False,20.12006187438965
trimmed,stealthy,4,18,rsna_02,False,26.893903732299805
trimmed,stealthy,4,18,rsna_06,False,23.29438018798828
trimmed,stealthy,4,19,rsna_12,True,26.507131576538086
trimmed,stealthy,4,19,rsna_06,False,20.77530288696289
trimmed,stealthy,4,19,kerm_05,False,21.020034790039062
trimmed,stealthy,4,19,rsna_04,False,26.922590255737305
trimmed,stealthy,4,19,rsna_01,False,28.59686851501465
trimmed,stealthy,4,19,kerm_01,False,24.690692901611328
trimmed,stealthy,4,19,kerm_02,False,23.07128143310547
trimmed,stealthy,4,19,rsna_10,False,24.44796371459961
trimmed,stealthy,4,19,kerm_03,False,20.26165008544922
trimmed,stealthy,4,19,rsna_07,False,20.99770736694336
trimmed,stealthy,4,19,kerm_08,False,29.228914260864258
trimmed,stealthy,4,19,rsna_08,False,28.642419815063477
trimmed,stealthy,4,19,kerm_06,False,23.10243034362793
trimmed,stealthy,4,19,kerm_04,False,20.976652145385742
trimmed,stealthy,4,19,kerm_07,False,26.000429153442383
trimmed,stealthy,4,20,rsna_12,True,27.09139060974121
trimmed,stealthy,4,20,kerm_03,False,20.028228759765625
trimmed,stealthy,4,20,kerm_08,False,24.61474609375
trimmed,stealthy,4,20,rsna_07,False,19.73633575439453
trimmed,stealthy,4,20,kerm_06,False,23.52031135559082
trimmed,stealthy,4,20,rsna_03,False,29.0969181060791
trimmed,stealthy,4,20,rsna_10,False,28.059797286987305
trimmed,stealthy,4,20,rsna_05,False,37.356197357177734
trimmed,stealthy,4,20,rsna_09,False,19.87889862060547
trimmed,stealthy,4,20,rsna_06,False,22.545429229736328
trimmed,stealthy,4,20,rsna_04,False,27.520166397094727
trimmed,stealthy,4,20,rsna_01,False,36.429168701171875
trimmed,stealthy,4,20,kerm_04,False,19.393016815185547
trimmed,stealthy,4,20,rsna_02,False,35.78010177612305
trimmed,stealthy,4,20,rsna_08,False,28.69394874572754
trimmed,stealthy,4,21,rsna_12,True,31.1975040435791
trimmed,stealthy,4,21,rsna_07,False,22.43582534790039
trimmed,stealthy,4,21,kerm_03,False,21.826894760131836
trimmed,stealthy,4,21,rsna_11,False,23.356613159179688
trimmed,stealthy,4,21,rsna_05,False,38.001800537109375
trimmed,stealthy,4,21,kerm_08,False,31.25286865234375
trimmed,stealthy,4,21,rsna_02,False,25.531171798706055
trimmed,stealthy,4,21,rsna_03,False,28.05152130126953
trimmed,stealthy,4,21,rsna_01,False,27.846172332763672
trimmed,stealthy,4,21,rsna_08,False,19.085956573486328
trimmed,stealthy,4,21,kerm_04,False,25.562959671020508
trimmed,stealthy,4,21,rsna_04,False,30.621110916137695
trimmed,stealthy,4,21,kerm_02,False,23.234296798706055
trimmed,stealthy,4,21,rsna_09,False,25.52544403076172
trimmed,stealthy,4,21,kerm_07,False,30.4705753326416
trimmed,stealthy,4,22,rsna_12,True,23.185476303100586
trimmed,stealthy,4,22,rsna_09,False,22.043134689331055
trimmed,stealthy,4,22,kerm_04,False,28.22747039794922
trimmed,stealthy,4,22,kerm_03,False,24.59337615966797
trimmed,stealthy,4,22,kerm_01,False,22.539573669433594
trimmed,stealthy,4,22,rsna_04,False,40.6573371887207
trimmed,stealthy,4,22,rsna_05,False,23.300413131713867
trimmed,stealthy,4,22,kerm_08,False,28.258319854736328
trimmed,stealthy,4,22,kerm_06,False,29.763078689575195
trimmed,stealthy,4,22,rsna_08,False,22.759191513061523
trimmed,stealthy,4,22,rsna_02,False,30.717283248901367
trimmed,stealthy,4,22,kerm_02,False,23.75444984436035
trimmed,stealthy,4,22,rsna_01,False,37.518768310546875
trimmed,stealthy,4,22,rsna_07,False,22.84629249572754
trimmed,stealthy,4,22,rsna_11,False,24.42070198059082
trimmed,stealthy,4,23,rsna_12,True,27.111188888549805
trimmed,stealthy,4,23,kerm_06,False,24.827871322631836
trimmed,stealthy,4,23,rsna_07,False,23.635114669799805
trimmed,stealthy,4,23,rsna_06,False,25.860559463500977
trimmed,stealthy,4,23,kerm_01,False,27.841766357421875
trimmed,stealthy,4,23,rsna_01,False,43.38461685180664
trimmed,stealthy,4,23,rsna_04,False,23.46035385131836
trimmed,stealthy,4,23,rsna_10,False,23.476272583007812
trimmed,stealthy,4,23,kerm_07,False,26.35515022277832
trimmed,stealthy,4,23,kerm_03,False,18.979290008544922
trimmed,stealthy,4,23,kerm_04,False,20.102481842041016
trimmed,stealthy,4,23,rsna_11,False,23.284059524536133
trimmed,stealthy,4,23,rsna_09,False,21.85580825805664
trimmed,stealthy,4,23,rsna_02,False,28.007352828979492
trimmed,stealthy,4,23,rsna_05,False,24.17879867553711
trimmed,stealthy,4,24,rsna_12,True,34.85508728027344
trimmed,stealthy,4,24,rsna_10,False,29.77168083190918
trimmed,stealthy,4,24,rsna_06,False,30.342391967773438
trimmed,stealthy,4,24,kerm_06,False,28.25745391845703
trimmed,stealthy,4,24,rsna_02,False,29.39091682434082
trimmed,stealthy,4,24,rsna_04,False,26.664161682128906
trimmed,stealthy,4,24,rsna_09,False,37.121952056884766
trimmed,stealthy,4,24,kerm_08,False,30.054914474487305
trimmed,stealthy,4,24,kerm_07,False,24.157154083251953
trimmed,stealthy,4,24,kerm_03,False,22.6357479095459
trimmed,stealthy,4,24,kerm_04,False,28.184932708740234
trimmed,stealthy,4,24,kerm_02,False,22.325267791748047
trimmed,stealthy,4,24,rsna_01,False,39.37335968017578
trimmed,stealthy,4,24,kerm_05,False,19.82239532470703
trimmed,stealthy,4,24,rsna_07,False,21.82356071472168
trimmed,stealthy,4,25,rsna_12,True,24.4952335357666
trimmed,stealthy,4,25,rsna_02,False,26.348928451538086
trimmed,stealthy,4,25,kerm_08,False,28.691471099853516
trimmed,stealthy,4,25,kerm_07,False,24.483312606811523
trimmed,stealthy,4,25,kerm_05,False,20.63279914855957
trimmed,stealthy,4,25,rsna_09,False,18.831315994262695
trimmed,stealthy,4,25,rsna_07,False,20.577131271362305
trimmed,stealthy,4,25,rsna_04,False,25.533344268798828
trimmed,stealthy,4,25,rsna_03,False,40.5720100402832
trimmed,stealthy,4,25,kerm_06,False,26.4266300201416
trimmed,stealthy,4,25,kerm_01,False,24.834518432617188
trimmed,stealthy,4,25,kerm_02,False,25.868507385253906
trimmed,stealthy,4,25,rsna_10,False,26.512474060058594
trimmed,stealthy,4,25,rsna_11,False,21.999818801879883
trimmed,stealthy,4,25,rsna_01,False,37.22808074951172
trimmed,stealthy,4,26,rsna_12,True,27.278520584106445
trimmed,stealthy,4,26,kerm_07,False,26.60931968688965
trimmed,stealthy,4,26,kerm_05,False,23.146677017211914
trimmed,stealthy,4,26,rsna_09,False,20.216217041015625
trimmed,stealthy,4,26,rsna_06,False,26.19883918762207
trimmed,stealthy,4,26,kerm_01,False,22.169633865356445
trimmed,stealthy,4,26,kerm_04,False,23.36986541748047
trimmed,stealthy,4,26,rsna_02,False,28.23198127746582
trimmed,stealthy,4,26,kerm_02,False,31.02621841430664
trimmed,stealthy,4,26,rsna_07,False,23.7539005279541
trimmed,stealthy,4,26,rsna_01,False,34.00178146362305
trimmed,stealthy,4,26,kerm_06,False,25.18894386291504
trimmed,stealthy,4,26,rsna_05,False,30.88553810119629
trimmed,stealthy,4,26,kerm_08,False,29.439361572265625
trimmed,stealthy,4,26,rsna_04,False,22.579479217529297
trimmed,stealthy,4,27,rsna_12,True,23.4990177154541
trimmed,stealthy,4,27,rsna_03,False,25.65214729309082
trimmed,stealthy,4,27,kerm_02,False,21.557594299316406
trimmed,stealthy,4,27,kerm_06,False,26.934110641479492
trimmed,stealthy,4,27,kerm_04,False,32.9908447265625
trimmed,stealthy,4,27,rsna_09,False,21.324262619018555
trimmed,stealthy,4,27,rsna_01,False,34.11740493774414
trimmed,stealthy,4,27,rsna_08,False,22.601308822631836
trimmed,stealthy,4,27,rsna_05,False,24.64691925048828
trimmed,stealthy,4,27,kerm_07,False,31.076021194458008
trimmed,stealthy,4,27,kerm_08,False,31.726530075073242
trimmed,stealthy,4,27,rsna_04,False,24.191823959350586
trimmed,stealthy,4,27,rsna_02,False,38.60896682739258
trimmed,stealthy,4,27,kerm_01,False,25.595500946044922
trimmed,stealthy,4,27,kerm_03,False,34.38969421386719
trimmed,stealthy,4,28,rsna_12,True,26.758235931396484
trimmed,stealthy,4,28,rsna_01,False,29.334232330322266
trimmed,stealthy,4,28,kerm_08,False,32.78519058227539
trimmed,stealthy,4,28,rsna_05,False,31.35832977294922
trimmed,stealthy,4,28,rsna_07,False,23.28792953491211
trimmed,stealthy,4,28,rsna_08,False,27.11064910888672
trimmed,stealthy,4,28,rsna_03,False,32.38452911376953
trimmed,stealthy,4,28,rsna_09,False,26.466012954711914
trimmed,stealthy,4,28,rsna_11,False,30.737112045288086
trimmed,stealthy,4,28,rsna_02,False,31.848461151123047
trimmed,stealthy,4,28,kerm_07,False,23.42145347595215
trimmed,stealthy,4,28,kerm_02,False,25.331205368041992
trimmed,stealthy,4,28,rsna_04,False,22.452177047729492
trimmed,stealthy,4,28,kerm_05,False,24.05448341369629
trimmed,stealthy,4,28,kerm_04,False,28.83661460876465
trimmed,stealthy,4,29,rsna_12,True,27.76681900024414
trimmed,stealthy,4,29,rsna_01,False,33.703346252441406
trimmed,stealthy,4,29,rsna_11,False,25.047456741333008
trimmed,stealthy,4,29,kerm_01,False,27.23445701599121
trimmed,stealthy,4,29,rsna_02,False,54.64053726196289
trimmed,stealthy,4,29,rsna_05,False,29.05906867980957
trimmed,stealthy,4,29,kerm_05,False,25.971576690673828
trimmed,stealthy,4,29,rsna_03,False,39.844451904296875
trimmed,stealthy,4,29,rsna_09,False,20.786155700683594
trimmed,stealthy,4,29,kerm_06,False,28.39628028869629
trimmed,stealthy,4,29,rsna_06,False,24.82590675354004
trimmed,stealthy,4,29,kerm_08,False,33.79939651489258
trimmed,stealthy,4,29,kerm_02,False,24.881223678588867
trimmed,stealthy,4,29,rsna_04,False,24.025550842285156
trimmed,stealthy,4,29,rsna_10,False,24.34873390197754
trimmed,stealthy,4,30,rsna_12,True,26.822978973388672
trimmed,stealthy,4,30,rsna_11,False,24.26957130432129
trimmed,stealthy,4,30,rsna_03,False,31.41615867614746
trimmed,stealthy,4,30,rsna_01,False,49.37053298950195
trimmed,stealthy,4,30,rsna_08,False,48.76982498168945
trimmed,stealthy,4,30,kerm_07,False,29.845413208007812
trimmed,stealthy,4,30,kerm_01,False,24.955936431884766
trimmed,stealthy,4,30,rsna_07,False,31.24248504638672
trimmed,stealthy,4,30,rsna_05,False,24.60350799560547
trimmed,stealthy,4,30,rsna_09,False,24.64752769470215
trimmed,stealthy,4,30,kerm_05,False,30.343364715576172
trimmed,stealthy,4,30,rsna_02,False,46.46463394165039
trimmed,stealthy,4,30,kerm_04,False,29.240299224853516
trimmed,stealthy,4,30,kerm_02,False,24.867584228515625
trimmed,stealthy,4,30,rsna_06,False,21.587556838989258
